#ifdef __has_include
#if __has_include("lvgl.h")
#ifndef LV_LVGL_H_INCLUDE_SIMPLE
#define LV_LVGL_H_INCLUDE_SIMPLE
#endif
#endif
#endif

#if defined(LV_LVGL_H_INCLUDE_SIMPLE)
#include "lvgl.h"
#else
#include "lvgl/lvgl.h"
#endif

#ifndef LV_ATTRIBUTE_MEM_ALIGN
#define LV_ATTRIBUTE_MEM_ALIGN
#endif

#ifndef LV_ATTRIBUTE_IMAGE_ICON_MOMENTS
#define LV_ATTRIBUTE_IMAGE_ICON_MOMENTS
#endif

const LV_ATTRIBUTE_MEM_ALIGN LV_ATTRIBUTE_LARGE_CONST LV_ATTRIBUTE_IMAGE_ICON_MOMENTS uint8_t icon_moments_map[] = {
    0xa3, 0x10, 0xa3, 0x10, 0xa3, 0x10, 0xa3, 0x10, 0xa3, 0x10, 0xa3, 0x10, 0xa3, 0x10, 0xa3, 0x10, 0xa3, 0x10, 0xa3,
    0x10, 0xa3, 0x10, 0xa3, 0x10, 0xa3, 0x10, 0xa3, 0x10, 0xa3, 0x10, 0xa3, 0x10, 0xa3, 0x10, 0xa3, 0x10, 0xa3, 0x10,
    0xa3, 0x10, 0xa3, 0x10, 0xa3, 0x10, 0xa3, 0x10, 0xa3, 0x10, 0xa3, 0x10, 0xa3, 0x10, 0xa3, 0x10, 0xa3, 0x10, 0xa3,
    0x10, 0xa3, 0x10, 0xa3, 0x10, 0xa3, 0x10, 0xa3, 0x10, 0xa3, 0x10, 0xa3, 0x10, 0xa3, 0x10, 0xa3, 0x10, 0xa3, 0x10,
    0xa3, 0x10, 0xa3, 0x10, 0xa3, 0x10, 0xa3, 0x10, 0xa3, 0x10, 0xa3, 0x10, 0xa3, 0x10, 0xa3, 0x10, 0xa3, 0x10, 0xa3,
    0x10, 0xa3, 0x10, 0xa3, 0x10, 0xa3, 0x10, 0xa3, 0x10, 0xa3, 0x10, 0xa3, 0x10, 0xa3, 0x10, 0xa3, 0x10, 0xa3, 0x10,
    0xa3, 0x10, 0xa3, 0x10, 0xa3, 0x10, 0xa3, 0x10, 0xa3, 0x10, 0xa3, 0x10, 0xa3, 0x10, 0xa3, 0x10, 0xa3, 0x10, 0xa3,
    0x10, 0xa3, 0x10, 0xa3, 0x10, 0xa3, 0x10, 0xa3, 0x10, 0xa3, 0x10, 0xa3, 0x10, 0xa3, 0x10, 0xa3, 0x10, 0xa3, 0x10,
    0xa3, 0x10, 0xa3, 0x10, 0xa3, 0x10, 0xa3, 0x10, 0xa3, 0x10, 0xa3, 0x10, 0xa3, 0x10, 0xa3, 0x10, 0xa3, 0x10, 0xa3,
    0x10, 0xa3, 0x10, 0xa3, 0x10, 0xa3, 0x10, 0xa3, 0x10, 0xa3, 0x10, 0xa3, 0x10, 0xa3, 0x10, 0xa3, 0x10, 0xa3, 0x10,
    0xa3, 0x10, 0xa3, 0x10, 0xa3, 0x10, 0xa3, 0x10, 0xa3, 0x10, 0xa3, 0x10, 0xa3, 0x10, 0xa3, 0x10, 0xa3, 0x10, 0xa3,
    0x10, 0xa3, 0x10, 0xa3, 0x10, 0xa3, 0x10, 0xa3, 0x10, 0xa3, 0x10, 0xa3, 0x10, 0xa3, 0x10, 0xa3, 0x10, 0xa3, 0x10,
    0xa3, 0x10, 0xa3, 0x10, 0xa3, 0x10, 0xa3, 0x10, 0xa3, 0x10, 0xa3, 0x10, 0xa3, 0x10, 0xa3, 0x10, 0xa3, 0x10, 0xa3,
    0x10, 0xa3, 0x10, 0xa3, 0x10, 0xa3, 0x10, 0xa3, 0x10, 0xa3, 0x10, 0xa3, 0x10, 0xa3, 0x10, 0xa3, 0x10, 0xa3, 0x10,
    0xa3, 0x10, 0xa3, 0x10, 0xa3, 0x10, 0xa3, 0x10, 0xa3, 0x10, 0xa3, 0x10, 0xa3, 0x10, 0xa3, 0x10, 0xa3, 0x10, 0xa3,
    0x10, 0xa3, 0x10, 0xa3, 0x10, 0xa3, 0x10, 0xa3, 0x10, 0xa3, 0x10, 0xa3, 0x10, 0xa3, 0x10, 0xa3, 0x10, 0xa3, 0x10,
    0xa3, 0x10, 0xa3, 0x10, 0xa3, 0x10, 0xa3, 0x10, 0xa3, 0x10, 0xa3, 0x10, 0xa3, 0x10, 0xa3, 0x10, 0xa3, 0x10, 0xa3,
    0x10, 0xa3, 0x10, 0xa3, 0x10, 0xa3, 0x10, 0xa3, 0x10, 0xa3, 0x10, 0xa3, 0x10, 0xa3, 0x10, 0xa3, 0x10, 0xa3, 0x10,
    0xa3, 0x10, 0xa3, 0x10, 0xa3, 0x10, 0xa3, 0x10, 0xa3, 0x10, 0xa3, 0x10, 0xa3, 0x10, 0xa3, 0x10, 0xa3, 0x10, 0xa3,
    0x10, 0xa3, 0x10, 0xa3, 0x10, 0xa3, 0x10, 0xa3, 0x10, 0xa3, 0x10, 0xa3, 0x10, 0xa3, 0x10, 0xa3, 0x10, 0xa3, 0x10,
    0xa3, 0x10, 0xa3, 0x10, 0xa3, 0x10, 0xa3, 0x10, 0xa3, 0x10, 0xa3, 0x10, 0xa3, 0x10, 0xa3, 0x10, 0xa3, 0x10, 0xa3,
    0x10, 0xa3, 0x10, 0xa3, 0x10, 0xa3, 0x10, 0xa3, 0x10, 0xa3, 0x10, 0xa3, 0x10, 0xa3, 0x10, 0xa3, 0x10, 0xa3, 0x10,
    0xa3, 0x10, 0xa3, 0x10, 0xa3, 0x10, 0xa3, 0x10, 0xa3, 0x10, 0xa3, 0x10, 0xa3, 0x10, 0xa3, 0x10, 0xa3, 0x10, 0xa3,
    0x10, 0xa3, 0x10, 0xa3, 0x10, 0xa3, 0x10, 0xa3, 0x10, 0xa3, 0x10, 0xa3, 0x10, 0xa3, 0x10, 0xa3, 0x10, 0xa3, 0x10,
    0xa3, 0x10, 0xa3, 0x10, 0xa3, 0x10, 0xa3, 0x10, 0xa3, 0x10, 0xa3, 0x10, 0xa3, 0x10, 0xa3, 0x10, 0xa3, 0x10, 0xa3,
    0x10, 0xa3, 0x10, 0xa3, 0x10, 0xa3, 0x10, 0xa3, 0x10, 0xa3, 0x10, 0xa3, 0x10, 0xa3, 0x10, 0xa3, 0x10, 0xa3, 0x10,
    0xa3, 0x10, 0xa3, 0x10, 0xa3, 0x10, 0xa3, 0x10, 0xa3, 0x10, 0xa3, 0x10, 0xa3, 0x10, 0xa3, 0x10, 0xa3, 0x10, 0xa3,
    0x10, 0xa3, 0x10, 0xa3, 0x10, 0xa3, 0x10, 0xa3, 0x10, 0xa3, 0x10, 0xa3, 0x10, 0xa3, 0x10, 0xa3, 0x10, 0xa3, 0x10,
    0xa3, 0x10, 0xa3, 0x10, 0xa3, 0x10, 0xa3, 0x10, 0xa3, 0x10, 0xa3, 0x10, 0xa3, 0x10, 0xa3, 0x10, 0xa3, 0x10, 0xa3,
    0x10, 0xa3, 0x10, 0xa3, 0x10, 0xa3, 0x10, 0xa3, 0x10, 0xa3, 0x10, 0xa3, 0x10, 0xa3, 0x10, 0xa3, 0x10, 0xa3, 0x10,
    0xa3, 0x10, 0xa3, 0x10, 0xa3, 0x10, 0xa3, 0x10, 0xa3, 0x10, 0xa3, 0x10, 0xa3, 0x10, 0xa3, 0x10, 0xa3, 0x10, 0xa3,
    0x10, 0xa3, 0x10, 0xa3, 0x10, 0xa3, 0x10, 0xa3, 0x10, 0xa3, 0x10, 0xa3, 0x10, 0xa3, 0x10, 0xa3, 0x10, 0xa3, 0x10,
    0xa3, 0x10, 0xa3, 0x10, 0xa3, 0x10, 0xa3, 0x10, 0xa3, 0x10, 0xa3, 0x10, 0xa3, 0x10, 0xa3, 0x10, 0xa3, 0x10, 0xa3,
    0x10, 0xa3, 0x10, 0xa3, 0x10, 0xa3, 0x10, 0xa3, 0x10, 0xa3, 0x10, 0xa3, 0x10, 0xa3, 0x10, 0xa3, 0x10, 0xa3, 0x10,
    0xa3, 0x10, 0xa3, 0x10, 0xa3, 0x10, 0xa3, 0x10, 0xa3, 0x10, 0xa3, 0x10, 0xa3, 0x10, 0xa3, 0x10, 0xa3, 0x10, 0xa3,
    0x10, 0xa3, 0x10, 0xa3, 0x10, 0xa3, 0x10, 0xa3, 0x10, 0xa3, 0x10, 0xa3, 0x10, 0xa3, 0x10, 0xa3, 0x10, 0xa3, 0x10,
    0xa3, 0x10, 0xa3, 0x10, 0xa3, 0x10, 0xa3, 0x10, 0xa3, 0x10, 0xa3, 0x10, 0xa3, 0x10, 0xa3, 0x10, 0xa3, 0x10, 0xa3,
    0x10, 0xa3, 0x10, 0xa3, 0x10, 0xa3, 0x10, 0xa3, 0x10, 0xa3, 0x10, 0xa3, 0x10, 0xa3, 0x10, 0xa3, 0x10, 0xa3, 0x10,
    0xa3, 0x10, 0xa3, 0x10, 0xa3, 0x10, 0xa3, 0x10, 0xa3, 0x10, 0xa3, 0x10, 0xa3, 0x10, 0xa3, 0x10, 0xa3, 0x10, 0xa3,
    0x10, 0xa3, 0x10, 0xa3, 0x10, 0xa3, 0x10, 0xa3, 0x10, 0xa3, 0x10, 0xa3, 0x10, 0xa3, 0x10, 0xa3, 0x10, 0xa3, 0x10,
    0xa3, 0x10, 0xa3, 0x10, 0xa3, 0x10, 0xa3, 0x10, 0xa3, 0x10, 0xa3, 0x10, 0xa3, 0x10, 0xa3, 0x10, 0xa3, 0x10, 0xa3,
    0x10, 0xa3, 0x10, 0xa3, 0x10, 0xa3, 0x10, 0xa3, 0x10, 0xa3, 0x10, 0xa3, 0x10, 0xa3, 0x10, 0xa3, 0x10, 0xa3, 0x10,
    0xa3, 0x10, 0xa3, 0x10, 0xa3, 0x10, 0xa3, 0x10, 0xa3, 0x10, 0xa3, 0x10, 0xa3, 0x10, 0xa3, 0x10, 0xa3, 0x10, 0xa3,
    0x10, 0xa3, 0x10, 0xa3, 0x10, 0xa3, 0x10, 0xa3, 0x10, 0xa3, 0x10, 0xa3, 0x10, 0xa3, 0x10, 0xa3, 0x10, 0xa3, 0x10,
    0xa3, 0x10, 0xa3, 0x10, 0xa3, 0x10, 0xa3, 0x10, 0xa3, 0x10, 0xa3, 0x10, 0xa3, 0x10, 0xa3, 0x10, 0xa3, 0x10, 0xa3,
    0x10, 0xa3, 0x10, 0xa3, 0x10, 0xa3, 0x10, 0xa3, 0x10, 0xa3, 0x10, 0xa3, 0x10, 0xa3, 0x10, 0xa3, 0x10, 0xa3, 0x10,
    0xa3, 0x10, 0xa3, 0x10, 0xa3, 0x10, 0xa3, 0x10, 0xa3, 0x10, 0xa3, 0x10, 0xa3, 0x10, 0xa3, 0x10, 0xa3, 0x10, 0xa3,
    0x10, 0xa3, 0x10, 0xa3, 0x10, 0xa3, 0x10, 0xa3, 0x10, 0xa3, 0x10, 0xa3, 0x10, 0xa3, 0x10, 0xa3, 0x10, 0xa3, 0x10,
    0xa3, 0x10, 0xa3, 0x10, 0xa3, 0x10, 0xa3, 0x10, 0xa3, 0x10, 0xa3, 0x10, 0xa3, 0x10, 0xa3, 0x10, 0xa3, 0x10, 0xa3,
    0x10, 0xa3, 0x10, 0xa3, 0x10, 0xa3, 0x10, 0xa3, 0x10, 0xa3, 0x10, 0xa3, 0x10, 0xa3, 0x10, 0xa3, 0x10, 0xa3, 0x10,
    0xa3, 0x10, 0xa3, 0x10, 0xa3, 0x10, 0xa3, 0x10, 0xa3, 0x10, 0xa3, 0x10, 0xa3, 0x10, 0xa3, 0x10, 0xa3, 0x10, 0xa3,
    0x10, 0xa3, 0x10, 0xa3, 0x10, 0xa3, 0x10, 0xa3, 0x10, 0xa3, 0x10, 0xa3, 0x10, 0xa3, 0x10, 0xa3, 0x10, 0xa3, 0x10,
    0xa3, 0x10, 0xa3, 0x10, 0xa3, 0x10, 0xa3, 0x10, 0xa3, 0x10, 0xa3, 0x10, 0xa3, 0x10, 0xa3, 0x10, 0xa3, 0x10, 0xa3,
    0x10, 0xa3, 0x10, 0xa3, 0x10, 0xa3, 0x10, 0xa3, 0x10, 0xa3, 0x10, 0xa3, 0x10, 0xa3, 0x10, 0xa3, 0x10, 0xa3, 0x10,
    0xa3, 0x10, 0xa3, 0x10, 0xa3, 0x10, 0xa3, 0x10, 0xa3, 0x10, 0xa3, 0x10, 0xa3, 0x10, 0xa3, 0x10, 0xa3, 0x10, 0xa3,
    0x10, 0xa3, 0x10, 0xa3, 0x10, 0xa3, 0x10, 0xa3, 0x10, 0xa3, 0x10, 0xa3, 0x10, 0xa3, 0x10, 0xa3, 0x10, 0xa3, 0x10,
    0xa3, 0x10, 0xa3, 0x10, 0xa3, 0x10, 0xa3, 0x10, 0xa3, 0x10, 0xa3, 0x10, 0xa3, 0x10, 0xa3, 0x10, 0xa3, 0x10, 0xa3,
    0x10, 0xa3, 0x10, 0xa3, 0x10, 0xa3, 0x10, 0xa3, 0x10, 0xa3, 0x10, 0xa3, 0x10, 0xa3, 0x10, 0xa3, 0x10, 0xa3, 0x10,
    0xa3, 0x10, 0xa3, 0x10, 0xa3, 0x10, 0xa3, 0x10, 0xa3, 0x10, 0xa3, 0x10, 0xa3, 0x10, 0xa3, 0x10, 0xa3, 0x10, 0xa3,
    0x10, 0xa3, 0x10, 0xa3, 0x10, 0xa3, 0x10, 0xa3, 0x10, 0xa3, 0x10, 0xa3, 0x10, 0xa3, 0x10, 0xa3, 0x10, 0xa3, 0x10,
    0xa3, 0x10, 0xa3, 0x10, 0xa3, 0x10, 0xa3, 0x10, 0xa3, 0x10, 0xa3, 0x10, 0xa3, 0x10, 0xa3, 0x10, 0xa3, 0x10, 0xa3,
    0x10, 0xa3, 0x10, 0xa3, 0x10, 0xa3, 0x10, 0xa3, 0x10, 0xa3, 0x10, 0xa3, 0x10, 0xa3, 0x10, 0xa3, 0x10, 0xa3, 0x10,
    0xa3, 0x10, 0xa3, 0x10, 0xa3, 0x10, 0xa3, 0x10, 0xa3, 0x10, 0xa3, 0x10, 0xa3, 0x10, 0xa3, 0x10, 0xa3, 0x10, 0xa3,
    0x10, 0xa3, 0x10, 0xa3, 0x10, 0xa3, 0x10, 0xa3, 0x10, 0xa3, 0x10, 0xa3, 0x10, 0xa3, 0x10, 0xa3, 0x10, 0xa3, 0x10,
    0xa3, 0x10, 0xa3, 0x10, 0xa3, 0x10, 0xa3, 0x10, 0xa3, 0x10, 0xa3, 0x10, 0xa3, 0x10, 0xa3, 0x10, 0xa3, 0x10, 0xa3,
    0x10, 0xa3, 0x10, 0xa3, 0x10, 0xa3, 0x10, 0xa3, 0x10, 0xa3, 0x10, 0xa3, 0x10, 0xa3, 0x10, 0xa3, 0x10, 0xa3, 0x10,
    0xa3, 0x10, 0xa3, 0x10, 0xa3, 0x10, 0xa3, 0x10, 0xa3, 0x10, 0xa3, 0x10, 0xa3, 0x10, 0xa3, 0x10, 0xa3, 0x10, 0xa3,
    0x10, 0xa3, 0x10, 0xa3, 0x10, 0xa3, 0x10, 0xa3, 0x10, 0xa3, 0x10, 0xa3, 0x10, 0xa3, 0x10, 0xa3, 0x10, 0xa3, 0x10,
    0xa3, 0x10, 0xa3, 0x10, 0xa3, 0x10, 0xa3, 0x10, 0xa3, 0x10, 0xa3, 0x10, 0xa3, 0x10, 0xa3, 0x10, 0xa3, 0x10, 0xa3,
    0x10, 0xa3, 0x10, 0xa3, 0x10, 0xa3, 0x10, 0xa3, 0x10, 0xa3, 0x10, 0xa3, 0x10, 0xa3, 0x10, 0xa3, 0x10, 0xa3, 0x10,
    0xa3, 0x10, 0xa3, 0x10, 0xa3, 0x10, 0xa3, 0x10, 0xa3, 0x10, 0xa3, 0x10, 0xa3, 0x10, 0xa3, 0x10, 0xa3, 0x10, 0xa3,
    0x10, 0xa3, 0x10, 0xa3, 0x10, 0xa3, 0x10, 0xa3, 0x10, 0xa3, 0x10, 0xa3, 0x10, 0xa3, 0x10, 0xa3, 0x10, 0xa3, 0x10,
    0xa3, 0x10, 0xa3, 0x10, 0xa3, 0x10, 0xa3, 0x10, 0xa3, 0x10, 0xa3, 0x10, 0xa3, 0x10, 0xa3, 0x10, 0xa3, 0x10, 0xa3,
    0x10, 0xa3, 0x10, 0xa3, 0x10, 0xa3, 0x10, 0xa3, 0x10, 0xa3, 0x10, 0xa3, 0x10, 0xa3, 0x10, 0xa3, 0x10, 0xa3, 0x10,
    0xa3, 0x10, 0xa3, 0x10, 0xa3, 0x10, 0xa3, 0x10, 0xa3, 0x10, 0xa3, 0x10, 0xa3, 0x10, 0xa3, 0x10, 0xa3, 0x10, 0xa3,
    0x10, 0xa3, 0x10, 0xa3, 0x10, 0xa3, 0x10, 0xa3, 0x10, 0xa3, 0x10, 0xa3, 0x10, 0xa3, 0x10, 0xa3, 0x10, 0xa3, 0x10,
    0xa3, 0x10, 0xa3, 0x10, 0xa3, 0x10, 0xa3, 0x10, 0xa3, 0x10, 0xa3, 0x10, 0xa3, 0x10, 0xa3, 0x10, 0xa3, 0x10, 0xa3,
    0x10, 0xa3, 0x10, 0xa3, 0x10, 0xa3, 0x10, 0xa3, 0x10, 0xa3, 0x10, 0xa3, 0x10, 0xa3, 0x10, 0xa3, 0x10, 0xa3, 0x10,
    0xa3, 0x10, 0xa3, 0x10, 0xa3, 0x10, 0xa3, 0x10, 0xa3, 0x10, 0xa3, 0x10, 0xa3, 0x10, 0xa3, 0x10, 0xa3, 0x10, 0xa3,
    0x10, 0xa3, 0x10, 0xa3, 0x10, 0xa3, 0x10, 0xa3, 0x10, 0xa3, 0x10, 0xa3, 0x10, 0xa3, 0x10, 0xa3, 0x10, 0xa3, 0x10,
    0xa3, 0x10, 0xa3, 0x10, 0xa3, 0x10, 0xa3, 0x10, 0xa3, 0x10, 0xa3, 0x10, 0xa3, 0x10, 0xa3, 0x10, 0xa3, 0x10, 0xa3,
    0x10, 0xa3, 0x10, 0xa3, 0x10, 0xa3, 0x10, 0xa3, 0x10, 0xa3, 0x10, 0xa3, 0x10, 0xa3, 0x10, 0xa3, 0x10, 0xa3, 0x10,
    0xa3, 0x10, 0xa3, 0x10, 0xa3, 0x10, 0xa3, 0x10, 0xa3, 0x10, 0xa3, 0x10, 0xa3, 0x10, 0xa3, 0x10, 0xa3, 0x10, 0xa3,
    0x10, 0xa3, 0x10, 0xa3, 0x10, 0xa3, 0x10, 0xa3, 0x10, 0xa3, 0x10, 0xa3, 0x10, 0xa3, 0x10, 0xa3, 0x10, 0xa3, 0x10,
    0xa3, 0x10, 0xa3, 0x10, 0xa3, 0x10, 0xa3, 0x10, 0xa3, 0x10, 0xa3, 0x10, 0xa3, 0x10, 0xa3, 0x10, 0xa3, 0x10, 0xa3,
    0x10, 0xa3, 0x10, 0xa3, 0x10, 0xa3, 0x10, 0xa3, 0x10, 0xa3, 0x10, 0xa3, 0x10, 0xa3, 0x10, 0xa3, 0x10, 0xa3, 0x10,
    0xa3, 0x10, 0xa3, 0x10, 0xa3, 0x10, 0xa3, 0x10, 0xa3, 0x10, 0xa3, 0x10, 0xa3, 0x10, 0xa3, 0x10, 0xa3, 0x10, 0xa3,
    0x10, 0xa3, 0x10, 0xa3, 0x10, 0xa3, 0x10, 0xa3, 0x10, 0xa3, 0x10, 0xa3, 0x10, 0xa3, 0x10, 0xa3, 0x10, 0xa3, 0x10,
    0xa3, 0x10, 0xa3, 0x10, 0xa3, 0x10, 0xa3, 0x10, 0xa3, 0x10, 0xa3, 0x10, 0xa3, 0x10, 0xa3, 0x10, 0xa3, 0x10, 0xa3,
    0x10, 0xa3, 0x10, 0xa3, 0x10, 0xa3, 0x10, 0xa3, 0x10, 0xa3, 0x10, 0xa3, 0x10, 0xa3, 0x10, 0xa3, 0x10, 0xa3, 0x10,
    0xa3, 0x10, 0xa3, 0x10, 0xa3, 0x10, 0xa3, 0x10, 0xa3, 0x10, 0xa3, 0x10, 0xa3, 0x10, 0xa3, 0x10, 0xa3, 0x10, 0xa3,
    0x10, 0xa3, 0x10, 0xa3, 0x10, 0xa3, 0x10, 0xa3, 0x10, 0xa3, 0x10, 0xa3, 0x10, 0xa3, 0x10, 0xa3, 0x10, 0xa3, 0x10,
    0xa3, 0x10, 0xa3, 0x10, 0xa3, 0x10, 0xa3, 0x10, 0xa3, 0x10, 0xa3, 0x10, 0xa3, 0x10, 0xa3, 0x10, 0xa3, 0x10, 0xa3,
    0x10, 0xa3, 0x10, 0xa3, 0x10, 0xa3, 0x10, 0xa3, 0x10, 0xa3, 0x10, 0xa3, 0x10, 0xa3, 0x10, 0xa3, 0x10, 0xa3, 0x10,
    0xa3, 0x10, 0xa3, 0x10, 0xa3, 0x10, 0xa3, 0x10, 0xa3, 0x10, 0xa3, 0x10, 0xa3, 0x10, 0xa3, 0x10, 0xa3, 0x10, 0xa3,
    0x10, 0xa3, 0x10, 0xa3, 0x10, 0xa3, 0x10, 0xa3, 0x10, 0xa3, 0x10, 0xa3, 0x10, 0xa3, 0x10, 0xa3, 0x10, 0xa3, 0x10,
    0xa3, 0x10, 0xa3, 0x10, 0xa3, 0x10, 0xa3, 0x10, 0xa3, 0x10, 0xa3, 0x10, 0xa3, 0x10, 0xa3, 0x10, 0xa3, 0x10, 0xa3,
    0x10, 0xa3, 0x10, 0xa3, 0x10, 0xa3, 0x10, 0xa3, 0x10, 0xa3, 0x10, 0xa3, 0x10, 0xa3, 0x10, 0xa3, 0x10, 0xa3, 0x10,
    0xa3, 0x10, 0xa3, 0x10, 0xa3, 0x10, 0xa3, 0x10, 0xa3, 0x10, 0xa3, 0x10, 0xa3, 0x10, 0xa3, 0x10, 0xa3, 0x10, 0xa3,
    0x10, 0xa3, 0x10, 0xa3, 0x10, 0xa3, 0x10, 0xa3, 0x10, 0xa3, 0x10, 0xa3, 0x10, 0xa3, 0x10, 0xa3, 0x10, 0xa3, 0x10,
    0xa3, 0x10, 0xa3, 0x10, 0xa3, 0x10, 0xa3, 0x10, 0xa3, 0x10, 0xa3, 0x10, 0xa3, 0x10, 0xa3, 0x10, 0xa3, 0x10, 0xa3,
    0x10, 0xa3, 0x10, 0xa3, 0x10, 0xa3, 0x10, 0xa3, 0x10, 0xa3, 0x10, 0xa3, 0x10, 0xa3, 0x10, 0xa3, 0x10, 0xa3, 0x10,
    0xa3, 0x10, 0xa3, 0x10, 0xa3, 0x10, 0xa3, 0x10, 0xa3, 0x10, 0xa3, 0x10, 0xa3, 0x10, 0xa3, 0x10, 0xa3, 0x10, 0xa3,
    0x10, 0xa3, 0x10, 0xa3, 0x10, 0xa3, 0x10, 0xa3, 0x10, 0xa3, 0x10, 0xa3, 0x10, 0xa3, 0x10, 0xa3, 0x10, 0xa3, 0x10,
    0xa3, 0x10, 0xa3, 0x10, 0xa3, 0x10, 0xa3, 0x10, 0xa3, 0x10, 0xa3, 0x10, 0xa3, 0x10, 0xa3, 0x10, 0xa3, 0x10, 0xa3,
    0x10, 0xa3, 0x10, 0xa3, 0x10, 0xa3, 0x10, 0xa3, 0x10, 0xa3, 0x10, 0xa3, 0x10, 0xa3, 0x10, 0xa3, 0x10, 0xa3, 0x10,
    0xa3, 0x10, 0xa3, 0x10, 0xa3, 0x10, 0xa3, 0x10, 0xa3, 0x10, 0xa3, 0x10, 0xa3, 0x10, 0xa3, 0x10, 0xa3, 0x10, 0xa3,
    0x10, 0xa3, 0x10, 0xa3, 0x10, 0xa3, 0x10, 0xa3, 0x10, 0xa3, 0x10, 0xa3, 0x10, 0xa3, 0x10, 0xa3, 0x10, 0xa3, 0x10,
    0xa3, 0x10, 0xa3, 0x10, 0xa3, 0x10, 0xa3, 0x10, 0xa3, 0x10, 0xa3, 0x10, 0xa3, 0x10, 0xa3, 0x10, 0xa3, 0x10, 0xa3,
    0x10, 0xa3, 0x10, 0xa3, 0x10, 0xa3, 0x10, 0xa3, 0x10, 0xa3, 0x10, 0xa3, 0x10, 0xa3, 0x10, 0xa3, 0x10, 0xa3, 0x10,
    0xa3, 0x10, 0xa3, 0x10, 0xa3, 0x10, 0xa3, 0x10, 0xa3, 0x10, 0xa3, 0x10, 0xa3, 0x10, 0xa3, 0x10, 0xa3, 0x10, 0xa3,
    0x10, 0xa3, 0x10, 0xa3, 0x10, 0xa3, 0x10, 0xa3, 0x10, 0xa3, 0x10, 0xa3, 0x10, 0xa3, 0x10, 0xa3, 0x10, 0xa3, 0x10,
    0xa3, 0x10, 0xa3, 0x10, 0xa3, 0x10, 0xa3, 0x10, 0xa3, 0x10, 0xa3, 0x10, 0xa3, 0x10, 0xa3, 0x10, 0xa3, 0x10, 0xa3,
    0x10, 0xa3, 0x10, 0xa3, 0x10, 0xa3, 0x10, 0xa3, 0x10, 0xa3, 0x10, 0xa3, 0x10, 0xa3, 0x10, 0xa3, 0x10, 0xa3, 0x10,
    0xa3, 0x10, 0xa3, 0x10, 0xa3, 0x10, 0xa3, 0x10, 0xa3, 0x10, 0xa3, 0x10, 0xa3, 0x10, 0xa3, 0x10, 0xa3, 0x10, 0xa3,
    0x10, 0xa3, 0x10, 0xa3, 0x10, 0xa3, 0x10, 0xa3, 0x10, 0xa3, 0x10, 0xa3, 0x10, 0xa3, 0x10, 0xa3, 0x10, 0xa3, 0x10,
    0xa3, 0x10, 0xa3, 0x10, 0xa3, 0x10, 0xa3, 0x10, 0xa3, 0x10, 0xa3, 0x10, 0xa3, 0x10, 0xa3, 0x10, 0xa3, 0x10, 0xa3,
    0x10, 0xa3, 0x10, 0xa3, 0x10, 0xa3, 0x10, 0xa3, 0x10, 0xa3, 0x10, 0xa3, 0x10, 0xa3, 0x10, 0xa3, 0x10, 0xa3, 0x10,
    0xa3, 0x10, 0xa3, 0x10, 0xa3, 0x10, 0xa3, 0x10, 0xa3, 0x10, 0xa3, 0x10, 0xa3, 0x10, 0xa3, 0x10, 0xa3, 0x10, 0xa3,
    0x10, 0xa3, 0x10, 0xa3, 0x10, 0xa3, 0x10, 0xa3, 0x10, 0xa3, 0x10, 0xa3, 0x10, 0xa3, 0x10, 0xa3, 0x10, 0xa3, 0x10,
    0xa3, 0x10, 0xa3, 0x10, 0xa3, 0x10, 0xa3, 0x10, 0xa3, 0x10, 0xa3, 0x10, 0xa3, 0x10, 0xa3, 0x10, 0xa3, 0x10, 0xa3,
    0x10, 0xa3, 0x10, 0xa3, 0x10, 0xa3, 0x10, 0xa3, 0x10, 0xa3, 0x10, 0xa3, 0x10, 0xa3, 0x10, 0xa3, 0x10, 0xa3, 0x10,
    0xa3, 0x10, 0xa3, 0x10, 0xa3, 0x10, 0xa3, 0x10, 0xa3, 0x10, 0xa3, 0x10, 0xa3, 0x10, 0xa3, 0x10, 0xa3, 0x10, 0xa3,
    0x10, 0xa3, 0x10, 0xa3, 0x10, 0xa3, 0x10, 0xa3, 0x10, 0xa3, 0x10, 0xa3, 0x10, 0xa3, 0x10, 0xa3, 0x10, 0xa3, 0x10,
    0xa3, 0x10, 0xa3, 0x10, 0xa3, 0x10, 0xa3, 0x10, 0xa3, 0x10, 0xa3, 0x10, 0xa3, 0x10, 0xa3, 0x10, 0xa3, 0x10, 0xa3,
    0x10, 0xa3, 0x10, 0xa3, 0x10, 0xa3, 0x10, 0xa3, 0x10, 0xa3, 0x10, 0xa3, 0x10, 0xa3, 0x10, 0xa3, 0x10, 0xa3, 0x10,
    0xa3, 0x10, 0xa3, 0x10, 0xa3, 0x10, 0xa3, 0x10, 0xa3, 0x10, 0xa3, 0x10, 0xa3, 0x10, 0xa3, 0x10, 0xa3, 0x10, 0xa3,
    0x10, 0xa3, 0x10, 0xa3, 0x10, 0xa3, 0x10, 0xa3, 0x10, 0xa3, 0x10, 0xa3, 0x10, 0xa3, 0x10, 0xa3, 0x10, 0xa3, 0x10,
    0xa3, 0x10, 0xa3, 0x10, 0xa3, 0x10, 0xa3, 0x10, 0xa3, 0x10, 0xa3, 0x10, 0xa3, 0x10, 0xa3, 0x10, 0xa3, 0x10, 0xa3,
    0x10, 0xa3, 0x10, 0xa3, 0x10, 0xa3, 0x10, 0xa3, 0x10, 0xa3, 0x10, 0xa3, 0x10, 0xa3, 0x10, 0xa3, 0x10, 0xa3, 0x10,
    0xa3, 0x10, 0xa3, 0x10, 0xa3, 0x10, 0xa3, 0x10, 0xa3, 0x10, 0xa3, 0x10, 0xa3, 0x10, 0xa3, 0x10, 0xa3, 0x10, 0xa3,
    0x10, 0xa3, 0x10, 0xa3, 0x10, 0xa3, 0x10, 0xa3, 0x10, 0xa3, 0x10, 0xa3, 0x10, 0xa3, 0x10, 0xa3, 0x10, 0xa3, 0x10,
    0xa3, 0x10, 0xa3, 0x10, 0xa3, 0x10, 0xa3, 0x10, 0xa3, 0x10, 0xa3, 0x10, 0xa3, 0x10, 0xa3, 0x10, 0xa3, 0x10, 0xa3,
    0x10, 0xa3, 0x10, 0xa3, 0x10, 0xa3, 0x10, 0xa3, 0x10, 0xa3, 0x10, 0xa3, 0x10, 0xa3, 0x10, 0xa3, 0x10, 0xa3, 0x10,
    0xa3, 0x10, 0xa3, 0x10, 0xa3, 0x10, 0xa3, 0x10, 0xa3, 0x10, 0xa3, 0x10, 0xa3, 0x10, 0xa3, 0x10, 0xa3, 0x10, 0xa3,
    0x10, 0xa3, 0x10, 0xa3, 0x10, 0xa3, 0x10, 0xa3, 0x10, 0xa3, 0x10, 0xa3, 0x10, 0xa3, 0x10, 0xa3, 0x10, 0xa3, 0x10,
    0xa3, 0x10, 0xa3, 0x10, 0xa3, 0x10, 0xa3, 0x10, 0xa3, 0x10, 0xa3, 0x10, 0xa3, 0x10, 0xa3, 0x10, 0xa3, 0x10, 0xa3,
    0x10, 0xa3, 0x10, 0xa3, 0x10, 0xa3, 0x10, 0xa3, 0x10, 0xa3, 0x10, 0xa3, 0x10, 0xa3, 0x10, 0xa3, 0x10, 0xa3, 0x10,
    0xa3, 0x10, 0xa3, 0x10, 0xa3, 0x10, 0xa3, 0x10, 0xa3, 0x10, 0xa3, 0x10, 0xa3, 0x10, 0xa3, 0x10, 0xa3, 0x10, 0xa3,
    0x10, 0xa3, 0x10, 0xa3, 0x10, 0xa3, 0x10, 0xa3, 0x10, 0xa3, 0x10, 0xa3, 0x10, 0xa3, 0x10, 0xa3, 0x10, 0xa3, 0x10,
    0xa3, 0x10, 0xa3, 0x10, 0xa3, 0x10, 0xa3, 0x10, 0xa3, 0x10, 0xa3, 0x10, 0xa3, 0x10, 0xa3, 0x10, 0xa3, 0x10, 0xa3,
    0x10, 0xa3, 0x10, 0xa3, 0x10, 0xa3, 0x10, 0xa3, 0x10, 0xa3, 0x10, 0xa3, 0x10, 0xa3, 0x10, 0xa3, 0x10, 0xa3, 0x10,
    0xa3, 0x10, 0xa3, 0x10, 0xa3, 0x10, 0xa3, 0x10, 0xa3, 0x10, 0xa3, 0x10, 0xa3, 0x10, 0xa3, 0x10, 0xa3, 0x10, 0xa3,
    0x10, 0xa3, 0x10, 0xa3, 0x10, 0xa3, 0x10, 0xa3, 0x10, 0xa3, 0x10, 0xa3, 0x10, 0xa3, 0x10, 0xa3, 0x10, 0xa3, 0x10,
    0xa3, 0x10, 0xa3, 0x10, 0xa3, 0x10, 0xa3, 0x10, 0xa3, 0x10, 0xa3, 0x10, 0xa3, 0x10, 0xa3, 0x10, 0xa3, 0x10, 0xa3,
    0x10, 0xa3, 0x10, 0xa3, 0x10, 0xa3, 0x10, 0xa3, 0x10, 0xa3, 0x10, 0xa3, 0x10, 0xa3, 0x10, 0xa3, 0x10, 0xa3, 0x10,
    0xa3, 0x10, 0xa3, 0x10, 0xa3, 0x10, 0xa3, 0x10, 0xa3, 0x10, 0xa3, 0x10, 0xa3, 0x10, 0xa3, 0x10, 0xa3, 0x10, 0xa3,
    0x10, 0xa3, 0x10, 0xa3, 0x10, 0xa3, 0x10, 0xa3, 0x10, 0xa3, 0x10, 0xa3, 0x10, 0xa3, 0x10, 0xa3, 0x10, 0xa3, 0x10,
    0xa3, 0x10, 0xa3, 0x10, 0xa3, 0x10, 0xa3, 0x10, 0xa3, 0x10, 0xa3, 0x10, 0xa3, 0x10, 0xa3, 0x10, 0xa3, 0x10, 0xa3,
    0x10, 0xa3, 0x10, 0xa3, 0x10, 0xa3, 0x10, 0xa3, 0x10, 0xa3, 0x10, 0xa3, 0x10, 0xa3, 0x10, 0xa3, 0x10, 0xa3, 0x10,
    0xa3, 0x10, 0xa3, 0x10, 0xa3, 0x10, 0xa3, 0x10, 0xa3, 0x10, 0xa3, 0x10, 0xa3, 0x10, 0xa3, 0x10, 0xa3, 0x10, 0xa3,
    0x10, 0xa3, 0x10, 0xa3, 0x10, 0xa3, 0x10, 0xa3, 0x10, 0xa3, 0x10, 0xa3, 0x10, 0xa3, 0x10, 0xa3, 0x10, 0xa3, 0x10,
    0xa3, 0x10, 0xa3, 0x10, 0xa3, 0x10, 0xa3, 0x10, 0xa3, 0x10, 0xa3, 0x10, 0xa3, 0x10, 0xa3, 0x10, 0xa3, 0x10, 0xa3,
    0x10, 0xa3, 0x10, 0xa3, 0x10, 0xa3, 0x10, 0xa3, 0x10, 0xa3, 0x10, 0xa3, 0x10, 0xa3, 0x10, 0xa3, 0x10, 0xa3, 0x10,
    0xa3, 0x10, 0xa3, 0x10, 0xa3, 0x10, 0xa3, 0x10, 0xa3, 0x10, 0xa3, 0x10, 0xa3, 0x10, 0xa3, 0x10, 0xa3, 0x10, 0xa3,
    0x10, 0xa3, 0x10, 0xa3, 0x10, 0xa3, 0x10, 0xa3, 0x10, 0xa3, 0x10, 0xa3, 0x10, 0xa3, 0x10, 0xa3, 0x10, 0xa3, 0x10,
    0xa3, 0x10, 0xa3, 0x10, 0xa3, 0x10, 0xa3, 0x10, 0xa3, 0x10, 0xa3, 0x10, 0xa3, 0x10, 0xa3, 0x10, 0xa3, 0x10, 0xa3,
    0x10, 0xa3, 0x10, 0xa3, 0x10, 0xa3, 0x10, 0xa3, 0x10, 0xa3, 0x10, 0xa3, 0x10, 0xa3, 0x10, 0xa3, 0x10, 0xa3, 0x10,
    0xa3, 0x10, 0xa3, 0x10, 0xa3, 0x10, 0xa3, 0x10, 0xa3, 0x10, 0xa3, 0x10, 0xa3, 0x10, 0xa3, 0x10, 0xa3, 0x10, 0xa3,
    0x10, 0xa3, 0x10, 0xa3, 0x10, 0xa3, 0x10, 0xa3, 0x10, 0xa3, 0x10, 0xa3, 0x10, 0xa3, 0x10, 0xa3, 0x10, 0xa3, 0x10,
    0xa3, 0x10, 0xa3, 0x10, 0xa3, 0x10, 0xa3, 0x10, 0xa3, 0x10, 0xa3, 0x10, 0xa3, 0x10, 0xa3, 0x10, 0xa3, 0x10, 0xa3,
    0x10, 0xa3, 0x10, 0xa3, 0x10, 0xa3, 0x10, 0xa3, 0x10, 0xa3, 0x10, 0xa3, 0x10, 0xa3, 0x10, 0xa3, 0x10, 0xa3, 0x10,
    0xa3, 0x10, 0xa3, 0x10, 0xa3, 0x10, 0xa3, 0x10, 0xa3, 0x10, 0xa3, 0x10, 0xa3, 0x10, 0xa3, 0x10, 0xa3, 0x10, 0xa3,
    0x10, 0xa3, 0x10, 0xa3, 0x10, 0xa3, 0x10, 0xa3, 0x10, 0xa3, 0x10, 0xa3, 0x10, 0xa3, 0x10, 0xa3, 0x10, 0xa3, 0x10,
    0xa3, 0x10, 0xa3, 0x10, 0xa3, 0x10, 0xa3, 0x10, 0xa3, 0x10, 0xa3, 0x10, 0xa3, 0x10, 0xa3, 0x10, 0xa3, 0x10, 0xa3,
    0x10, 0xa3, 0x10, 0xa3, 0x10, 0xa3, 0x10, 0xa3, 0x10, 0xa3, 0x10, 0xa3, 0x10, 0xa3, 0x10, 0xa3, 0x10, 0xa3, 0x10,
    0xa3, 0x10, 0xa3, 0x10, 0xa3, 0x10, 0xa3, 0x10, 0xa3, 0x10, 0xa3, 0x10, 0xa3, 0x10, 0xa3, 0x10, 0xa3, 0x10, 0xa3,
    0x10, 0xa3, 0x10, 0xa3, 0x10, 0xa3, 0x10, 0xa3, 0x10, 0xa3, 0x10, 0xa3, 0x10, 0xa3, 0x10, 0xa3, 0x10, 0xa3, 0x10,
    0xa3, 0x10, 0xa3, 0x10, 0xa3, 0x10, 0xa3, 0x10, 0xa3, 0x10, 0xa3, 0x10, 0xa3, 0x10, 0xa3, 0x10, 0xa3, 0x10, 0xa3,
    0x10, 0xa3, 0x10, 0xa3, 0x10, 0xa3, 0x10, 0xa3, 0x10, 0xa3, 0x10, 0xa3, 0x10, 0xa3, 0x10, 0xa3, 0x10, 0xa3, 0x10,
    0xa3, 0x10, 0xa3, 0x10, 0xa3, 0x10, 0xa3, 0x10, 0xa3, 0x10, 0xa3, 0x10, 0xa3, 0x10, 0xa3, 0x10, 0xa3, 0x10, 0xa3,
    0x10, 0xa3, 0x10, 0xa3, 0x10, 0xa3, 0x10, 0xa3, 0x10, 0xa3, 0x10, 0xa3, 0x10, 0xa3, 0x10, 0xa3, 0x10, 0xa3, 0x10,
    0xa3, 0x10, 0xa3, 0x10, 0xa3, 0x10, 0xa3, 0x10, 0xa3, 0x10, 0xa3, 0x10, 0xa3, 0x10, 0xa3, 0x10, 0xa3, 0x10, 0xa3,
    0x10, 0xa3, 0x10, 0xa3, 0x10, 0xa3, 0x10, 0xa3, 0x10, 0xa3, 0x10, 0xa3, 0x10, 0xa3, 0x10, 0xa3, 0x10, 0xa3, 0x10,
    0xa3, 0x10, 0xa3, 0x10, 0xa3, 0x10, 0xa3, 0x10, 0xa3, 0x10, 0xa3, 0x10, 0xa3, 0x10, 0xa3, 0x10, 0xa3, 0x10, 0xa3,
    0x10, 0xa3, 0x10, 0xa3, 0x10, 0xa3, 0x10, 0xa3, 0x10, 0xa3, 0x10, 0xa3, 0x10, 0xa3, 0x10, 0xa3, 0x10, 0xa3, 0x10,
    0xa3, 0x10, 0xa3, 0x10, 0xa3, 0x10, 0xa3, 0x10, 0xa3, 0x10, 0xa3, 0x10, 0xa3, 0x10, 0xa3, 0x10, 0xa3, 0x10, 0xa3,
    0x10, 0xa3, 0x10, 0xa3, 0x10, 0xa3, 0x10, 0xa3, 0x10, 0xa3, 0x10, 0xa3, 0x10, 0xa3, 0x10, 0xa3, 0x10, 0xa3, 0x10,
    0xa3, 0x10, 0xa3, 0x10, 0xa3, 0x10, 0xa3, 0x10, 0xa3, 0x10, 0xa3, 0x10, 0xa3, 0x10, 0xa3, 0x10, 0xa3, 0x10, 0xa3,
    0x10, 0xa3, 0x10, 0xa3, 0x10, 0xa3, 0x10, 0xa3, 0x10, 0xa3, 0x10, 0xa3, 0x10, 0xa3, 0x10, 0xa3, 0x10, 0xa3, 0x10,
    0xa3, 0x10, 0xa3, 0x10, 0xa3, 0x10, 0xa3, 0x10, 0xa3, 0x10, 0xa3, 0x10, 0xa3, 0x10, 0xa3, 0x10, 0xa3, 0x10, 0xa3,
    0x10, 0xa3, 0x10, 0xa3, 0x10, 0xa3, 0x10, 0xa3, 0x10, 0xa3, 0x10, 0xa3, 0x10, 0xa3, 0x10, 0xa3, 0x10, 0xa3, 0x10,
    0xa3, 0x10, 0xa3, 0x10, 0xa3, 0x10, 0xa3, 0x10, 0xa3, 0x10, 0xa3, 0x10, 0xa3, 0x10, 0xa3, 0x10, 0xa3, 0x10, 0xa3,
    0x10, 0xa3, 0x10, 0xa3, 0x10, 0xa3, 0x10, 0xa3, 0x10, 0xa3, 0x10, 0xa3, 0x10, 0xa3, 0x10, 0xa3, 0x10, 0xa3, 0x10,
    0xa3, 0x10, 0xa3, 0x10, 0xa3, 0x10, 0xa3, 0x10, 0xa3, 0x10, 0xa3, 0x10, 0xa3, 0x10, 0xa3, 0x10, 0xa3, 0x10, 0xa3,
    0x10, 0xa3, 0x10, 0xa3, 0x10, 0xa3, 0x10, 0xa3, 0x10, 0xa3, 0x10, 0xa3, 0x10, 0xa3, 0x10, 0xa3, 0x10, 0xa3, 0x10,
    0xa3, 0x10, 0xa3, 0x10, 0xa3, 0x10, 0xa3, 0x10, 0xa3, 0x10, 0xa3, 0x10, 0xa3, 0x10, 0xa3, 0x10, 0xa3, 0x10, 0xa3,
    0x10, 0xa3, 0x10, 0xa3, 0x10, 0xa3, 0x10, 0xa3, 0x10, 0xa3, 0x10, 0xa3, 0x10, 0xa3, 0x10, 0xa3, 0x10, 0xa3, 0x10,
    0xa3, 0x10, 0xa3, 0x10, 0xa3, 0x10, 0xa3, 0x10, 0xa3, 0x10, 0xa3, 0x10, 0xa3, 0x10, 0xa3, 0x10, 0xa3, 0x10, 0xa3,
    0x10, 0xa3, 0x10, 0xa3, 0x10, 0xa3, 0x10, 0xa3, 0x10, 0xa3, 0x10, 0xa3, 0x10, 0xa3, 0x10, 0xa3, 0x10, 0xa3, 0x10,
    0xa3, 0x10, 0xa3, 0x10, 0xa3, 0x10, 0xa3, 0x10, 0xa3, 0x10, 0xa3, 0x10, 0xa3, 0x10, 0xa3, 0x10, 0xa3, 0x10, 0xa3,
    0x10, 0xa3, 0x10, 0xa3, 0x10, 0xa3, 0x10, 0xa3, 0x10, 0xa3, 0x10, 0xa3, 0x10, 0xa3, 0x10, 0xa3, 0x10, 0xa3, 0x10,
    0xa3, 0x10, 0xa3, 0x10, 0xa3, 0x10, 0xa3, 0x10, 0xa3, 0x10, 0xa3, 0x10, 0xa3, 0x10, 0xa3, 0x10, 0xa3, 0x10, 0xa3,
    0x10, 0xa3, 0x10, 0xa3, 0x10, 0xa3, 0x10, 0xa3, 0x10, 0xa3, 0x10, 0xa3, 0x10, 0xa3, 0x10, 0xa3, 0x10, 0xa3, 0x10,
    0xa3, 0x10, 0xa3, 0x10, 0xa3, 0x10, 0xa3, 0x10, 0xa3, 0x10, 0xa3, 0x10, 0xa3, 0x10, 0xa3, 0x10, 0xa3, 0x10, 0xa3,
    0x10, 0xa3, 0x10, 0xa3, 0x10, 0xa3, 0x10, 0xa3, 0x10, 0xa3, 0x10, 0xa3, 0x10, 0xa3, 0x10, 0xa3, 0x10, 0xa3, 0x10,
    0xa3, 0x10, 0xa3, 0x10, 0xa3, 0x10, 0xa3, 0x10, 0xa3, 0x10, 0xa3, 0x10, 0xa3, 0x10, 0xa3, 0x10, 0xa3, 0x10, 0xa3,
    0x10, 0xa3, 0x10, 0xa3, 0x10, 0xa3, 0x10, 0xa3, 0x10, 0xa3, 0x10, 0xa3, 0x10, 0xa3, 0x10, 0xa3, 0x10, 0xa3, 0x10,
    0xa3, 0x10, 0xa3, 0x10, 0xa3, 0x10, 0xa3, 0x10, 0xa3, 0x10, 0xa3, 0x10, 0xa3, 0x10, 0xa3, 0x10, 0xa3, 0x10, 0xa3,
    0x10, 0xa3, 0x10, 0xa3, 0x10, 0xa3, 0x10, 0xa3, 0x10, 0xa3, 0x10, 0xa3, 0x10, 0xa3, 0x10, 0xa3, 0x10, 0xa3, 0x10,
    0xa3, 0x10, 0xa3, 0x10, 0xa3, 0x10, 0xa3, 0x10, 0xa3, 0x10, 0xa3, 0x10, 0xa3, 0x10, 0xa3, 0x10, 0xa3, 0x10, 0xa3,
    0x10, 0xa3, 0x10, 0xa3, 0x10, 0xa3, 0x10, 0xa3, 0x10, 0xa3, 0x10, 0xa3, 0x10, 0xa3, 0x10, 0xa3, 0x10, 0xa3, 0x10,
    0xa3, 0x10, 0xa3, 0x10, 0xa3, 0x10, 0xa3, 0x10, 0xa3, 0x10, 0xa3, 0x10, 0xa3, 0x10, 0xa3, 0x10, 0xa3, 0x10, 0xa3,
    0x10, 0xa3, 0x10, 0xa3, 0x10, 0xa3, 0x10, 0xa3, 0x10, 0xa3, 0x10, 0xa3, 0x10, 0xa3, 0x10, 0xa3, 0x10, 0xa3, 0x10,
    0xa3, 0x10, 0xa3, 0x10, 0xa3, 0x10, 0xa3, 0x10, 0xa3, 0x10, 0xa3, 0x10, 0xa3, 0x10, 0xa3, 0x10, 0xa3, 0x10, 0xa3,
    0x10, 0xa3, 0x10, 0xa3, 0x10, 0xa3, 0x10, 0xa3, 0x10, 0xa3, 0x10, 0xa3, 0x10, 0xa3, 0x10, 0xa3, 0x10, 0xa3, 0x10,
    0xa3, 0x10, 0xa3, 0x10, 0xa3, 0x10, 0xa3, 0x10, 0xa3, 0x10, 0xa3, 0x10, 0xa3, 0x10, 0xa3, 0x10, 0xa3, 0x10, 0xa3,
    0x10, 0xa3, 0x10, 0xa3, 0x10, 0xa3, 0x10, 0xa3, 0x10, 0xa3, 0x10, 0xa3, 0x10, 0xa3, 0x10, 0xa3, 0x10, 0xa3, 0x10,
    0xa3, 0x10, 0xa3, 0x10, 0xa3, 0x10, 0xa3, 0x10, 0xa3, 0x10, 0xa3, 0x10, 0xa3, 0x10, 0xa3, 0x10, 0xa3, 0x10, 0xa3,
    0x10, 0xa3, 0x10, 0xa3, 0x10, 0xa3, 0x10, 0xa3, 0x10, 0xa3, 0x10, 0xa3, 0x10, 0xa3, 0x10, 0xa3, 0x10, 0xa3, 0x10,
    0xa3, 0x10, 0xa3, 0x10, 0xa3, 0x10, 0xa3, 0x10, 0xa3, 0x10, 0xa3, 0x10, 0xa3, 0x10, 0xa3, 0x10, 0xa3, 0x10, 0xa3,
    0x10, 0xa3, 0x10, 0xa3, 0x10, 0xa3, 0x10, 0xa3, 0x10, 0xa3, 0x10, 0xa3, 0x10, 0xa3, 0x10, 0xa3, 0x10, 0xa3, 0x10,
    0xa3, 0x10, 0xa3, 0x10, 0xa3, 0x10, 0xa3, 0x10, 0xa3, 0x10, 0xa3, 0x10, 0xa3, 0x10, 0xa3, 0x10, 0xa3, 0x10, 0xa3,
    0x10, 0xa3, 0x10, 0xa3, 0x10, 0xa3, 0x10, 0xa3, 0x10, 0xa3, 0x10, 0xa3, 0x10, 0xa3, 0x10, 0xa3, 0x10, 0xa3, 0x10,
    0xa3, 0x10, 0xa3, 0x10, 0xa3, 0x10, 0xa3, 0x10, 0xa3, 0x10, 0xa3, 0x10, 0xa3, 0x10, 0xa3, 0x10, 0xa3, 0x10, 0xa3,
    0x10, 0xa3, 0x10, 0xa3, 0x10, 0xa3, 0x10, 0xa3, 0x10, 0xa3, 0x10, 0xa3, 0x10, 0xa3, 0x10, 0xa3, 0x10, 0xa3, 0x10,
    0xa3, 0x10, 0xa3, 0x10, 0xa3, 0x10, 0xa3, 0x10, 0xa3, 0x10, 0xa3, 0x10, 0xa3, 0x10, 0xa3, 0x10, 0xa3, 0x10, 0xa3,
    0x10, 0xa3, 0x10, 0xa3, 0x10, 0xa3, 0x10, 0xa3, 0x10, 0xa3, 0x10, 0xa3, 0x10, 0xa3, 0x10, 0xa3, 0x10, 0xa3, 0x10,
    0xa3, 0x10, 0xa3, 0x10, 0xa3, 0x10, 0xa3, 0x10, 0xa3, 0x10, 0xa3, 0x10, 0xa3, 0x10, 0xa3, 0x10, 0xa3, 0x10, 0xa3,
    0x10, 0xa3, 0x10, 0xa3, 0x10, 0xa3, 0x10, 0xa3, 0x10, 0xa3, 0x10, 0xa3, 0x10, 0xa3, 0x10, 0xa3, 0x10, 0xa3, 0x10,
    0xa3, 0x10, 0xa3, 0x10, 0xa3, 0x10, 0xa3, 0x10, 0xa3, 0x10, 0xa3, 0x10, 0xa3, 0x10, 0xa3, 0x10, 0xa3, 0x10, 0xa3,
    0x10, 0xa3, 0x10, 0xa3, 0x10, 0xa3, 0x10, 0xa3, 0x10, 0xa3, 0x10, 0xa3, 0x10, 0xa3, 0x10, 0xa3, 0x10, 0xa3, 0x10,
    0xa3, 0x10, 0xa3, 0x10, 0xa3, 0x10, 0xa3, 0x10, 0xa3, 0x10, 0xa3, 0x10, 0xa3, 0x10, 0xa3, 0x10, 0xa3, 0x10, 0xa3,
    0x10, 0xa3, 0x10, 0xa3, 0x10, 0xa3, 0x10, 0xa3, 0x10, 0xa3, 0x10, 0xa3, 0x10, 0xa3, 0x10, 0xa3, 0x10, 0xa3, 0x10,
    0xa3, 0x10, 0xa3, 0x10, 0xa3, 0x10, 0xa3, 0x10, 0xa3, 0x10, 0xa3, 0x10, 0xa3, 0x10, 0xa3, 0x10, 0xa3, 0x10, 0xa3,
    0x10, 0xa3, 0x10, 0xa3, 0x10, 0xa3, 0x10, 0xa3, 0x10, 0xa3, 0x10, 0xa3, 0x10, 0xa3, 0x10, 0xa3, 0x10, 0xa3, 0x10,
    0xa3, 0x10, 0xa3, 0x10, 0xa3, 0x10, 0xa3, 0x10, 0xa3, 0x10, 0xa3, 0x10, 0xa3, 0x10, 0xa3, 0x10, 0xa3, 0x10, 0xa3,
    0x10, 0xa3, 0x10, 0xa3, 0x10, 0xa3, 0x10, 0xa3, 0x10, 0xa3, 0x10, 0xa3, 0x10, 0xa3, 0x10, 0xa3, 0x10, 0xa3, 0x10,
    0xa3, 0x10, 0xa3, 0x10, 0xa3, 0x10, 0xa3, 0x10, 0xa3, 0x10, 0xa3, 0x10, 0xa3, 0x10, 0xa3, 0x10, 0xa3, 0x10, 0xa3,
    0x10, 0xa3, 0x10, 0xa3, 0x10, 0xa3, 0x10, 0xa3, 0x10, 0xa3, 0x10, 0xa3, 0x10, 0xa3, 0x10, 0xa3, 0x10, 0xa3, 0x10,
    0xa3, 0x10, 0xa3, 0x10, 0xa3, 0x10, 0xa3, 0x10, 0xa3, 0x10, 0xa3, 0x10, 0xa3, 0x10, 0xa3, 0x10, 0xa3, 0x10, 0xa3,
    0x10, 0xa3, 0x10, 0xa3, 0x10, 0xa3, 0x10, 0xa3, 0x10, 0xa3, 0x10, 0xa3, 0x10, 0xa3, 0x10, 0xa3, 0x10, 0xa3, 0x10,
    0xa3, 0x10, 0xa3, 0x10, 0xa3, 0x10, 0xa3, 0x10, 0xa3, 0x10, 0xa3, 0x10, 0xa3, 0x10, 0xa3, 0x10, 0xa3, 0x10, 0xa3,
    0x10, 0xa3, 0x10, 0xa3, 0x10, 0xa3, 0x10, 0xa3, 0x10, 0xa3, 0x10, 0xa3, 0x10, 0xa3, 0x10, 0xa3, 0x10, 0xa3, 0x10,
    0xa3, 0x10, 0xa3, 0x10, 0xa3, 0x10, 0xa3, 0x10, 0xa3, 0x10, 0xa3, 0x10, 0xa3, 0x10, 0xa3, 0x10, 0xa3, 0x10, 0xa3,
    0x10, 0xa3, 0x10, 0xa3, 0x10, 0xa3, 0x10, 0xa3, 0x10, 0xa3, 0x10, 0xa3, 0x10, 0xa3, 0x10, 0xa3, 0x10, 0xa3, 0x10,
    0xa3, 0x10, 0xa3, 0x10, 0xa3, 0x10, 0xa3, 0x10, 0xa3, 0x10, 0xa3, 0x10, 0xa3, 0x10, 0xa3, 0x10, 0xa3, 0x10, 0xa3,
    0x10, 0xa3, 0x10, 0xa3, 0x10, 0xa3, 0x10, 0xa3, 0x10, 0xa3, 0x10, 0xa3, 0x10, 0xa3, 0x10, 0xa3, 0x10, 0xa3, 0x10,
    0xa3, 0x10, 0xa3, 0x10, 0xa3, 0x10, 0xa3, 0x10, 0xa3, 0x10, 0xa3, 0x10, 0xa3, 0x10, 0xa3, 0x10, 0xa3, 0x10, 0xa3,
    0x10, 0xa3, 0x10, 0xa3, 0x10, 0xa3, 0x10, 0xa3, 0x10, 0xa3, 0x10, 0xa3, 0x10, 0xa3, 0x10, 0xa3, 0x10, 0xa3, 0x10,
    0xa3, 0x10, 0xa3, 0x10, 0xa3, 0x10, 0xa3, 0x10, 0xa3, 0x10, 0xa3, 0x10, 0xa3, 0x10, 0xa3, 0x10, 0xa3, 0x10, 0xa3,
    0x10, 0xa3, 0x10, 0xa3, 0x10, 0xa3, 0x10, 0xa3, 0x10, 0xa3, 0x10, 0xa3, 0x10, 0xa3, 0x10, 0xa3, 0x10, 0xa3, 0x10,
    0xa3, 0x10, 0xa3, 0x10, 0xa3, 0x10, 0xa3, 0x10, 0xa3, 0x10, 0xa3, 0x10, 0xa3, 0x10, 0xa3, 0x10, 0xa3, 0x10, 0xa3,
    0x10, 0xa3, 0x10, 0xa3, 0x10, 0xa3, 0x10, 0xa3, 0x10, 0xa3, 0x10, 0xa3, 0x10, 0xa3, 0x10, 0xa3, 0x10, 0xa3, 0x10,
    0xa3, 0x10, 0xa3, 0x10, 0xa3, 0x10, 0xa3, 0x10, 0xa3, 0x10, 0xa3, 0x10, 0xa3, 0x10, 0xa3, 0x10, 0xa3, 0x10, 0xa3,
    0x10, 0xa3, 0x10, 0xa3, 0x10, 0xa3, 0x10, 0xa3, 0x10, 0xa3, 0x10, 0xa3, 0x10, 0xa3, 0x10, 0xa3, 0x10, 0xa3, 0x10,
    0xa3, 0x10, 0xa3, 0x10, 0xa3, 0x10, 0xa3, 0x10, 0xa3, 0x10, 0xa3, 0x10, 0xa3, 0x10, 0xa3, 0x10, 0xa3, 0x10, 0xa3,
    0x10, 0xa3, 0x10, 0xa3, 0x10, 0xa3, 0x10, 0xa3, 0x10, 0xa3, 0x10, 0xa3, 0x10, 0xa3, 0x10, 0xa3, 0x10, 0xa3, 0x10,
    0xa3, 0x10, 0xa3, 0x10, 0xa3, 0x10, 0xa3, 0x10, 0xa3, 0x10, 0xa3, 0x10, 0xa3, 0x10, 0xa3, 0x10, 0xa3, 0x10, 0xa3,
    0x10, 0xa3, 0x10, 0xa3, 0x10, 0xa3, 0x10, 0xa3, 0x10, 0xa3, 0x10, 0xa3, 0x10, 0xa3, 0x10, 0xa3, 0x10, 0xa3, 0x10,
    0xa3, 0x10, 0xa3, 0x10, 0xa3, 0x10, 0xa3, 0x10, 0xa3, 0x10, 0xa3, 0x10, 0xa3, 0x10, 0xa3, 0x10, 0xa3, 0x10, 0xa3,
    0x10, 0xa3, 0x10, 0xa3, 0x10, 0xa3, 0x10, 0xa3, 0x10, 0xa3, 0x10, 0xa3, 0x10, 0xa3, 0x10, 0xa3, 0x10, 0xa3, 0x10,
    0xa3, 0x10, 0xa3, 0x10, 0xa3, 0x10, 0xa3, 0x10, 0xa3, 0x10, 0xa3, 0x10, 0xa3, 0x10, 0xa3, 0x10, 0xa3, 0x10, 0xa3,
    0x10, 0xa3, 0x10, 0xa3, 0x10, 0xa3, 0x10, 0xa3, 0x10, 0xa3, 0x10, 0xa3, 0x10, 0xa3, 0x10, 0xa3, 0x10, 0xa3, 0x10,
    0xa3, 0x10, 0xa3, 0x10, 0xa3, 0x10, 0xa3, 0x10, 0xa3, 0x10, 0xa3, 0x10, 0xa3, 0x10, 0xa3, 0x10, 0xa3, 0x10, 0xa3,
    0x10, 0xa3, 0x10, 0xa3, 0x10, 0xa3, 0x10, 0xa3, 0x10, 0xa3, 0x10, 0xa3, 0x10, 0xa3, 0x10, 0xa3, 0x10, 0xa3, 0x10,
    0xa3, 0x10, 0xa3, 0x10, 0xa3, 0x10, 0xa3, 0x10, 0xa3, 0x10, 0xa3, 0x10, 0xa3, 0x10, 0xa3, 0x10, 0xa3, 0x10, 0xa3,
    0x10, 0xa3, 0x10, 0xa3, 0x10, 0xa3, 0x10, 0xa3, 0x10, 0xa3, 0x10, 0xa3, 0x10, 0xa3, 0x10, 0xa3, 0x10, 0xa3, 0x10,
    0xa3, 0x10, 0xa3, 0x10, 0xa3, 0x10, 0xa3, 0x10, 0xa3, 0x10, 0xa3, 0x10, 0xa3, 0x10, 0xa3, 0x10, 0xa3, 0x10, 0xa3,
    0x10, 0xa3, 0x10, 0xa3, 0x10, 0xa3, 0x10, 0xa3, 0x10, 0xa3, 0x10, 0xa3, 0x10, 0xa3, 0x10, 0xa3, 0x10, 0xa3, 0x10,
    0xa3, 0x10, 0xa3, 0x10, 0xa3, 0x10, 0xa3, 0x10, 0xa3, 0x10, 0xa3, 0x10, 0xa3, 0x10, 0xa3, 0x10, 0xa3, 0x10, 0xa3,
    0x10, 0xa3, 0x10, 0xa3, 0x10, 0xa3, 0x10, 0xa3, 0x10, 0xa3, 0x10, 0xa3, 0x10, 0xa3, 0x10, 0xa3, 0x10, 0xa3, 0x10,
    0xa3, 0x10, 0xa3, 0x10, 0xa3, 0x10, 0xa3, 0x10, 0xa3, 0x10, 0xa3, 0x10, 0xa3, 0x10, 0xa3, 0x10, 0xa3, 0x10, 0xa3,
    0x10, 0xa3, 0x10, 0xa3, 0x10, 0xa3, 0x10, 0xa3, 0x10, 0xa3, 0x10, 0xa3, 0x10, 0xa3, 0x10, 0xa3, 0x10, 0xa3, 0x10,
    0xa3, 0x10, 0xa3, 0x10, 0xa3, 0x10, 0xa3, 0x10, 0xa3, 0x10, 0xa3, 0x10, 0xa3, 0x10, 0xa3, 0x10, 0xa3, 0x10, 0xa3,
    0x10, 0xa3, 0x10, 0xa3, 0x10, 0xa3, 0x10, 0xa3, 0x10, 0xa3, 0x10, 0xa3, 0x10, 0xa3, 0x10, 0xa3, 0x10, 0xa3, 0x10,
    0xa3, 0x10, 0xa3, 0x10, 0xa3, 0x10, 0xa3, 0x10, 0xa3, 0x10, 0xa3, 0x10, 0xa3, 0x10, 0xa3, 0x10, 0xa3, 0x10, 0xa3,
    0x10, 0xa3, 0x10, 0xa3, 0x10, 0xa3, 0x10, 0xa3, 0x10, 0xa3, 0x10, 0xa3, 0x10, 0xa3, 0x10, 0xa3, 0x10, 0xa3, 0x10,
    0xa3, 0x10, 0xa3, 0x10, 0xa3, 0x10, 0xa3, 0x10, 0xa3, 0x10, 0xa3, 0x10, 0xa3, 0x10, 0xa3, 0x10, 0xa3, 0x10, 0xa3,
    0x10, 0xa3, 0x10, 0xa3, 0x10, 0xa3, 0x10, 0xa3, 0x10, 0xa3, 0x10, 0xa3, 0x10, 0xa3, 0x10, 0xa3, 0x10, 0xa3, 0x10,
    0xa3, 0x10, 0xa3, 0x10, 0xa3, 0x10, 0xa3, 0x10, 0xa3, 0x10, 0xa3, 0x10, 0xa3, 0x10, 0xa3, 0x10, 0xa3, 0x10, 0xa3,
    0x10, 0xa3, 0x10, 0xa3, 0x10, 0xa3, 0x10, 0xa3, 0x10, 0xa3, 0x10, 0xa3, 0x10, 0xa3, 0x10, 0xa3, 0x10, 0xa3, 0x10,
    0xa3, 0x10, 0xa3, 0x10, 0xa3, 0x10, 0xa3, 0x10, 0xa3, 0x10, 0xa3, 0x10, 0xa3, 0x10, 0xa3, 0x10, 0xa3, 0x10, 0xa3,
    0x10, 0xa3, 0x10, 0xa3, 0x10, 0xa3, 0x10, 0xa3, 0x10, 0xa3, 0x10, 0xa3, 0x10, 0xa3, 0x10, 0xa3, 0x10, 0xa3, 0x10,
    0xa3, 0x10, 0xa3, 0x10, 0xa3, 0x10, 0xa3, 0x10, 0xa3, 0x10, 0xa3, 0x10, 0xa3, 0x10, 0xa3, 0x10, 0xa3, 0x10, 0xa3,
    0x10, 0xa3, 0x10, 0xa3, 0x10, 0xa3, 0x10, 0xa3, 0x10, 0xa3, 0x10, 0xa3, 0x10, 0xa3, 0x10, 0xa3, 0x10, 0xa3, 0x10,
    0xa3, 0x10, 0xa3, 0x10, 0xa3, 0x10, 0xa3, 0x10, 0xa3, 0x10, 0xa3, 0x10, 0xa3, 0x10, 0xa3, 0x10, 0xa3, 0x10, 0xa3,
    0x10, 0xa3, 0x10, 0xa3, 0x10, 0xa3, 0x10, 0xa3, 0x10, 0xa3, 0x10, 0xa3, 0x10, 0xa3, 0x10, 0xa3, 0x10, 0xa3, 0x10,
    0xa3, 0x10, 0xa3, 0x10, 0xa3, 0x10, 0xa3, 0x10, 0xa3, 0x10, 0xa3, 0x10, 0xa3, 0x10, 0xa3, 0x10, 0xa3, 0x10, 0xa3,
    0x10, 0xa3, 0x10, 0xa3, 0x10, 0xa3, 0x10, 0xa3, 0x10, 0xa3, 0x10, 0xa3, 0x10, 0xa3, 0x10, 0xa3, 0x10, 0xa3, 0x10,
    0xa3, 0x10, 0xa3, 0x10, 0xa3, 0x10, 0xa3, 0x10, 0xa3, 0x10, 0xa3, 0x10, 0xa3, 0x10, 0xa3, 0x10, 0xa3, 0x10, 0xa3,
    0x10, 0xa3, 0x10, 0xa3, 0x10, 0xa3, 0x10, 0xa3, 0x10, 0xa3, 0x10, 0xa3, 0x10, 0xa3, 0x10, 0xa3, 0x10, 0xa3, 0x10,
    0xa3, 0x10, 0xa3, 0x10, 0xa3, 0x10, 0xa3, 0x10, 0xa3, 0x10, 0xa3, 0x10, 0xa3, 0x10, 0xa3, 0x10, 0xa3, 0x10, 0xa3,
    0x10, 0xa3, 0x10, 0xa3, 0x10, 0xa3, 0x10, 0xa3, 0x10, 0xa3, 0x10, 0xa3, 0x10, 0xa3, 0x10, 0xa3, 0x10, 0xa3, 0x10,
    0xa3, 0x10, 0xa3, 0x10, 0xa3, 0x10, 0xa3, 0x10, 0xa3, 0x10, 0xa3, 0x10, 0xa3, 0x10, 0xa3, 0x10, 0xa3, 0x10, 0xa3,
    0x10, 0xa3, 0x10, 0xa3, 0x10, 0xa3, 0x10, 0xa3, 0x10, 0xa3, 0x10, 0xa3, 0x10, 0xa3, 0x10, 0xa3, 0x10, 0xa3, 0x10,
    0xa3, 0x10, 0xa3, 0x10, 0xa3, 0x10, 0xa3, 0x10, 0xa3, 0x10, 0xa3, 0x10, 0xa3, 0x10, 0xa3, 0x10, 0xa3, 0x10, 0xa3,
    0x10, 0xa3, 0x10, 0xa3, 0x10, 0xa3, 0x10, 0xa3, 0x10, 0xa3, 0x10, 0xa3, 0x10, 0xa3, 0x10, 0xa3, 0x10, 0xa3, 0x10,
    0xa3, 0x10, 0xa3, 0x10, 0xa3, 0x10, 0xa3, 0x10, 0xa3, 0x10, 0xa3, 0x10, 0xa3, 0x10, 0xa3, 0x10, 0xa3, 0x10, 0xa3,
    0x10, 0xa3, 0x10, 0xa3, 0x10, 0xa3, 0x10, 0xa3, 0x10, 0xa3, 0x10, 0xa3, 0x10, 0xa3, 0x10, 0xa3, 0x10, 0xa3, 0x10,
    0xa3, 0x10, 0xa3, 0x10, 0xa3, 0x10, 0xa3, 0x10, 0xa3, 0x10, 0xa3, 0x10, 0xa3, 0x10, 0xa3, 0x10, 0xa3, 0x10, 0xa3,
    0x10, 0xa3, 0x10, 0xa3, 0x10, 0xa3, 0x10, 0xa3, 0x10, 0xa3, 0x10, 0xa3, 0x10, 0xa3, 0x10, 0xa3, 0x10, 0xa3, 0x10,
    0xa3, 0x10, 0xa3, 0x10, 0xa3, 0x10, 0xa3, 0x10, 0xa3, 0x10, 0xa3, 0x10, 0xa3, 0x10, 0xa3, 0x10, 0xa3, 0x10, 0xa3,
    0x10, 0xa3, 0x10, 0xa3, 0x10, 0xa3, 0x10, 0xa3, 0x10, 0xa3, 0x10, 0xa3, 0x10, 0xa3, 0x10, 0xa3, 0x10, 0xa3, 0x10,
    0xa3, 0x10, 0xa3, 0x10, 0xa3, 0x10, 0xa3, 0x10, 0xa3, 0x10, 0xa3, 0x10, 0xa3, 0x10, 0xa3, 0x10, 0xa3, 0x10, 0xa3,
    0x10, 0xa3, 0x10, 0xa3, 0x10, 0xa3, 0x10, 0xa3, 0x10, 0xa3, 0x10, 0xa3, 0x10, 0xa3, 0x10, 0xa3, 0x10, 0xa3, 0x10,
    0xa3, 0x10, 0xa3, 0x10, 0xa3, 0x10, 0xa3, 0x10, 0xa3, 0x10, 0xa3, 0x10, 0xa3, 0x10, 0xa3, 0x10, 0xa3, 0x10, 0xa3,
    0x10, 0xa3, 0x10, 0xa3, 0x10, 0xa3, 0x10, 0xa3, 0x10, 0xa3, 0x10, 0xa3, 0x10, 0xa3, 0x10, 0xa3, 0x10, 0xa3, 0x10,
    0xa3, 0x10, 0xa3, 0x10, 0xa3, 0x10, 0xa3, 0x10, 0xa3, 0x10, 0xa3, 0x10, 0xa3, 0x10, 0xa3, 0x10, 0xa3, 0x10, 0xa3,
    0x10, 0xa3, 0x10, 0xa3, 0x10, 0xa3, 0x10, 0xa3, 0x10, 0xa3, 0x10, 0xa3, 0x10, 0xa3, 0x10, 0xa3, 0x10, 0xa3, 0x10,
    0xa3, 0x10, 0xa3, 0x10, 0xa3, 0x10, 0xa3, 0x10, 0xa3, 0x10, 0xa3, 0x10, 0xa3, 0x10, 0xa3, 0x10, 0xa3, 0x10, 0xa3,
    0x10, 0xa3, 0x10, 0xa3, 0x10, 0xa3, 0x10, 0xa3, 0x10, 0xa3, 0x10, 0xa3, 0x10, 0xa3, 0x10, 0xa3, 0x10, 0xa3, 0x10,
    0xa3, 0x10, 0xa3, 0x10, 0xa3, 0x10, 0xa3, 0x10, 0xa3, 0x10, 0xa3, 0x10, 0xa3, 0x10, 0xa3, 0x10, 0xa3, 0x10, 0xa3,
    0x10, 0xa3, 0x10, 0xa3, 0x10, 0xa3, 0x10, 0xa3, 0x10, 0xa3, 0x10, 0xa3, 0x10, 0xa3, 0x10, 0xa3, 0x10, 0xa3, 0x10,
    0xa3, 0x10, 0xa3, 0x10, 0xa3, 0x10, 0xa3, 0x10, 0xa3, 0x10, 0xa3, 0x10, 0xa3, 0x10, 0xa3, 0x10, 0xa3, 0x10, 0xa3,
    0x10, 0xa3, 0x10, 0xa3, 0x10, 0xa3, 0x10, 0xa3, 0x10, 0xa3, 0x10, 0xa3, 0x10, 0xa3, 0x10, 0xa3, 0x10, 0xa3, 0x10,
    0xa3, 0x10, 0xa3, 0x10, 0xa3, 0x10, 0xa3, 0x10, 0xa3, 0x10, 0xa3, 0x10, 0xa3, 0x10, 0xa3, 0x10, 0xa3, 0x10, 0xa3,
    0x10, 0xa3, 0x10, 0xa3, 0x10, 0xa3, 0x10, 0xa3, 0x10, 0xa3, 0x10, 0xa3, 0x10, 0xa3, 0x10, 0xa3, 0x10, 0xa3, 0x10,
    0xa3, 0x10, 0xa3, 0x10, 0xa3, 0x10, 0xa3, 0x10, 0xa3, 0x10, 0xa3, 0x10, 0xa3, 0x10, 0xa3, 0x10, 0xa3, 0x10, 0xa3,
    0x10, 0xa3, 0x10, 0xa3, 0x10, 0xa3, 0x10, 0xa3, 0x10, 0xa3, 0x10, 0xa3, 0x10, 0xa3, 0x10, 0xa3, 0x10, 0xa3, 0x10,
    0xa3, 0x10, 0xa3, 0x10, 0xa3, 0x10, 0xa3, 0x10, 0xa3, 0x10, 0xa3, 0x10, 0xa3, 0x10, 0xa3, 0x10, 0xa3, 0x10, 0xa3,
    0x10, 0xa3, 0x10, 0xa3, 0x10, 0xa3, 0x10, 0xa3, 0x10, 0xa3, 0x10, 0xa3, 0x10, 0xa3, 0x10, 0xa3, 0x10, 0xa3, 0x10,
    0xa3, 0x10, 0xa3, 0x10, 0xa3, 0x10, 0xa3, 0x10, 0xa3, 0x10, 0xa3, 0x10, 0xa3, 0x10, 0xa3, 0x10, 0xa3, 0x10, 0xa3,
    0x10, 0xa3, 0x10, 0xa3, 0x10, 0xa3, 0x10, 0xa3, 0x10, 0xa3, 0x10, 0xa3, 0x10, 0xa3, 0x10, 0xa3, 0x10, 0xa3, 0x10,
    0xa3, 0x10, 0xa3, 0x10, 0xa3, 0x10, 0xa3, 0x10, 0xa3, 0x10, 0xa3, 0x10, 0xa3, 0x10, 0xa3, 0x10, 0xa3, 0x10, 0xa3,
    0x10, 0xa3, 0x10, 0xa3, 0x10, 0xa3, 0x10, 0xa3, 0x10, 0xa3, 0x10, 0xa3, 0x10, 0xa3, 0x10, 0xa3, 0x10, 0xa3, 0x10,
    0xa3, 0x10, 0xa3, 0x10, 0xa3, 0x10, 0xa3, 0x10, 0xa3, 0x10, 0xa3, 0x10, 0xa3, 0x10, 0xa3, 0x10, 0xa3, 0x10, 0xa3,
    0x10, 0xa3, 0x10, 0xa3, 0x10, 0xa3, 0x10, 0xa3, 0x10, 0xa3, 0x10, 0xa3, 0x10, 0xa3, 0x10, 0xa3, 0x10, 0xa3, 0x10,
    0xa3, 0x10, 0xa3, 0x10, 0xa3, 0x10, 0xa3, 0x10, 0xa3, 0x10, 0xa3, 0x10, 0xa3, 0x10, 0xa3, 0x10, 0xa3, 0x10, 0xa3,
    0x10, 0xa3, 0x10, 0xa3, 0x10, 0xa3, 0x10, 0xa3, 0x10, 0xa3, 0x10, 0xa3, 0x10, 0xa3, 0x10, 0xa3, 0x10, 0xa3, 0x10,
    0xa3, 0x10, 0xa3, 0x10, 0xa3, 0x10, 0xa3, 0x10, 0xa3, 0x10, 0xa3, 0x10, 0xa3, 0x10, 0xa3, 0x10, 0xa3, 0x10, 0xa3,
    0x10, 0xa3, 0x10, 0xa3, 0x10, 0xa3, 0x10, 0xa3, 0x10, 0xa3, 0x10, 0xa3, 0x10, 0xa3, 0x10, 0xa3, 0x10, 0xa3, 0x10,
    0xa3, 0x10, 0xa3, 0x10, 0xa3, 0x10, 0xa3, 0x10, 0xa3, 0x10, 0xa3, 0x10, 0xa3, 0x10, 0xa3, 0x10, 0xa3, 0x10, 0xa3,
    0x10, 0xa3, 0x10, 0xa3, 0x10, 0xa3, 0x10, 0xa3, 0x10, 0xa3, 0x10, 0xa3, 0x10, 0xa3, 0x10, 0xa3, 0x10, 0xa3, 0x10,
    0xa3, 0x10, 0xa3, 0x10, 0xa3, 0x10, 0xa3, 0x10, 0xa3, 0x10, 0xa3, 0x10, 0xa3, 0x10, 0xa3, 0x10, 0xa3, 0x10, 0xa3,
    0x10, 0xa3, 0x10, 0xa3, 0x10, 0xa3, 0x10, 0xa3, 0x10, 0xa3, 0x10, 0xa3, 0x10, 0xa3, 0x10, 0xa3, 0x10, 0xa3, 0x10,
    0xa3, 0x10, 0xa3, 0x10, 0xa3, 0x10, 0xa3, 0x10, 0xa3, 0x10, 0xa3, 0x10, 0xa3, 0x10, 0xa3, 0x10, 0xa3, 0x10, 0xa3,
    0x10, 0xa3, 0x10, 0xa3, 0x10, 0xa3, 0x10, 0xa3, 0x10, 0xa3, 0x10, 0xa3, 0x10, 0xa3, 0x10, 0xa3, 0x10, 0xa3, 0x10,
    0xa3, 0x10, 0xa3, 0x10, 0xa3, 0x10, 0xa3, 0x10, 0xa3, 0x10, 0xa3, 0x10, 0xa3, 0x10, 0xa3, 0x10, 0xa3, 0x10, 0xa3,
    0x10, 0xa3, 0x10, 0xa3, 0x10, 0xa3, 0x10, 0xa3, 0x10, 0xa3, 0x10, 0xa3, 0x10, 0xa3, 0x10, 0xa3, 0x10, 0xa3, 0x10,
    0xa3, 0x10, 0xa3, 0x10, 0xa3, 0x10, 0xa3, 0x10, 0xa3, 0x10, 0xa3, 0x10, 0xa3, 0x10, 0xa3, 0x10, 0xa3, 0x10, 0xa3,
    0x10, 0xa3, 0x10, 0xa3, 0x10, 0xa3, 0x10, 0xa3, 0x10, 0xa3, 0x10, 0xa3, 0x10, 0xa3, 0x10, 0xa3, 0x10, 0xa3, 0x10,
    0xa3, 0x10, 0xa3, 0x10, 0xa3, 0x10, 0xa3, 0x10, 0xa3, 0x10, 0xa3, 0x10, 0xa3, 0x10, 0xa3, 0x10, 0xa3, 0x10, 0xa3,
    0x10, 0xa3, 0x10, 0xa3, 0x10, 0xa3, 0x10, 0xa3, 0x10, 0xa3, 0x10, 0xa3, 0x10, 0xa3, 0x10, 0xa3, 0x10, 0xa3, 0x10,
    0xa3, 0x10, 0xa3, 0x10, 0xa3, 0x10, 0xa3, 0x10, 0xa3, 0x10, 0xa3, 0x10, 0xa3, 0x10, 0xa3, 0x10, 0xa3, 0x10, 0xa3,
    0x10, 0xa3, 0x10, 0xa3, 0x10, 0xa3, 0x10, 0xa3, 0x10, 0xa3, 0x10, 0xa3, 0x10, 0xa3, 0x10, 0xa3, 0x10, 0xa3, 0x10,
    0xa3, 0x10, 0xa3, 0x10, 0xa3, 0x10, 0xa3, 0x10, 0xa3, 0x10, 0xa3, 0x10, 0xa3, 0x10, 0xa3, 0x10, 0xa3, 0x10, 0xa3,
    0x10, 0xa3, 0x10, 0xa3, 0x10, 0xa3, 0x10, 0xa3, 0x10, 0xa3, 0x10, 0xa3, 0x10, 0xa3, 0x10, 0xa3, 0x10, 0xa3, 0x10,
    0xa3, 0x10, 0xa3, 0x10, 0xa3, 0x10, 0xa3, 0x10, 0xa3, 0x10, 0xa3, 0x10, 0xa3, 0x10, 0xa3, 0x10, 0xa3, 0x10, 0xa3,
    0x10, 0xa3, 0x10, 0xa3, 0x10, 0xa3, 0x10, 0xa3, 0x10, 0xa3, 0x10, 0xa3, 0x10, 0xa3, 0x10, 0xa3, 0x10, 0xa3, 0x10,
    0xa3, 0x10, 0xa3, 0x10, 0xa3, 0x10, 0xa3, 0x10, 0xa3, 0x10, 0xa3, 0x10, 0xa3, 0x10, 0xa3, 0x10, 0xa3, 0x10, 0xa3,
    0x10, 0xa3, 0x10, 0xa3, 0x10, 0xa3, 0x10, 0xa3, 0x10, 0xa3, 0x10, 0xa3, 0x10, 0xa3, 0x10, 0xa3, 0x10, 0xa3, 0x10,
    0xa3, 0x10, 0xa3, 0x10, 0xa3, 0x10, 0xa3, 0x10, 0xa3, 0x10, 0xa3, 0x10, 0xa3, 0x10, 0xa3, 0x10, 0xa3, 0x10, 0xa3,
    0x10, 0xa3, 0x10, 0xa3, 0x10, 0xa3, 0x10, 0xa3, 0x10, 0xa3, 0x10, 0xa3, 0x10, 0xa3, 0x10, 0xa3, 0x10, 0xa3, 0x10,
    0xa3, 0x10, 0xa3, 0x10, 0xa3, 0x10, 0xa3, 0x10, 0xa3, 0x10, 0xa3, 0x10, 0xa3, 0x10, 0xa3, 0x10, 0xa3, 0x10, 0xa3,
    0x10, 0xa3, 0x10, 0xa3, 0x10, 0xa3, 0x10, 0xa3, 0x10, 0xa3, 0x10, 0xa3, 0x10, 0xa3, 0x10, 0xa3, 0x10, 0xa3, 0x10,
    0xa3, 0x10, 0xa3, 0x10, 0xa3, 0x10, 0xa3, 0x10, 0xa3, 0x10, 0xa3, 0x10, 0xa3, 0x10, 0xa3, 0x10, 0xa3, 0x10, 0xa3,
    0x10, 0xa3, 0x10, 0xa3, 0x10, 0xa3, 0x10, 0xa3, 0x10, 0xa3, 0x10, 0xa3, 0x10, 0xa3, 0x10, 0xa3, 0x10, 0xa3, 0x10,
    0xa3, 0x10, 0xa3, 0x10, 0xa3, 0x10, 0xa3, 0x10, 0xa3, 0x10, 0xa3, 0x10, 0xa3, 0x10, 0xa3, 0x10, 0xa3, 0x10, 0xa3,
    0x10, 0xa3, 0x10, 0xa3, 0x10, 0xa3, 0x10, 0xa3, 0x10, 0xa3, 0x10, 0xa3, 0x10, 0xa3, 0x10, 0xa3, 0x10, 0xa3, 0x10,
    0xa3, 0x10, 0xa3, 0x10, 0xa3, 0x10, 0xa3, 0x10, 0xa3, 0x10, 0xa3, 0x10, 0xa3, 0x10, 0xa3, 0x10, 0xa3, 0x10, 0xa3,
    0x10, 0xa3, 0x10, 0xa3, 0x10, 0xa3, 0x10, 0xa3, 0x10, 0xa3, 0x10, 0xa3, 0x10, 0xa3, 0x10, 0xa3, 0x10, 0xa3, 0x10,
    0xa3, 0x10, 0xa3, 0x10, 0xa3, 0x10, 0xa3, 0x10, 0xa3, 0x10, 0xa3, 0x10, 0xa3, 0x10, 0xa3, 0x10, 0xa3, 0x10, 0xa3,
    0x10, 0xa3, 0x10, 0xa3, 0x10, 0xa3, 0x10, 0xa3, 0x10, 0xa3, 0x10, 0xa3, 0x10, 0xa3, 0x10, 0xa3, 0x10, 0xa3, 0x10,
    0xa3, 0x10, 0xa3, 0x10, 0xa3, 0x10, 0xa3, 0x10, 0xa3, 0x10, 0xa3, 0x10, 0xa3, 0x10, 0xa3, 0x10, 0xa3, 0x10, 0xa3,
    0x10, 0xa3, 0x10, 0xa3, 0x10, 0xa3, 0x10, 0xa3, 0x10, 0xa3, 0x10, 0xa3, 0x10, 0xa3, 0x10, 0xa3, 0x10, 0xa3, 0x10,
    0xa3, 0x10, 0xa3, 0x10, 0xa3, 0x10, 0xa3, 0x10, 0xa3, 0x10, 0xa3, 0x10, 0xa3, 0x10, 0xa3, 0x10, 0xa3, 0x10, 0xa3,
    0x10, 0xa3, 0x10, 0xa3, 0x10, 0xa3, 0x10, 0xa3, 0x10, 0xa3, 0x10, 0xa3, 0x10, 0xa3, 0x10, 0xa3, 0x10, 0xa3, 0x10,
    0xa3, 0x10, 0xa3, 0x10, 0xa3, 0x10, 0xa3, 0x10, 0xa3, 0x10, 0xa3, 0x10, 0xa3, 0x10, 0xa3, 0x10, 0xa3, 0x10, 0xa3,
    0x10, 0xa3, 0x10, 0xa3, 0x10, 0xa3, 0x10, 0xa3, 0x10, 0xa3, 0x10, 0xa3, 0x10, 0xa3, 0x10, 0xa3, 0x10, 0xa3, 0x10,
    0xa3, 0x10, 0xa3, 0x10, 0xa3, 0x10, 0xa3, 0x10, 0xa3, 0x10, 0xa3, 0x10, 0xa3, 0x10, 0xa3, 0x10, 0xa3, 0x10, 0xa3,
    0x10, 0xa3, 0x10, 0xa3, 0x10, 0xa3, 0x10, 0xa3, 0x10, 0xa3, 0x10, 0xa3, 0x10, 0xa3, 0x10, 0xa3, 0x10, 0xa3, 0x10,
    0xa3, 0x10, 0xa3, 0x10, 0xa3, 0x10, 0xa3, 0x10, 0xa3, 0x10, 0xa3, 0x10, 0xa3, 0x10, 0xa3, 0x10, 0xa3, 0x10, 0xa3,
    0x10, 0xa3, 0x10, 0xa3, 0x10, 0xa3, 0x10, 0xa3, 0x10, 0xa3, 0x10, 0xa3, 0x10, 0xa3, 0x10, 0xa3, 0x10, 0xa3, 0x10,
    0xa3, 0x10, 0xa3, 0x10, 0xa3, 0x10, 0xa3, 0x10, 0xa3, 0x10, 0xa3, 0x10, 0xa3, 0x10, 0xa3, 0x10, 0xa3, 0x10, 0xa3,
    0x10, 0xa3, 0x10, 0xa3, 0x10, 0xa3, 0x10, 0xa3, 0x10, 0xa3, 0x10, 0xa3, 0x10, 0xa3, 0x10, 0xa3, 0x10, 0xa3, 0x10,
    0xa3, 0x10, 0xa3, 0x10, 0xa3, 0x10, 0xa3, 0x10, 0xa3, 0x10, 0xa3, 0x10, 0xa3, 0x10, 0xa3, 0x10, 0xa3, 0x10, 0xa3,
    0x10, 0xa3, 0x10, 0xa3, 0x10, 0xa3, 0x10, 0xa3, 0x10, 0xa3, 0x10, 0xa3, 0x10, 0xa3, 0x10, 0xa3, 0x10, 0xa3, 0x10,
    0xa3, 0x10, 0xa3, 0x10, 0xa3, 0x10, 0xa3, 0x10, 0xa3, 0x10, 0xa3, 0x10, 0xa3, 0x10, 0xa3, 0x10, 0xa3, 0x10, 0xa3,
    0x10, 0xa3, 0x10, 0xa3, 0x10, 0xa3, 0x10, 0xa3, 0x10, 0xa3, 0x10, 0xa3, 0x10, 0xa3, 0x10, 0xa3, 0x10, 0xa3, 0x10,
    0xa3, 0x10, 0xa3, 0x10, 0xa3, 0x10, 0xa3, 0x10, 0xa3, 0x10, 0xa3, 0x10, 0xa3, 0x10, 0xa3, 0x10, 0xa3, 0x10, 0xa3,
    0x10, 0xa3, 0x10, 0xa3, 0x10, 0xa3, 0x10, 0xa3, 0x10, 0xa3, 0x10, 0xa3, 0x10, 0xa3, 0x10, 0xa3, 0x10, 0xa3, 0x10,
    0xa3, 0x10, 0xa3, 0x10, 0xa3, 0x10, 0xa3, 0x10, 0xa3, 0x10, 0xa3, 0x10, 0xa3, 0x10, 0xa3, 0x10, 0xa3, 0x10, 0xa3,
    0x10, 0xa3, 0x10, 0xa3, 0x10, 0xa3, 0x10, 0xa3, 0x10, 0xa3, 0x10, 0xa3, 0x10, 0xa3, 0x10, 0xa3, 0x10, 0xa3, 0x10,
    0xa3, 0x10, 0xa3, 0x10, 0xa3, 0x10, 0xa3, 0x10, 0xa3, 0x10, 0xa3, 0x10, 0xa3, 0x10, 0xa3, 0x10, 0xa3, 0x10, 0xa3,
    0x10, 0xa3, 0x10, 0xa3, 0x10, 0xa3, 0x10, 0xa3, 0x10, 0xa3, 0x10, 0xa3, 0x10, 0xa3, 0x10, 0xa3, 0x10, 0xa3, 0x10,
    0xa3, 0x10, 0xa3, 0x10, 0xa3, 0x10, 0xa3, 0x10, 0xa3, 0x10, 0xa3, 0x10, 0xa3, 0x10, 0xa3, 0x10, 0xa3, 0x10, 0xa3,
    0x10, 0xa3, 0x10, 0xa3, 0x10, 0xa3, 0x10, 0xa3, 0x10, 0xa3, 0x10, 0xa3, 0x10, 0xa3, 0x10, 0xa3, 0x10, 0xa3, 0x10,
    0xa3, 0x10, 0xa3, 0x10, 0xa3, 0x10, 0xa3, 0x10, 0xa3, 0x10, 0xa3, 0x10, 0xa3, 0x10, 0xa3, 0x10, 0xa3, 0x10, 0xa3,
    0x10, 0xa3, 0x10, 0xa3, 0x10, 0xa3, 0x10, 0xa3, 0x10, 0xa3, 0x10, 0xa3, 0x10, 0xa3, 0x10, 0xa3, 0x10, 0xa3, 0x10,
    0xa3, 0x10, 0xa3, 0x10, 0xa3, 0x10, 0xa3, 0x10, 0xa3, 0x10, 0xa3, 0x10, 0xa3, 0x10, 0xa3, 0x10, 0xa3, 0x10, 0xa3,
    0x10, 0xa3, 0x10, 0xa3, 0x10, 0xa3, 0x10, 0xa3, 0x10, 0xa3, 0x10, 0xa3, 0x10, 0xa3, 0x10, 0xa3, 0x10, 0xa3, 0x10,
    0xa3, 0x10, 0xa3, 0x10, 0xa3, 0x10, 0xa3, 0x10, 0xa3, 0x10, 0xa3, 0x10, 0xa3, 0x10, 0xa3, 0x10, 0xa3, 0x10, 0xa3,
    0x10, 0xa3, 0x10, 0xa3, 0x10, 0xa3, 0x10, 0xa3, 0x10, 0xa3, 0x10, 0xa3, 0x10, 0xa3, 0x10, 0xa3, 0x10, 0xa3, 0x10,
    0xa3, 0x10, 0xa3, 0x10, 0xa3, 0x10, 0xa3, 0x10, 0xa3, 0x10, 0xa3, 0x10, 0xa3, 0x10, 0xa3, 0x10, 0xa3, 0x10, 0xa3,
    0x10, 0xa3, 0x10, 0xa3, 0x10, 0xa3, 0x10, 0xa3, 0x10, 0xa3, 0x10, 0xa3, 0x10, 0xa3, 0x10, 0xa3, 0x10, 0xa3, 0x10,
    0xa3, 0x10, 0xa3, 0x10, 0xa3, 0x10, 0xa3, 0x10, 0xa3, 0x10, 0xa3, 0x10, 0xa3, 0x10, 0xa3, 0x10, 0xa3, 0x10, 0xa3,
    0x10, 0xa3, 0x10, 0xa3, 0x10, 0xa3, 0x10, 0xa3, 0x10, 0xa3, 0x10, 0xa3, 0x10, 0xa3, 0x10, 0xa3, 0x10, 0xa3, 0x10,
    0xa3, 0x10, 0xa3, 0x10, 0xa3, 0x10, 0xa3, 0x10, 0xa3, 0x10, 0xa3, 0x10, 0xa3, 0x10, 0xa3, 0x10, 0xa3, 0x10, 0xa3,
    0x10, 0xa3, 0x10, 0xa3, 0x10, 0xa3, 0x10, 0xa3, 0x10, 0xa3, 0x10, 0xa3, 0x10, 0xa3, 0x10, 0xa3, 0x10, 0xa3, 0x10,
    0xa3, 0x10, 0xa3, 0x10, 0xa3, 0x10, 0xa3, 0x10, 0xa3, 0x10, 0xa3, 0x10, 0xa3, 0x10, 0xa3, 0x10, 0xa3, 0x10, 0xa3,
    0x10, 0xa3, 0x10, 0xa3, 0x10, 0xa3, 0x10, 0xa3, 0x10, 0xa3, 0x10, 0xa3, 0x10, 0xa3, 0x10, 0xa3, 0x10, 0xa3, 0x10,
    0xa3, 0x10, 0xa3, 0x10, 0xa3, 0x10, 0xa3, 0x10, 0xa3, 0x10, 0xa3, 0x10, 0xa3, 0x10, 0xa3, 0x10, 0xa3, 0x10, 0xa3,
    0x10, 0xa3, 0x10, 0xa3, 0x10, 0xa3, 0x10, 0xa3, 0x10, 0xa3, 0x10, 0xa3, 0x10, 0xa3, 0x10, 0xa3, 0x10, 0xa3, 0x10,
    0xa3, 0x10, 0xa3, 0x10, 0xa3, 0x10, 0xa3, 0x10, 0xa3, 0x10, 0xa3, 0x10, 0xa3, 0x10, 0xa3, 0x10, 0xa3, 0x10, 0xa3,
    0x10, 0xa3, 0x10, 0xa3, 0x10, 0xa3, 0x10, 0xa3, 0x10, 0xa3, 0x10, 0xa3, 0x10, 0xa3, 0x10, 0xa3, 0x10, 0xa3, 0x10,
    0xa3, 0x10, 0xa3, 0x10, 0xa3, 0x10, 0xa3, 0x10, 0xa3, 0x10, 0xa3, 0x10, 0xa3, 0x10, 0xa3, 0x10, 0xa3, 0x10, 0xa3,
    0x10, 0xa3, 0x10, 0xa3, 0x10, 0xa3, 0x10, 0xa3, 0x10, 0xa3, 0x10, 0xa3, 0x10, 0xa3, 0x10, 0xa3, 0x10, 0xa3, 0x10,
    0xa3, 0x10, 0xa3, 0x10, 0xa3, 0x10, 0xa3, 0x10, 0xa3, 0x10, 0xa3, 0x10, 0xa3, 0x10, 0xa3, 0x10, 0xa3, 0x10, 0xa3,
    0x10, 0xa3, 0x10, 0xa3, 0x10, 0xa3, 0x10, 0xa3, 0x10, 0xa3, 0x10, 0xa3, 0x10, 0xa3, 0x10, 0xa3, 0x10, 0xa3, 0x10,
    0xa3, 0x10, 0xa3, 0x10, 0xa3, 0x10, 0xa3, 0x10, 0xa3, 0x10, 0xa3, 0x10, 0xa3, 0x10, 0xa3, 0x10, 0xa3, 0x10, 0xa3,
    0x10, 0xa3, 0x10, 0xa3, 0x10, 0xa3, 0x10, 0xa3, 0x10, 0xa3, 0x10, 0xa3, 0x10, 0xa3, 0x10, 0xa3, 0x10, 0xa3, 0x10,
    0xa3, 0x10, 0xa3, 0x10, 0xa3, 0x10, 0xa3, 0x10, 0xa3, 0x10, 0xa3, 0x10, 0xa3, 0x10, 0xa3, 0x10, 0xa3, 0x10, 0xa3,
    0x10, 0xa3, 0x10, 0xa3, 0x10, 0xa3, 0x10, 0xa3, 0x10, 0xa3, 0x10, 0xa3, 0x10, 0xa3, 0x10, 0xa3, 0x10, 0xa3, 0x10,
    0xa3, 0x10, 0xa3, 0x10, 0xa3, 0x10, 0xa3, 0x10, 0xa3, 0x10, 0xa3, 0x10, 0xa3, 0x10, 0xa3, 0x10, 0xa3, 0x10, 0xa3,
    0x10, 0xa3, 0x10, 0xa3, 0x10, 0xa3, 0x10, 0xa3, 0x10, 0xa3, 0x10, 0xa3, 0x10, 0xa3, 0x10, 0xa3, 0x10, 0xa3, 0x10,
    0xa3, 0x10, 0xa3, 0x10, 0xa3, 0x10, 0xa3, 0x10, 0xa3, 0x10, 0xa3, 0x10, 0xa3, 0x10, 0xa3, 0x10, 0xa3, 0x10, 0xa3,
    0x10, 0xa3, 0x10, 0xa3, 0x10, 0xa3, 0x10, 0xa3, 0x10, 0xa3, 0x10, 0xa3, 0x10, 0xa3, 0x10, 0xa3, 0x10, 0xa3, 0x10,
    0xa3, 0x10, 0xa3, 0x10, 0xa3, 0x10, 0xa3, 0x10, 0xa3, 0x10, 0xa3, 0x10, 0xa3, 0x10, 0xa3, 0x10, 0xa3, 0x10, 0xa3,
    0x10, 0xa3, 0x10, 0xa3, 0x10, 0xa3, 0x10, 0xa3, 0x10, 0xa3, 0x10, 0xa3, 0x10, 0xa3, 0x10, 0xa3, 0x10, 0xa3, 0x10,
    0xa3, 0x10, 0xa3, 0x10, 0xa3, 0x10, 0xa3, 0x10, 0xa3, 0x10, 0xa3, 0x10, 0xa3, 0x10, 0xa3, 0x10, 0xa3, 0x10, 0xa3,
    0x10, 0xa3, 0x10, 0xa3, 0x10, 0xa3, 0x10, 0xa3, 0x10, 0xa3, 0x10, 0xa3, 0x10, 0xa3, 0x10, 0xa3, 0x10, 0xa3, 0x10,
    0xa3, 0x10, 0xa3, 0x10, 0xa3, 0x10, 0xa3, 0x10, 0xa3, 0x10, 0xa3, 0x10, 0xa3, 0x10, 0xa3, 0x10, 0xa3, 0x10, 0xa3,
    0x10, 0xa3, 0x10, 0xa3, 0x10, 0xa3, 0x10, 0xa3, 0x10, 0xa3, 0x10, 0xa3, 0x10, 0xa3, 0x10, 0xa3, 0x10, 0xa3, 0x10,
    0xa3, 0x10, 0xa3, 0x10, 0xa3, 0x10, 0xa3, 0x10, 0xa3, 0x10, 0xa3, 0x10, 0xa3, 0x10, 0xa3, 0x10, 0xa3, 0x10, 0xa3,
    0x10, 0xa3, 0x10, 0xa3, 0x10, 0xa3, 0x10, 0xa3, 0x10, 0xa3, 0x10, 0xa3, 0x10, 0xa3, 0x10, 0xa3, 0x10, 0xa3, 0x10,
    0xa3, 0x10, 0xa3, 0x10, 0xa3, 0x10, 0xa3, 0x10, 0xa3, 0x10, 0xa3, 0x10, 0xa3, 0x10, 0xa3, 0x10, 0xa3, 0x10, 0xa3,
    0x10, 0xa3, 0x10, 0xa3, 0x10, 0xa3, 0x10, 0xa3, 0x10, 0xa3, 0x10, 0xa3, 0x10, 0xa3, 0x10, 0xa3, 0x10, 0xa3, 0x10,
    0xa3, 0x10, 0xa3, 0x10, 0xa3, 0x10, 0xa3, 0x10, 0xa3, 0x10, 0xa3, 0x10, 0xa3, 0x10, 0xa3, 0x10, 0xa3, 0x10, 0xa3,
    0x10, 0xa3, 0x10, 0xa3, 0x10, 0xa3, 0x10, 0xa3, 0x10, 0xa3, 0x10, 0xa3, 0x10, 0xa3, 0x10, 0xa3, 0x10, 0xa3, 0x10,
    0xa3, 0x10, 0xa3, 0x10, 0xa3, 0x10, 0xa3, 0x10, 0xa3, 0x10, 0xa3, 0x10, 0xa3, 0x10, 0xa3, 0x10, 0xa3, 0x10, 0xa3,
    0x10, 0xa3, 0x10, 0xa3, 0x10, 0xa3, 0x10, 0xa3, 0x10, 0xa3, 0x10, 0xa3, 0x10, 0xa3, 0x10, 0xa3, 0x10, 0xa3, 0x10,
    0xa3, 0x10, 0xa3, 0x10, 0xa3, 0x10, 0xa3, 0x10, 0xa3, 0x10, 0xa3, 0x10, 0xa3, 0x10, 0xa3, 0x10, 0xa3, 0x10, 0xa3,
    0x10, 0xa3, 0x10, 0xa3, 0x10, 0xa3, 0x10, 0xa3, 0x10, 0xa3, 0x10, 0xa3, 0x10, 0xa3, 0x10, 0xa3, 0x10, 0xa3, 0x10,
    0xa3, 0x10, 0xa3, 0x10, 0xa3, 0x10, 0xa3, 0x10, 0xa3, 0x10, 0xa3, 0x10, 0xa3, 0x10, 0xa3, 0x10, 0xa3, 0x10, 0xa3,
    0x10, 0xa3, 0x10, 0xa3, 0x10, 0xa3, 0x10, 0xa3, 0x10, 0xa3, 0x10, 0xa3, 0x10, 0xa3, 0x10, 0xa3, 0x10, 0xa3, 0x10,
    0xa3, 0x10, 0xa3, 0x10, 0xa3, 0x10, 0xa3, 0x10, 0xa3, 0x10, 0xa3, 0x10, 0xa3, 0x10, 0xa3, 0x10, 0xa3, 0x10, 0xa3,
    0x10, 0xa3, 0x10, 0xa3, 0x10, 0xa3, 0x10, 0xa3, 0x10, 0xa3, 0x10, 0xa3, 0x10, 0xa3, 0x10, 0xa3, 0x10, 0xa3, 0x10,
    0xa3, 0x10, 0xa3, 0x10, 0xa3, 0x10, 0xa3, 0x10, 0xa3, 0x10, 0xa3, 0x10, 0xa3, 0x10, 0xa3, 0x10, 0xa3, 0x10, 0xa3,
    0x10, 0xa3, 0x10, 0xa3, 0x10, 0xa3, 0x10, 0xa3, 0x10, 0xa3, 0x10, 0xa3, 0x10, 0xa3, 0x10, 0xa3, 0x10, 0xa3, 0x10,
    0xa3, 0x10, 0xa3, 0x10, 0xa3, 0x10, 0xa3, 0x10, 0xa3, 0x10, 0xa3, 0x10, 0xa3, 0x10, 0xa3, 0x10, 0xa3, 0x10, 0xa3,
    0x10, 0xa3, 0x10, 0xa3, 0x10, 0xa3, 0x10, 0xa3, 0x10, 0xa3, 0x10, 0xa3, 0x10, 0xa3, 0x10, 0xa3, 0x10, 0xa3, 0x10,
    0xa3, 0x10, 0xa3, 0x10, 0xa3, 0x10, 0xa3, 0x10, 0xa3, 0x10, 0xa3, 0x10, 0xa3, 0x10, 0xa3, 0x10, 0xa3, 0x10, 0xa3,
    0x10, 0xa3, 0x10, 0xa3, 0x10, 0xa3, 0x10, 0xa3, 0x10, 0xa3, 0x10, 0xa3, 0x10, 0xa3, 0x10, 0xa3, 0x10, 0xa3, 0x10,
    0xa3, 0x10, 0xa3, 0x10, 0xa3, 0x10, 0xa3, 0x10, 0xa3, 0x10, 0xa3, 0x10, 0xa3, 0x10, 0xa3, 0x10, 0xa3, 0x10, 0xa3,
    0x10, 0xa3, 0x10, 0xa3, 0x10, 0xa3, 0x10, 0xa3, 0x10, 0xa3, 0x10, 0xa3, 0x10, 0xa3, 0x10, 0xa3, 0x10, 0xa3, 0x10,
    0xa3, 0x10, 0xa3, 0x10, 0xa3, 0x10, 0xa3, 0x10, 0xa3, 0x10, 0xa3, 0x10, 0xa3, 0x10, 0xa3, 0x10, 0xa3, 0x10, 0xa3,
    0x10, 0xa3, 0x10, 0xa3, 0x10, 0xa3, 0x10, 0xa3, 0x10, 0xa3, 0x10, 0xa3, 0x10, 0xa3, 0x10, 0xa3, 0x10, 0xa3, 0x10,
    0xa3, 0x10, 0xa3, 0x10, 0xa3, 0x10, 0xa3, 0x10, 0xa3, 0x10, 0xa3, 0x10, 0xa3, 0x10, 0xa3, 0x10, 0xa3, 0x10, 0xa3,
    0x10, 0xa3, 0x10, 0xa3, 0x10, 0xa3, 0x10, 0xa3, 0x10, 0xa3, 0x10, 0xa3, 0x10, 0xa3, 0x10, 0xa3, 0x10, 0xa3, 0x10,
    0xa3, 0x10, 0xa3, 0x10, 0xa3, 0x10, 0xa3, 0x10, 0xa3, 0x10, 0xa3, 0x10, 0xa3, 0x10, 0xa3, 0x10, 0xa3, 0x10, 0xa3,
    0x10, 0xa3, 0x10, 0xa3, 0x10, 0xa3, 0x10, 0xa3, 0x10, 0xa3, 0x10, 0xa3, 0x10, 0xa3, 0x10, 0xa3, 0x10, 0xa3, 0x10,
    0xa3, 0x10, 0xa3, 0x10, 0xa3, 0x10, 0xa3, 0x10, 0xa3, 0x10, 0xa3, 0x10, 0xa3, 0x10, 0xa3, 0x10, 0xa3, 0x10, 0xa3,
    0x10, 0xa3, 0x10, 0xa3, 0x10, 0xa3, 0x10, 0xa3, 0x10, 0xa3, 0x10, 0xa3, 0x10, 0xa3, 0x10, 0xa3, 0x10, 0xa3, 0x10,
    0xa3, 0x10, 0xa3, 0x10, 0xa3, 0x10, 0xa3, 0x10, 0xa3, 0x10, 0xa3, 0x10, 0xa3, 0x10, 0xa3, 0x10, 0xa3, 0x10, 0xa3,
    0x10, 0xa3, 0x10, 0xa3, 0x10, 0xa3, 0x10, 0xa3, 0x10, 0xa3, 0x10, 0xa3, 0x10, 0xa3, 0x10, 0xa3, 0x10, 0xa3, 0x10,
    0xa3, 0x10, 0xa3, 0x10, 0xa3, 0x10, 0xa3, 0x10, 0xa3, 0x10, 0xa3, 0x10, 0xa3, 0x10, 0xa3, 0x10, 0xa3, 0x10, 0xa3,
    0x10, 0xa3, 0x10, 0xa3, 0x10, 0xa3, 0x10, 0xa3, 0x10, 0xa3, 0x10, 0xa3, 0x10, 0xa3, 0x10, 0xa3, 0x10, 0xa3, 0x10,
    0xa3, 0x10, 0xa3, 0x10, 0xa3, 0x10, 0xa3, 0x10, 0xa3, 0x10, 0xa3, 0x10, 0xa3, 0x10, 0xa3, 0x10, 0xa3, 0x10, 0xa3,
    0x10, 0xa3, 0x10, 0xa3, 0x10, 0xa3, 0x10, 0xa3, 0x10, 0xa3, 0x10, 0xa3, 0x10, 0xa3, 0x10, 0xa3, 0x10, 0xa3, 0x10,
    0xa3, 0x10, 0xa3, 0x10, 0xa3, 0x10, 0xa3, 0x10, 0xa3, 0x10, 0xa3, 0x10, 0xa3, 0x10, 0xa3, 0x10, 0xa3, 0x10, 0xa3,
    0x10, 0xa3, 0x10, 0xa3, 0x10, 0xa3, 0x10, 0xa3, 0x10, 0xa3, 0x10, 0xa3, 0x10, 0xa3, 0x10, 0xa3, 0x10, 0xa3, 0x10,
    0xa3, 0x10, 0xa3, 0x10, 0xa3, 0x10, 0xa3, 0x10, 0xa3, 0x10, 0xa3, 0x10, 0xa3, 0x10, 0xa3, 0x10, 0xa3, 0x10, 0xa3,
    0x10, 0xa3, 0x10, 0xa3, 0x10, 0xa3, 0x10, 0xa3, 0x10, 0xa3, 0x10, 0xa3, 0x10, 0xa3, 0x10, 0xa3, 0x10, 0xa3, 0x10,
    0xa3, 0x10, 0xa3, 0x10, 0xa3, 0x10, 0xa3, 0x10, 0xa3, 0x10, 0xa3, 0x10, 0xa3, 0x10, 0xa3, 0x10, 0xa3, 0x10, 0xa3,
    0x10, 0xa3, 0x10, 0xa3, 0x10, 0xa3, 0x10, 0xa3, 0x10, 0xa3, 0x10, 0xa3, 0x10, 0xa3, 0x10, 0xa3, 0x10, 0xa3, 0x10,
    0xa3, 0x10, 0xa3, 0x10, 0xa3, 0x10, 0xa3, 0x10, 0xa3, 0x10, 0xa3, 0x10, 0xa3, 0x10, 0xa3, 0x10, 0xa3, 0x10, 0xa3,
    0x10, 0xa3, 0x10, 0xa3, 0x10, 0xa3, 0x10, 0xa3, 0x10, 0xa3, 0x10, 0xa3, 0x10, 0xa3, 0x10, 0xa3, 0x10, 0xa3, 0x10,
    0xa3, 0x10, 0xa3, 0x10, 0xa3, 0x10, 0xa3, 0x10, 0xa3, 0x10, 0xa3, 0x10, 0xa3, 0x10, 0xa3, 0x10, 0xa3, 0x10, 0xa3,
    0x10, 0xa3, 0x10, 0xa3, 0x10, 0xa3, 0x10, 0xa3, 0x10, 0xa3, 0x10, 0xa3, 0x10, 0xa3, 0x10, 0xa3, 0x10, 0xa3, 0x10,
    0xa3, 0x10, 0xa3, 0x10, 0xa3, 0x10, 0xa3, 0x10, 0xa3, 0x10, 0xa3, 0x10, 0xa3, 0x10, 0xa3, 0x10, 0xa3, 0x10, 0xa3,
    0x10, 0xa3, 0x10, 0xa3, 0x10, 0xa3, 0x10, 0xa3, 0x10, 0xa3, 0x10, 0xa3, 0x10, 0xa3, 0x10, 0xa3, 0x10, 0xa3, 0x10,
    0xa3, 0x10, 0xa3, 0x10, 0xa3, 0x10, 0xa3, 0x10, 0xa3, 0x10, 0xa3, 0x10, 0xa3, 0x10, 0xa3, 0x10, 0xa3, 0x10, 0xa3,
    0x10, 0xa3, 0x10, 0xa3, 0x10, 0xa3, 0x10, 0xa3, 0x10, 0xa3, 0x10, 0xa3, 0x10, 0xa3, 0x10, 0xa3, 0x10, 0xa3, 0x10,
    0xa3, 0x10, 0xa3, 0x10, 0xa3, 0x10, 0xa3, 0x10, 0xa3, 0x10, 0xa3, 0x10, 0xa3, 0x10, 0xa3, 0x10, 0xa3, 0x10, 0xa3,
    0x10, 0xa3, 0x10, 0xa3, 0x10, 0xa3, 0x10, 0xa3, 0x10, 0xa3, 0x10, 0xa3, 0x10, 0xa3, 0x10, 0xa3, 0x10, 0xa3, 0x10,
    0xa3, 0x10, 0xa3, 0x10, 0xa3, 0x10, 0xa3, 0x10, 0xa3, 0x10, 0xa3, 0x10, 0xa3, 0x10, 0xa3, 0x10, 0xa3, 0x10, 0xa3,
    0x10, 0xa3, 0x10, 0xa3, 0x10, 0xa3, 0x10, 0xa3, 0x10, 0xa3, 0x10, 0xa3, 0x10, 0xa3, 0x10, 0xa3, 0x10, 0xa3, 0x10,
    0xa3, 0x10, 0xa3, 0x10, 0xa3, 0x10, 0xa3, 0x10, 0xa3, 0x10, 0xa3, 0x10, 0xa3, 0x10, 0xa3, 0x10, 0xa3, 0x10, 0xa3,
    0x10, 0xa3, 0x10, 0xa3, 0x10, 0xa3, 0x10, 0xa3, 0x10, 0xa3, 0x10, 0xa3, 0x10, 0xa3, 0x10, 0xa3, 0x10, 0xa3, 0x10,
    0xa3, 0x10, 0xa3, 0x10, 0xa3, 0x10, 0xa3, 0x10, 0xa3, 0x10, 0xa3, 0x10, 0xa3, 0x10, 0xa3, 0x10, 0xa3, 0x10, 0xa3,
    0x10, 0xa3, 0x10, 0xa3, 0x10, 0xa3, 0x10, 0xa3, 0x10, 0xa3, 0x10, 0xa3, 0x10, 0xa3, 0x10, 0xa3, 0x10, 0xa3, 0x10,
    0xa3, 0x10, 0xa3, 0x10, 0xa3, 0x10, 0xa3, 0x10, 0xa3, 0x10, 0xa3, 0x10, 0xa3, 0x10, 0xa3, 0x10, 0xa3, 0x10, 0xa3,
    0x10, 0xa3, 0x10, 0xa3, 0x10, 0xa3, 0x10, 0xa3, 0x10, 0xa3, 0x10, 0xa3, 0x10, 0xa3, 0x10, 0xa3, 0x10, 0xa3, 0x10,
    0xa3, 0x10, 0xa3, 0x10, 0xa3, 0x10, 0xa3, 0x10, 0xa3, 0x10, 0xa3, 0x10, 0xa3, 0x10, 0xa3, 0x10, 0xa3, 0x10, 0xa3,
    0x10, 0xa3, 0x10, 0xa3, 0x10, 0xa3, 0x10, 0xa3, 0x10, 0xa3, 0x10, 0xa3, 0x10, 0xa3, 0x10, 0xa3, 0x10, 0xa3, 0x10,
    0xa3, 0x10, 0xa3, 0x10, 0xa3, 0x10, 0xa3, 0x10, 0xa3, 0x10, 0xa3, 0x10, 0xa3, 0x10, 0xa3, 0x10, 0xa3, 0x10, 0xa3,
    0x10, 0xa3, 0x10, 0xa3, 0x10, 0xa3, 0x10, 0xa3, 0x10, 0xa3, 0x10, 0xa3, 0x10, 0xa3, 0x10, 0xa3, 0x10, 0xa3, 0x10,
    0xa3, 0x10, 0xa3, 0x10, 0xa3, 0x10, 0xa3, 0x10, 0xa3, 0x10, 0xa3, 0x10, 0xa3, 0x10, 0xa3, 0x10, 0xa3, 0x10, 0xa3,
    0x10, 0xa3, 0x10, 0xa3, 0x10, 0xa3, 0x10, 0xa3, 0x10, 0xa3, 0x10, 0xa3, 0x10, 0xa3, 0x10, 0xa3, 0x10, 0xa3, 0x10,
    0xa3, 0x10, 0xa3, 0x10, 0xa3, 0x10, 0xa3, 0x10, 0xa3, 0x10, 0xa3, 0x10, 0xa3, 0x10, 0xa3, 0x10, 0xa3, 0x10, 0xa3,
    0x10, 0xa3, 0x10, 0xa3, 0x10, 0xa3, 0x10, 0xa3, 0x10, 0xa3, 0x10, 0xa3, 0x10, 0xa3, 0x10, 0xa3, 0x10, 0xa3, 0x10,
    0xa3, 0x10, 0xa3, 0x10, 0xa3, 0x10, 0xa3, 0x10, 0xa3, 0x10, 0xa3, 0x10, 0xa3, 0x10, 0xa3, 0x10, 0xa3, 0x10, 0xa3,
    0x10, 0xa3, 0x10, 0xa3, 0x10, 0xa3, 0x10, 0xa3, 0x10, 0xa3, 0x10, 0xa3, 0x10, 0xa3, 0x10, 0xa3, 0x10, 0xa3, 0x10,
    0xa3, 0x10, 0xa3, 0x10, 0xa3, 0x10, 0xa3, 0x10, 0xa3, 0x10, 0xa3, 0x10, 0xa3, 0x10, 0xa3, 0x10, 0xa3, 0x10, 0xa3,
    0x10, 0xa3, 0x10, 0xa3, 0x10, 0xa3, 0x10, 0xa3, 0x10, 0xa3, 0x10, 0xa3, 0x10, 0xa3, 0x10, 0xa3, 0x10, 0xa3, 0x10,
    0xa3, 0x10, 0xa3, 0x10, 0xa3, 0x10, 0xa3, 0x10, 0xa3, 0x10, 0xa3, 0x10, 0xa3, 0x10, 0xa3, 0x10, 0xa3, 0x10, 0xa3,
    0x10, 0xa3, 0x10, 0xa3, 0x10, 0xa3, 0x10, 0xa3, 0x10, 0xa3, 0x10, 0xa3, 0x10, 0xa3, 0x10, 0xa3, 0x10, 0xa3, 0x10,
    0xa3, 0x10, 0xa3, 0x10, 0xa3, 0x10, 0xa3, 0x10, 0xa3, 0x10, 0xa3, 0x10, 0xa3, 0x10, 0xa3, 0x10, 0xa3, 0x10, 0xa3,
    0x10, 0xa3, 0x10, 0xa3, 0x10, 0xa3, 0x10, 0xa3, 0x10, 0xa3, 0x10, 0xa3, 0x10, 0xa3, 0x10, 0xa3, 0x10, 0xa3, 0x10,
    0xa3, 0x10, 0xa3, 0x10, 0xa3, 0x10, 0xa3, 0x10, 0xa3, 0x10, 0xa3, 0x10, 0xa3, 0x10, 0xa3, 0x10, 0xa3, 0x10, 0xa3,
    0x10, 0xa3, 0x10, 0xa3, 0x10, 0xa3, 0x10, 0xa3, 0x10, 0xa3, 0x10, 0xa3, 0x10, 0xa3, 0x10, 0xa3, 0x10, 0xa3, 0x10,
    0xa3, 0x10, 0xa3, 0x10, 0xa3, 0x10, 0xa3, 0x10, 0xa3, 0x10, 0xa3, 0x10, 0xa3, 0x10, 0xa3, 0x10, 0xa3, 0x10, 0xa3,
    0x10, 0xa3, 0x10, 0xa3, 0x10, 0xa3, 0x10, 0xa3, 0x10, 0xa3, 0x10, 0xa3, 0x10, 0xa3, 0x10, 0xa3, 0x10, 0xa3, 0x10,
    0xa3, 0x10, 0xa3, 0x10, 0xa3, 0x10, 0xa3, 0x10, 0xa3, 0x10, 0xa3, 0x10, 0xa3, 0x10, 0xa3, 0x10, 0xa3, 0x10, 0xa3,
    0x10, 0xa3, 0x10, 0xa3, 0x10, 0xa3, 0x10, 0xa3, 0x10, 0xa3, 0x10, 0xa3, 0x10, 0xa3, 0x10, 0xa3, 0x10, 0xa3, 0x10,
    0xa3, 0x10, 0xa3, 0x10, 0xa3, 0x10, 0xa3, 0x10, 0xa3, 0x10, 0xa3, 0x10, 0xa3, 0x10, 0xa3, 0x10, 0xa3, 0x10, 0xa3,
    0x10, 0xa3, 0x10, 0xa3, 0x10, 0xa3, 0x10, 0xa3, 0x10, 0xa3, 0x10, 0xa3, 0x10, 0xa3, 0x10, 0xa3, 0x10, 0xa3, 0x10,
    0xa3, 0x10, 0xa3, 0x10, 0xa3, 0x10, 0xa3, 0x10, 0xa3, 0x10, 0xa3, 0x10, 0xa3, 0x10, 0xa3, 0x10, 0xa3, 0x10, 0xa3,
    0x10, 0xa3, 0x10, 0xa3, 0x10, 0xa3, 0x10, 0xa3, 0x10, 0xa3, 0x10, 0xa3, 0x10, 0xa3, 0x10, 0xa3, 0x10, 0xa3, 0x10,
    0xa3, 0x10, 0xa3, 0x10, 0xa3, 0x10, 0xa3, 0x10, 0xa3, 0x10, 0xa3, 0x10, 0xa3, 0x10, 0xa3, 0x10, 0xa3, 0x10, 0xa3,
    0x10, 0xa3, 0x10, 0xa3, 0x10, 0xa3, 0x10, 0xa3, 0x10, 0xa3, 0x10, 0xa3, 0x10, 0xa3, 0x10, 0xa3, 0x10, 0xa3, 0x10,
    0xa3, 0x10, 0xa3, 0x10, 0xa3, 0x10, 0xa3, 0x10, 0xa3, 0x10, 0xa3, 0x10, 0xa3, 0x10, 0xa3, 0x10, 0xa3, 0x10, 0xa3,
    0x10, 0xa3, 0x10, 0xa3, 0x10, 0xa3, 0x10, 0xa3, 0x10, 0xa3, 0x10, 0xa3, 0x10, 0xa3, 0x10, 0xa3, 0x10, 0xa3, 0x10,
    0xa3, 0x10, 0xa3, 0x10, 0xa3, 0x10, 0xa3, 0x10, 0xa3, 0x10, 0xa3, 0x10, 0xa3, 0x10, 0xa3, 0x10, 0xa3, 0x10, 0xa3,
    0x10, 0xa3, 0x10, 0xa3, 0x10, 0xa3, 0x10, 0xa3, 0x10, 0xa3, 0x10, 0xa3, 0x10, 0xa3, 0x10, 0xa3, 0x10, 0xa3, 0x10,
    0xa3, 0x10, 0xa3, 0x10, 0xa3, 0x10, 0xa3, 0x10, 0xa3, 0x10, 0xa3, 0x10, 0xa3, 0x10, 0xa3, 0x10, 0xa3, 0x10, 0xa3,
    0x10, 0xa3, 0x10, 0xa3, 0x10, 0xa3, 0x10, 0xa3, 0x10, 0xa3, 0x10, 0xa3, 0x10, 0xa3, 0x10, 0xa3, 0x10, 0xa3, 0x10,
    0xa3, 0x10, 0xa3, 0x10, 0xa3, 0x10, 0xa3, 0x10, 0xa3, 0x10, 0xa3, 0x10, 0xa3, 0x10, 0xa3, 0x10, 0xa3, 0x10, 0xa3,
    0x10, 0xa3, 0x10, 0xa3, 0x10, 0xa3, 0x10, 0xa3, 0x10, 0xa3, 0x10, 0xa3, 0x10, 0xa3, 0x10, 0xa3, 0x10, 0xa3, 0x10,
    0xa3, 0x10, 0xa3, 0x10, 0xa3, 0x10, 0xa3, 0x10, 0xa3, 0x10, 0xa3, 0x10, 0xa3, 0x10, 0xa3, 0x10, 0xa3, 0x10, 0xa3,
    0x10, 0xa3, 0x10, 0xa3, 0x10, 0xa3, 0x10, 0xa3, 0x10, 0xa3, 0x10, 0xa3, 0x10, 0xa3, 0x10, 0xa3, 0x10, 0xa3, 0x10,
    0xa3, 0x10, 0xa3, 0x10, 0xa3, 0x10, 0xa3, 0x10, 0xa3, 0x10, 0xa3, 0x10, 0xa3, 0x10, 0xa3, 0x10, 0xa3, 0x10, 0xa3,
    0x10, 0xa3, 0x10, 0xa3, 0x10, 0xa3, 0x10, 0xa3, 0x10, 0xa3, 0x10, 0xa3, 0x10, 0xa3, 0x10, 0xa3, 0x10, 0xa3, 0x10,
    0xa3, 0x10, 0xa3, 0x10, 0xa3, 0x10, 0xa3, 0x10, 0xa3, 0x10, 0xa3, 0x10, 0xa3, 0x10, 0xa3, 0x10, 0xa3, 0x10, 0xa3,
    0x10, 0xa3, 0x10, 0xa3, 0x10, 0xa3, 0x10, 0xa3, 0x10, 0xa3, 0x10, 0xa3, 0x10, 0xa3, 0x10, 0xa3, 0x10, 0xa3, 0x10,
    0xa3, 0x10, 0xa3, 0x10, 0xa3, 0x10, 0xa3, 0x10, 0xa3, 0x10, 0xa3, 0x10, 0xa3, 0x10, 0xa3, 0x10, 0xa3, 0x10, 0xa3,
    0x10, 0xa3, 0x10, 0xa3, 0x10, 0xa3, 0x10, 0xa3, 0x10, 0xa3, 0x10, 0xa3, 0x10, 0xa3, 0x10, 0xa3, 0x10, 0xa3, 0x10,
    0xa3, 0x10, 0xa3, 0x10, 0xa3, 0x10, 0xa3, 0x10, 0xa3, 0x10, 0xa3, 0x10, 0xa3, 0x10, 0xa3, 0x10, 0xa3, 0x10, 0xa3,
    0x10, 0xa3, 0x10, 0xa3, 0x10, 0xa3, 0x10, 0xa3, 0x10, 0xa3, 0x10, 0xa3, 0x10, 0xa3, 0x10, 0xa3, 0x10, 0xa3, 0x10,
    0xa3, 0x10, 0xa3, 0x10, 0xa3, 0x10, 0xa3, 0x10, 0xa3, 0x10, 0xa3, 0x10, 0xa3, 0x10, 0xa3, 0x10, 0xa3, 0x10, 0xa3,
    0x10, 0xa3, 0x10, 0xa3, 0x10, 0xa3, 0x10, 0xa3, 0x10, 0xa3, 0x10, 0xa3, 0x10, 0xa3, 0x10, 0xa3, 0x10, 0xa3, 0x10,
    0xa3, 0x10, 0xa3, 0x10, 0xa3, 0x10, 0xa3, 0x10, 0xa3, 0x10, 0xa3, 0x10, 0xa3, 0x10, 0xa3, 0x10, 0xa3, 0x10, 0xa3,
    0x10, 0xa3, 0x10, 0xa3, 0x10, 0xa3, 0x10, 0xa3, 0x10, 0xa3, 0x10, 0xa3, 0x10, 0xa3, 0x10, 0xa3, 0x10, 0xa3, 0x10,
    0xa3, 0x10, 0xa3, 0x10, 0xa3, 0x10, 0xa3, 0x10, 0xa3, 0x10, 0xa3, 0x10, 0xa3, 0x10, 0xa3, 0x10, 0xa3, 0x10, 0xa3,
    0x10, 0xa3, 0x10, 0xa3, 0x10, 0xa3, 0x10, 0xa3, 0x10, 0xa3, 0x10, 0xa3, 0x10, 0xa3, 0x10, 0xa3, 0x10, 0xa3, 0x10,
    0xa3, 0x10, 0xa3, 0x10, 0xa3, 0x10, 0xa3, 0x10, 0xa3, 0x10, 0xa3, 0x10, 0xa3, 0x10, 0xa3, 0x10, 0xa3, 0x10, 0xa3,
    0x10, 0xa3, 0x10, 0xa3, 0x10, 0xa3, 0x10, 0xa3, 0x10, 0xa3, 0x10, 0xa3, 0x10, 0xa3, 0x10, 0xa3, 0x10, 0xa3, 0x10,
    0xa3, 0x10, 0xa3, 0x10, 0xa3, 0x10, 0xa3, 0x10, 0xa3, 0x10, 0xa3, 0x10, 0xa3, 0x10, 0xa3, 0x10, 0xa3, 0x10, 0xa3,
    0x10, 0xa3, 0x10, 0xa3, 0x10, 0xa3, 0x10, 0xa3, 0x10, 0xa3, 0x10, 0xa3, 0x10, 0xa3, 0x10, 0xa3, 0x10, 0xa3, 0x10,
    0xa3, 0x10, 0xa3, 0x10, 0xa3, 0x10, 0xa3, 0x10, 0xa3, 0x10, 0xa3, 0x10, 0xa3, 0x10, 0xa3, 0x10, 0xa3, 0x10, 0xa3,
    0x10, 0xa3, 0x10, 0xa3, 0x10, 0xa3, 0x10, 0xa3, 0x10, 0xa3, 0x10, 0xa3, 0x10, 0xa3, 0x10, 0xa3, 0x10, 0xa3, 0x10,
    0xa3, 0x10, 0xa3, 0x10, 0xa3, 0x10, 0xa3, 0x10, 0xa3, 0x10, 0xa3, 0x10, 0xa3, 0x10, 0xa3, 0x10, 0xa3, 0x10, 0xa3,
    0x10, 0xa3, 0x10, 0xa3, 0x10, 0xa3, 0x10, 0xa3, 0x10, 0xa3, 0x10, 0xa3, 0x10, 0xa3, 0x10, 0xa3, 0x10, 0xa3, 0x10,
    0xa3, 0x10, 0xa3, 0x10, 0xa3, 0x10, 0xa3, 0x10, 0xa3, 0x10, 0xa3, 0x10, 0xa3, 0x10, 0xa3, 0x10, 0xa3, 0x10, 0xa3,
    0x10, 0xa3, 0x10, 0xa3, 0x10, 0xa3, 0x10, 0xa3, 0x10, 0xa3, 0x10, 0xa3, 0x10, 0xa3, 0x10, 0xa3, 0x10, 0xa3, 0x10,
    0xa3, 0x10, 0xa3, 0x10, 0xa3, 0x10, 0xa3, 0x10, 0xa3, 0x10, 0xa3, 0x10, 0xa3, 0x10, 0xa3, 0x10, 0xa3, 0x10, 0xa3,
    0x10, 0xa3, 0x10, 0xa3, 0x10, 0xa3, 0x10, 0xa3, 0x10, 0xa3, 0x10, 0xa3, 0x10, 0xa3, 0x10, 0xa3, 0x10, 0xa3, 0x10,
    0xa3, 0x10, 0xa3, 0x10, 0xa3, 0x10, 0xa3, 0x10, 0xa3, 0x10, 0xa3, 0x10, 0xa3, 0x10, 0xa3, 0x10, 0xa3, 0x10, 0xa3,
    0x10, 0xa3, 0x10, 0xa3, 0x10, 0xa3, 0x10, 0xa3, 0x10, 0xa3, 0x10, 0xa3, 0x10, 0xa3, 0x10, 0xa3, 0x10, 0xa3, 0x10,
    0xa3, 0x10, 0xa3, 0x10, 0xa3, 0x10, 0xa3, 0x10, 0xa3, 0x10, 0xa3, 0x10, 0xa3, 0x10, 0xa3, 0x10, 0xa3, 0x10, 0xa3,
    0x10, 0xa3, 0x10, 0xa3, 0x10, 0xa3, 0x10, 0xa3, 0x10, 0xa3, 0x10, 0xa3, 0x10, 0xa3, 0x10, 0xa3, 0x10, 0xa3, 0x10,
    0xa3, 0x10, 0xa3, 0x10, 0xa3, 0x10, 0xa3, 0x10, 0xa3, 0x10, 0xa3, 0x10, 0xa3, 0x10, 0xa3, 0x10, 0xa3, 0x10, 0xa3,
    0x10, 0xa3, 0x10, 0xa3, 0x10, 0xa3, 0x10, 0xa3, 0x10, 0xa3, 0x10, 0xa3, 0x10, 0xa3, 0x10, 0xa3, 0x10, 0xa3, 0x10,
    0xa3, 0x10, 0xa3, 0x10, 0xa3, 0x10, 0xa3, 0x10, 0xa3, 0x10, 0xa3, 0x10, 0xa3, 0x10, 0xa3, 0x10, 0xa3, 0x10, 0xa3,
    0x10, 0xa3, 0x10, 0xa3, 0x10, 0xa3, 0x10, 0xa3, 0x10, 0xa3, 0x10, 0xa3, 0x10, 0xa3, 0x10, 0xa3, 0x10, 0xa3, 0x10,
    0xa3, 0x10, 0xa3, 0x10, 0xa3, 0x10, 0xa3, 0x10, 0xa3, 0x10, 0xa3, 0x10, 0xa3, 0x10, 0xa3, 0x10, 0xa3, 0x10, 0xa3,
    0x10, 0xa3, 0x10, 0xa3, 0x10, 0xa3, 0x10, 0xa3, 0x10, 0xa3, 0x10, 0xa3, 0x10, 0xa3, 0x10, 0xa3, 0x10, 0xa3, 0x10,
    0xa3, 0x10, 0xa3, 0x10, 0xa3, 0x10, 0xa3, 0x10, 0xa3, 0x10, 0xa3, 0x10, 0xa3, 0x10, 0xa3, 0x10, 0xa3, 0x10, 0xa3,
    0x10, 0xa3, 0x10, 0xa3, 0x10, 0xa3, 0x10, 0xa3, 0x10, 0xa3, 0x10, 0xa3, 0x10, 0xa3, 0x10, 0xa3, 0x10, 0xa3, 0x10,
    0xa3, 0x10, 0xa3, 0x10, 0xa3, 0x10, 0xa3, 0x10, 0xa3, 0x10, 0xa3, 0x10, 0xa3, 0x10, 0xa3, 0x10, 0xa3, 0x10, 0xa3,
    0x10, 0xa3, 0x10, 0xa3, 0x10, 0xa3, 0x10, 0xa3, 0x10, 0xa3, 0x10, 0xa3, 0x10, 0xa3, 0x10, 0xa3, 0x10, 0xa3, 0x10,
    0xa3, 0x10, 0xa3, 0x10, 0xa3, 0x10, 0xa3, 0x10, 0xa3, 0x10, 0xa3, 0x10, 0xa3, 0x10, 0xa3, 0x10, 0xa3, 0x10, 0xa3,
    0x10, 0xa3, 0x10, 0xa3, 0x10, 0xa3, 0x10, 0xa3, 0x10, 0xa3, 0x10, 0xa3, 0x10, 0xa3, 0x10, 0xa3, 0x10, 0xa3, 0x10,
    0xa3, 0x10, 0xa3, 0x10, 0xa3, 0x10, 0xa3, 0x10, 0xa3, 0x10, 0xa3, 0x10, 0xa3, 0x10, 0xa3, 0x10, 0xa3, 0x10, 0xa3,
    0x10, 0xa3, 0x10, 0xa3, 0x10, 0xa3, 0x10, 0xa3, 0x10, 0xa3, 0x10, 0xa3, 0x10, 0xa3, 0x10, 0xa3, 0x10, 0xa3, 0x10,
    0xa3, 0x10, 0xa3, 0x10, 0xa3, 0x10, 0xa3, 0x10, 0xa3, 0x10, 0xa3, 0x10, 0xa3, 0x10, 0xa3, 0x10, 0xa3, 0x10, 0xa3,
    0x10, 0xa3, 0x10, 0xa3, 0x10, 0xa3, 0x10, 0xa3, 0x10, 0xa3, 0x10, 0xa3, 0x10, 0xa3, 0x10, 0xa3, 0x10, 0xa3, 0x10,
    0xa3, 0x10, 0xa3, 0x10, 0xa3, 0x10, 0xa3, 0x10, 0xa3, 0x10, 0xa3, 0x10, 0xa3, 0x10, 0xa3, 0x10, 0xa3, 0x10, 0xa3,
    0x10, 0xa3, 0x10, 0xa3, 0x10, 0xa3, 0x10, 0xa3, 0x10, 0xa3, 0x10, 0xa3, 0x10, 0xa3, 0x10, 0xa3, 0x10, 0xa3, 0x10,
    0xa3, 0x10, 0xa3, 0x10, 0xa3, 0x10, 0xa3, 0x10, 0xa3, 0x10, 0xa3, 0x10, 0xa3, 0x10, 0xa3, 0x10, 0xa3, 0x10, 0xa3,
    0x10, 0xa3, 0x10, 0xa3, 0x10, 0xa3, 0x10, 0xa3, 0x10, 0xa3, 0x10, 0xa3, 0x10, 0xa3, 0x10, 0xa3, 0x10, 0xa3, 0x10,
    0xa3, 0x10, 0xa3, 0x10, 0xa3, 0x10, 0xa3, 0x10, 0xa3, 0x10, 0xa3, 0x10, 0xa3, 0x10, 0xa3, 0x10, 0xa3, 0x10, 0xa3,
    0x10, 0xa3, 0x10, 0xa3, 0x10, 0xa3, 0x10, 0xa3, 0x10, 0xa3, 0x10, 0xa3, 0x10, 0xa3, 0x10, 0xa3, 0x10, 0xa3, 0x10,
    0xa3, 0x10, 0xa3, 0x10, 0xa3, 0x10, 0xa3, 0x10, 0xa3, 0x10, 0xa3, 0x10, 0xa3, 0x10, 0xa3, 0x10, 0xa3, 0x10, 0xa3,
    0x10, 0xa3, 0x10, 0xa3, 0x10, 0xa3, 0x10, 0xa3, 0x10, 0xa3, 0x10, 0xa3, 0x10, 0xa3, 0x10, 0xa3, 0x10, 0xa3, 0x10,
    0xa3, 0x10, 0xa3, 0x10, 0xa3, 0x10, 0xa3, 0x10, 0xa3, 0x10, 0xa3, 0x10, 0xa3, 0x10, 0xa3, 0x10, 0xa3, 0x10, 0xa3,
    0x10, 0xa3, 0x10, 0xa3, 0x10, 0xa3, 0x10, 0xa3, 0x10, 0xa3, 0x10, 0xa3, 0x10, 0xa3, 0x10, 0xa3, 0x10, 0xa3, 0x10,
    0xa3, 0x10, 0xa3, 0x10, 0xa3, 0x10, 0xa3, 0x10, 0xa3, 0x10, 0xa3, 0x10, 0xa3, 0x10, 0xa3, 0x10, 0xa3, 0x10, 0xa3,
    0x10, 0xa3, 0x10, 0xa3, 0x10, 0xa3, 0x10, 0xa3, 0x10, 0xa3, 0x10, 0xa3, 0x10, 0xa3, 0x10, 0xa3, 0x10, 0xa3, 0x10,
    0xa3, 0x10, 0xa3, 0x10, 0xa3, 0x10, 0xa3, 0x10, 0xa3, 0x10, 0xa3, 0x10, 0xa3, 0x10, 0xa3, 0x10, 0xa3, 0x10, 0xa3,
    0x10, 0xa3, 0x10, 0xa3, 0x10, 0xa3, 0x10, 0xa3, 0x10, 0xa3, 0x10, 0xa3, 0x10, 0xa3, 0x10, 0xa3, 0x10, 0xa3, 0x10,
    0xa3, 0x10, 0xa3, 0x10, 0xa3, 0x10, 0xa3, 0x10, 0xa3, 0x10, 0xa3, 0x10, 0xa3, 0x10, 0xa3, 0x10, 0xa3, 0x10, 0xa3,
    0x10, 0xa3, 0x10, 0xa3, 0x10, 0xa3, 0x10, 0xa3, 0x10, 0xa3, 0x10, 0xa3, 0x10, 0xa3, 0x10, 0xa3, 0x10, 0xa3, 0x10,
    0xa3, 0x10, 0xa3, 0x10, 0xa3, 0x10, 0xa3, 0x10, 0xa3, 0x10, 0xa3, 0x10, 0xa3, 0x10, 0xa3, 0x10, 0xa3, 0x10, 0xa3,
    0x10, 0xa3, 0x10, 0xa3, 0x10, 0xa3, 0x10, 0xa3, 0x10, 0xa3, 0x10, 0xa3, 0x10, 0xa3, 0x10, 0xa3, 0x10, 0xa3, 0x10,
    0xa3, 0x10, 0xa3, 0x10, 0xa3, 0x10, 0xa3, 0x10, 0xa3, 0x10, 0xa3, 0x10, 0xa3, 0x10, 0xa3, 0x10, 0xa3, 0x10, 0xa3,
    0x10, 0xa3, 0x10, 0xa3, 0x10, 0xa3, 0x10, 0xa3, 0x10, 0xa3, 0x10, 0xa3, 0x10, 0xa3, 0x10, 0xa3, 0x10, 0xa3, 0x10,
    0xa3, 0x10, 0xa3, 0x10, 0xa3, 0x10, 0xa3, 0x10, 0xa3, 0x10, 0xa3, 0x10, 0xa3, 0x10, 0xa3, 0x10, 0xa3, 0x10, 0xa3,
    0x10, 0xa3, 0x10, 0xa3, 0x10, 0xa3, 0x10, 0xa3, 0x10, 0xa3, 0x10, 0xa3, 0x10, 0xa3, 0x10, 0xa3, 0x10, 0xa3, 0x10,
    0xa3, 0x10, 0xa3, 0x10, 0xa3, 0x10, 0xa3, 0x10, 0xa3, 0x10, 0xa3, 0x10, 0xa3, 0x10, 0xa3, 0x10, 0xa3, 0x10, 0xa3,
    0x10, 0xa3, 0x10, 0xa3, 0x10, 0xa3, 0x10, 0xa3, 0x10, 0xa3, 0x10, 0xa3, 0x10, 0xa3, 0x10, 0xa3, 0x10, 0xa3, 0x10,
    0xa3, 0x10, 0xa3, 0x10, 0xa3, 0x10, 0xa3, 0x10, 0xa3, 0x10, 0xa3, 0x10, 0xa3, 0x10, 0xa3, 0x10, 0xa3, 0x10, 0xa3,
    0x10, 0xa3, 0x10, 0xa3, 0x10, 0xa3, 0x10, 0xa3, 0x10, 0xa3, 0x10, 0xa3, 0x10, 0xa3, 0x10, 0xa3, 0x10, 0xa3, 0x10,
    0xa3, 0x10, 0xa3, 0x10, 0xa3, 0x10, 0xa3, 0x10, 0xa3, 0x10, 0xa3, 0x10, 0xa3, 0x10, 0xa3, 0x10, 0xa3, 0x10, 0xa3,
    0x10, 0xa3, 0x10, 0xa3, 0x10, 0xa3, 0x10, 0xa3, 0x10, 0xa3, 0x10, 0xa3, 0x10, 0xa3, 0x10, 0xa3, 0x10, 0xa3, 0x10,
    0xa3, 0x10, 0xa3, 0x10, 0xa3, 0x10, 0xa3, 0x10, 0xa3, 0x10, 0xa3, 0x10, 0xa3, 0x10, 0xa3, 0x10, 0xa3, 0x10, 0xa3,
    0x10, 0xa3, 0x10, 0xa3, 0x10, 0xa3, 0x10, 0xa3, 0x10, 0xa3, 0x10, 0xa3, 0x10, 0xa3, 0x10, 0xa3, 0x10, 0xa3, 0x10,
    0xa3, 0x10, 0xa3, 0x10, 0xa3, 0x10, 0xa3, 0x10, 0xa3, 0x10, 0xa3, 0x10, 0xa3, 0x10, 0xa3, 0x10, 0xa3, 0x10, 0xa3,
    0x10, 0xa3, 0x10, 0xa3, 0x10, 0xa3, 0x10, 0xa3, 0x10, 0xa3, 0x10, 0xa3, 0x10, 0xa3, 0x10, 0xa3, 0x10, 0xa3, 0x10,
    0xa3, 0x10, 0xa3, 0x10, 0xa3, 0x10, 0xa3, 0x10, 0xa3, 0x10, 0xa3, 0x10, 0xa3, 0x10, 0xa3, 0x10, 0xa3, 0x10, 0xa3,
    0x10, 0xa3, 0x10, 0xa3, 0x10, 0xa3, 0x10, 0xa3, 0x10, 0xa3, 0x10, 0xa3, 0x10, 0xa3, 0x10, 0xa3, 0x10, 0xa3, 0x10,
    0xa3, 0x10, 0xa3, 0x10, 0xa3, 0x10, 0xa3, 0x10, 0xa3, 0x10, 0xa3, 0x10, 0xa3, 0x10, 0xa3, 0x10, 0xa3, 0x10, 0xa3,
    0x10, 0xa3, 0x10, 0xa3, 0x10, 0xa3, 0x10, 0xa3, 0x10, 0xa3, 0x10, 0xa3, 0x10, 0xa3, 0x10, 0xa3, 0x10, 0xa3, 0x10,
    0xa3, 0x10, 0xa3, 0x10, 0xa3, 0x10, 0xa3, 0x10, 0xa3, 0x10, 0xa3, 0x10, 0xa3, 0x10, 0xa3, 0x10, 0xa3, 0x10, 0xa3,
    0x10, 0xa3, 0x10, 0xa3, 0x10, 0xa3, 0x10, 0xa3, 0x10, 0xa3, 0x10, 0xa3, 0x10, 0xa3, 0x10, 0xa3, 0x10, 0xa3, 0x10,
    0xa3, 0x10, 0xa3, 0x10, 0xa3, 0x10, 0xa3, 0x10, 0xa3, 0x10, 0xa3, 0x10, 0xa3, 0x10, 0xa3, 0x10, 0xa3, 0x10, 0xa3,
    0x10, 0xa3, 0x10, 0xa3, 0x10, 0xa3, 0x10, 0xa3, 0x10, 0xa3, 0x10, 0xa3, 0x10, 0xa3, 0x10, 0xa3, 0x10, 0xa3, 0x10,
    0xa3, 0x10, 0xa3, 0x10, 0xa3, 0x10, 0xa3, 0x10, 0xa3, 0x10, 0xa3, 0x10, 0xa3, 0x10, 0xa3, 0x10, 0xa3, 0x10, 0xa3,
    0x10, 0xa3, 0x10, 0xa3, 0x10, 0xa3, 0x10, 0xa3, 0x10, 0xa3, 0x10, 0xa3, 0x10, 0xa3, 0x10, 0xa3, 0x10, 0xa3, 0x10,
    0xa3, 0x10, 0xa3, 0x10, 0xa3, 0x10, 0xa3, 0x10, 0xa3, 0x10, 0xa3, 0x10, 0xa3, 0x10, 0xa3, 0x10, 0xa3, 0x10, 0xa3,
    0x10, 0xa3, 0x10, 0xa3, 0x10, 0xa3, 0x10, 0xa3, 0x10, 0xa3, 0x10, 0xa3, 0x10, 0xa3, 0x10, 0xa3, 0x10, 0xa3, 0x10,
    0xa3, 0x10, 0xa3, 0x10, 0xa3, 0x10, 0xa3, 0x10, 0xa3, 0x10, 0xa3, 0x10, 0xa3, 0x10, 0xa3, 0x10, 0xa3, 0x10, 0xa3,
    0x10, 0xa3, 0x10, 0xa3, 0x10, 0xa3, 0x10, 0xa3, 0x10, 0xa3, 0x10, 0xa3, 0x10, 0xa3, 0x10, 0xa3, 0x10, 0xa3, 0x10,
    0xa3, 0x10, 0xa3, 0x10, 0xa3, 0x10, 0xa3, 0x10, 0xa3, 0x10, 0xa3, 0x10, 0xa3, 0x10, 0xa3, 0x10, 0xa3, 0x10, 0xa3,
    0x10, 0xa3, 0x10, 0xa3, 0x10, 0xa3, 0x10, 0xa3, 0x10, 0xa3, 0x10, 0xa3, 0x10, 0xa3, 0x10, 0xa3, 0x10, 0xa3, 0x10,
    0xa3, 0x10, 0xa3, 0x10, 0xa3, 0x10, 0xa3, 0x10, 0xa3, 0x10, 0xa3, 0x10, 0xa3, 0x10, 0xa3, 0x10, 0xa3, 0x10, 0xa3,
    0x10, 0xa3, 0x10, 0xa3, 0x10, 0xa3, 0x10, 0xa3, 0x10, 0xa3, 0x10, 0xa3, 0x10, 0xa3, 0x10, 0xa3, 0x10, 0xa3, 0x10,
    0xa3, 0x10, 0xa3, 0x10, 0xa3, 0x10, 0xa3, 0x10, 0xa3, 0x10, 0xa3, 0x10, 0xa3, 0x10, 0xa3, 0x10, 0xa3, 0x10, 0xa3,
    0x10, 0xa3, 0x10, 0xa3, 0x10, 0xa3, 0x10, 0xa3, 0x10, 0xa3, 0x10, 0xa3, 0x10, 0xa3, 0x10, 0xa3, 0x10, 0xa3, 0x10,
    0xa3, 0x10, 0xa3, 0x10, 0xa3, 0x10, 0xa3, 0x10, 0xa3, 0x10, 0xa3, 0x10, 0xa3, 0x10, 0xa3, 0x10, 0xa3, 0x10, 0xa3,
    0x10, 0xa3, 0x10, 0xa3, 0x10, 0xa3, 0x10, 0xa3, 0x10, 0xa3, 0x10, 0xa3, 0x10, 0xa3, 0x10, 0xa3, 0x10, 0xa3, 0x10,
    0xa3, 0x10, 0xa3, 0x10, 0xa3, 0x10, 0xa3, 0x10, 0xa3, 0x10, 0xa3, 0x10, 0xa3, 0x10, 0xa3, 0x10, 0xa3, 0x10, 0xa3,
    0x10, 0xa3, 0x10, 0xa3, 0x10, 0xa3, 0x10, 0xa3, 0x10, 0xa3, 0x10, 0xa3, 0x10, 0xa3, 0x10, 0xa3, 0x10, 0xa3, 0x10,
    0xa3, 0x10, 0xa3, 0x10, 0xa3, 0x10, 0xa3, 0x10, 0xa3, 0x10, 0xa3, 0x10, 0xa3, 0x10, 0xa3, 0x10, 0xa3, 0x10, 0xa3,
    0x10, 0xa3, 0x10, 0xa3, 0x10, 0xa3, 0x10, 0xa3, 0x10, 0xa3, 0x10, 0xa3, 0x10, 0xa3, 0x10, 0xa3, 0x10, 0xa3, 0x10,
    0xa3, 0x10, 0xa3, 0x10, 0xa3, 0x10, 0xa3, 0x10, 0xa3, 0x10, 0xa3, 0x10, 0xa3, 0x10, 0xa3, 0x10, 0xa3, 0x10, 0xa3,
    0x10, 0xa3, 0x10, 0xa3, 0x10, 0xa3, 0x10, 0xa3, 0x10, 0xa3, 0x10, 0xa3, 0x10, 0xa3, 0x10, 0xa3, 0x10, 0xa3, 0x10,
    0xa3, 0x10, 0xa3, 0x10, 0xa3, 0x10, 0xa3, 0x10, 0xa3, 0x10, 0xa3, 0x10, 0xa3, 0x10, 0xa3, 0x10, 0xa3, 0x10, 0xa3,
    0x10, 0xa3, 0x10, 0xa3, 0x10, 0xa3, 0x10, 0xa3, 0x10, 0xa3, 0x10, 0xa3, 0x10, 0xa3, 0x10, 0xa3, 0x10, 0xa3, 0x10,
    0xa3, 0x10, 0xa3, 0x10, 0xa3, 0x10, 0xa3, 0x10, 0xa3, 0x10, 0xa3, 0x10, 0xa3, 0x10, 0xa3, 0x10, 0xa3, 0x10, 0xa3,
    0x10, 0xa3, 0x10, 0xa3, 0x10, 0xa3, 0x10, 0xa3, 0x10, 0xa3, 0x10, 0xa3, 0x10, 0xa3, 0x10, 0xa3, 0x10, 0xa3, 0x10,
    0xa3, 0x10, 0xa3, 0x10, 0xa3, 0x10, 0xa3, 0x10, 0xa3, 0x10, 0xa3, 0x10, 0xa3, 0x10, 0xa3, 0x10, 0xa3, 0x10, 0xa3,
    0x10, 0xa3, 0x10, 0xa3, 0x10, 0xa3, 0x10, 0xa3, 0x10, 0xa3, 0x10, 0xa3, 0x10, 0xa3, 0x10, 0xa3, 0x10, 0xa3, 0x10,
    0xa3, 0x10, 0xa3, 0x10, 0xa3, 0x10, 0xa3, 0x10, 0xa3, 0x10, 0xa3, 0x10, 0xa3, 0x10, 0xa3, 0x10, 0xa3, 0x10, 0xa3,
    0x10, 0xa3, 0x10, 0xa3, 0x10, 0xa3, 0x10, 0xa3, 0x10, 0xa3, 0x10, 0xa3, 0x10, 0xa3, 0x10, 0xa3, 0x10, 0xa3, 0x10,
    0xa3, 0x10, 0xa3, 0x10, 0xa3, 0x10, 0xa3, 0x10, 0xa3, 0x10, 0xa3, 0x10, 0xa3, 0x10, 0xa3, 0x10, 0xa3, 0x10, 0xa3,
    0x10, 0xa3, 0x10, 0xa3, 0x10, 0xa3, 0x10, 0xa3, 0x10, 0xa3, 0x10, 0xa3, 0x10, 0xa3, 0x10, 0xa3, 0x10, 0xa3, 0x10,
    0xa3, 0x10, 0xa3, 0x10, 0xa3, 0x10, 0xa3, 0x10, 0xa3, 0x10, 0xa3, 0x10, 0xa3, 0x10, 0xa3, 0x10, 0xa3, 0x10, 0xa3,
    0x10, 0xa3, 0x10, 0xa3, 0x10, 0xa3, 0x10, 0xa3, 0x10, 0xa3, 0x10, 0xa3, 0x10, 0xa3, 0x10, 0xa3, 0x10, 0xa3, 0x10,
    0xa3, 0x10, 0xa3, 0x10, 0xa3, 0x10, 0xa3, 0x10, 0xa3, 0x10, 0xa3, 0x10, 0xa3, 0x10, 0xa3, 0x10, 0xa3, 0x10, 0xa3,
    0x10, 0xa3, 0x10, 0xa3, 0x10, 0xa3, 0x10, 0xa3, 0x10, 0xa3, 0x10, 0xa3, 0x10, 0xa3, 0x10, 0xa3, 0x10, 0xa3, 0x10,
    0xa3, 0x10, 0xa3, 0x10, 0xa3, 0x10, 0xa3, 0x10, 0xa3, 0x10, 0xa3, 0x10, 0xa3, 0x10, 0xa3, 0x10, 0xa3, 0x10, 0xa3,
    0x10, 0xa3, 0x10, 0xa3, 0x10, 0xa3, 0x10, 0xa3, 0x10, 0xa3, 0x10, 0xa3, 0x10, 0xa3, 0x10, 0xa3, 0x10, 0xa3, 0x10,
    0xa3, 0x10, 0xa3, 0x10, 0xa3, 0x10, 0xa3, 0x10, 0xa3, 0x10, 0xa3, 0x10, 0xa3, 0x10, 0xa3, 0x10, 0xa3, 0x10, 0xa3,
    0x10, 0xa3, 0x10, 0xa3, 0x10, 0xa3, 0x10, 0xa3, 0x10, 0xa3, 0x10, 0xa3, 0x10, 0xa3, 0x10, 0xa3, 0x10, 0xa3, 0x10,
    0xa3, 0x10, 0xa3, 0x10, 0xa3, 0x10, 0xa3, 0x10, 0xa3, 0x10, 0xa3, 0x10, 0xa3, 0x10, 0xa3, 0x10, 0xa3, 0x10, 0xa3,
    0x10, 0xa3, 0x10, 0xa3, 0x10, 0xa3, 0x10, 0xa3, 0x10, 0xa3, 0x10, 0xa3, 0x10, 0xa3, 0x10, 0xa3, 0x10, 0xa3, 0x10,
    0xa3, 0x10, 0xa3, 0x10, 0xa3, 0x10, 0xa3, 0x10, 0xa3, 0x10, 0xa3, 0x10, 0xa3, 0x10, 0xa3, 0x10, 0xa3, 0x10, 0xa3,
    0x10, 0xa3, 0x10, 0xa3, 0x10, 0xa3, 0x10, 0xa3, 0x10, 0xa3, 0x10, 0xa3, 0x10, 0xa3, 0x10, 0xa3, 0x10, 0xa3, 0x10,
    0xa3, 0x10, 0xa3, 0x10, 0xa3, 0x10, 0xa3, 0x10, 0xa3, 0x10, 0xa3, 0x10, 0xa3, 0x10, 0xa3, 0x10, 0xa3, 0x10, 0xa3,
    0x10, 0xa3, 0x10, 0xa3, 0x10, 0xa3, 0x10, 0xa3, 0x10, 0xa3, 0x10, 0xa3, 0x10, 0xa3, 0x10, 0xa3, 0x10, 0xa3, 0x10,
    0xa3, 0x10, 0xa3, 0x10, 0xa3, 0x10, 0xa3, 0x10, 0xa3, 0x10, 0xa3, 0x10, 0xa3, 0x10, 0xa3, 0x10, 0xa3, 0x10, 0xa3,
    0x10, 0xa3, 0x10, 0xa3, 0x10, 0xa3, 0x10, 0xa3, 0x10, 0xa3, 0x10, 0xa3, 0x10, 0xa3, 0x10, 0xa3, 0x10, 0xa3, 0x10,
    0xa3, 0x10, 0xa3, 0x10, 0xa3, 0x10, 0xa3, 0x10, 0xa3, 0x10, 0xa3, 0x10, 0xa3, 0x10, 0xa3, 0x10, 0xa3, 0x10, 0xa3,
    0x10, 0xa3, 0x10, 0xa3, 0x10, 0xa3, 0x10, 0xa3, 0x10, 0xa3, 0x10, 0xa3, 0x10, 0xa3, 0x10, 0xa3, 0x10, 0xa3, 0x10,
    0xa3, 0x10, 0xa3, 0x10, 0xa3, 0x10, 0xa3, 0x10, 0xa3, 0x10, 0xa3, 0x10, 0xa3, 0x10, 0xa3, 0x10, 0xa3, 0x10, 0xa3,
    0x10, 0xa3, 0x10, 0xa3, 0x10, 0xa3, 0x10, 0xa3, 0x10, 0xa3, 0x10, 0xa3, 0x10, 0xa3, 0x10, 0xa3, 0x10, 0xa3, 0x10,
    0xa3, 0x10, 0xa3, 0x10, 0xa3, 0x10, 0xa3, 0x10, 0xa3, 0x10, 0xa3, 0x10, 0xa3, 0x10, 0xa3, 0x10, 0xa3, 0x10, 0xa3,
    0x10, 0xa3, 0x10, 0xa3, 0x10, 0xa3, 0x10, 0xa3, 0x10, 0xa3, 0x10, 0xa3, 0x10, 0xa3, 0x10, 0xa3, 0x10, 0xa3, 0x10,
    0xa3, 0x10, 0xa3, 0x10, 0xa3, 0x10, 0xa3, 0x10, 0xa3, 0x10, 0xa3, 0x10, 0xa3, 0x10, 0xa3, 0x10, 0xa3, 0x10, 0xa3,
    0x10, 0xa3, 0x10, 0xa3, 0x10, 0xa3, 0x10, 0xa3, 0x10, 0xa3, 0x10, 0xa3, 0x10, 0xa3, 0x10, 0xa3, 0x10, 0xa3, 0x10,
    0xa3, 0x10, 0xa3, 0x10, 0xa3, 0x10, 0xa3, 0x10, 0xa3, 0x10, 0xa3, 0x10, 0xa3, 0x10, 0xa3, 0x10, 0xa3, 0x10, 0xa3,
    0x10, 0xa3, 0x10, 0xa3, 0x10, 0xa3, 0x10, 0xa3, 0x10, 0xa3, 0x10, 0xa3, 0x10, 0xa3, 0x10, 0xa3, 0x10, 0xa3, 0x10,
    0xa3, 0x10, 0xa3, 0x10, 0xa3, 0x10, 0xa3, 0x10, 0xa3, 0x10, 0xa3, 0x10, 0xa3, 0x10, 0xa3, 0x10, 0xa3, 0x10, 0xa3,
    0x10, 0xa3, 0x10, 0xa3, 0x10, 0xa3, 0x10, 0xa3, 0x10, 0xa3, 0x10, 0xa3, 0x10, 0xa3, 0x10, 0xa3, 0x10, 0xa3, 0x10,
    0xa3, 0x10, 0xa3, 0x10, 0xa3, 0x10, 0xa3, 0x10, 0xa3, 0x10, 0xa3, 0x10, 0xa3, 0x10, 0xa3, 0x10, 0xa3, 0x10, 0xa3,
    0x10, 0xa3, 0x10, 0xa3, 0x10, 0xa3, 0x10, 0xa3, 0x10, 0xa3, 0x10, 0xa3, 0x10, 0xa3, 0x10, 0xa3, 0x10, 0xa3, 0x10,
    0xa3, 0x10, 0xa3, 0x10, 0xa3, 0x10, 0xa3, 0x10, 0xa3, 0x10, 0xa3, 0x10, 0xa3, 0x10, 0xa3, 0x10, 0xa3, 0x10, 0xa3,
    0x10, 0xa3, 0x10, 0xa3, 0x10, 0xa3, 0x10, 0xa3, 0x10, 0xa3, 0x10, 0xa3, 0x10, 0xa3, 0x10, 0xa3, 0x10, 0xa3, 0x10,
    0xa3, 0x10, 0xa3, 0x10, 0xa3, 0x10, 0xa3, 0x10, 0xa3, 0x10, 0xa3, 0x10, 0xa3, 0x10, 0xa3, 0x10, 0xa3, 0x10, 0xa3,
    0x10, 0xa3, 0x10, 0xa3, 0x10, 0xa3, 0x10, 0xa3, 0x10, 0xa3, 0x10, 0xa3, 0x10, 0xa3, 0x10, 0xa3, 0x10, 0xa3, 0x10,
    0xa3, 0x10, 0xa3, 0x10, 0xa3, 0x10, 0xa3, 0x10, 0xa3, 0x10, 0xa3, 0x10, 0xa3, 0x10, 0xa3, 0x10, 0xa3, 0x10, 0xa3,
    0x10, 0xa3, 0x10, 0xa3, 0x10, 0xa3, 0x10, 0xa3, 0x10, 0xa3, 0x10, 0xa3, 0x10, 0xa3, 0x10, 0xa3, 0x10, 0xa3, 0x10,
    0xa3, 0x10, 0xa3, 0x10, 0xa3, 0x10, 0xa3, 0x10, 0xa3, 0x10, 0xa3, 0x10, 0xa3, 0x10, 0xa3, 0x10, 0xa3, 0x10, 0xa3,
    0x10, 0xa3, 0x10, 0xa3, 0x10, 0xa3, 0x10, 0xa3, 0x10, 0xa3, 0x10, 0xa3, 0x10, 0xa3, 0x10, 0xa3, 0x10, 0xa3, 0x10,
    0xa3, 0x10, 0xa3, 0x10, 0xa3, 0x10, 0xa3, 0x10, 0xa3, 0x10, 0xa3, 0x10, 0xa3, 0x10, 0xa3, 0x10, 0xa3, 0x10, 0xa3,
    0x10, 0xa3, 0x10, 0xa3, 0x10, 0xa3, 0x10, 0xa3, 0x10, 0xa3, 0x10, 0xa3, 0x10, 0xa3, 0x10, 0xa3, 0x10, 0xa3, 0x10,
    0xa3, 0x10, 0xa3, 0x10, 0xa3, 0x10, 0xa3, 0x10, 0xa3, 0x10, 0xa3, 0x10, 0xa3, 0x10, 0xa3, 0x10, 0xa3, 0x10, 0xa3,
    0x10, 0xa3, 0x10, 0xa3, 0x10, 0xa3, 0x10, 0xa3, 0x10, 0xa3, 0x10, 0xa3, 0x10, 0xa3, 0x10, 0xa3, 0x10, 0xa3, 0x10,
    0xa3, 0x10, 0xa3, 0x10, 0xa3, 0x10, 0xa3, 0x10, 0xa3, 0x10, 0xa3, 0x10, 0xa3, 0x10, 0xa3, 0x10, 0xa3, 0x10, 0xa3,
    0x10, 0xa3, 0x10, 0xa3, 0x10, 0xa3, 0x10, 0xa3, 0x10, 0xa3, 0x10, 0xa3, 0x10, 0xa3, 0x10, 0xa3, 0x10, 0xa3, 0x10,
    0xa3, 0x10, 0xa3, 0x10, 0xa3, 0x10, 0xa3, 0x10, 0xa3, 0x10, 0xa3, 0x10, 0xa3, 0x10, 0xa3, 0x10, 0xa3, 0x10, 0xa3,
    0x10, 0xa3, 0x10, 0xa3, 0x10, 0xa3, 0x10, 0xa3, 0x10, 0xa3, 0x10, 0xa3, 0x10, 0xa3, 0x10, 0xa3, 0x10, 0xa3, 0x10,
    0xa3, 0x10, 0xa3, 0x10, 0xa3, 0x10, 0xa3, 0x10, 0xa3, 0x10, 0xa3, 0x10, 0xa3, 0x10, 0xa3, 0x10, 0xa3, 0x10, 0xa3,
    0x10, 0xa3, 0x10, 0xa3, 0x10, 0xa3, 0x10, 0xa3, 0x10, 0xa3, 0x10, 0xa3, 0x10, 0xa3, 0x10, 0xa3, 0x10, 0xa3, 0x10,
    0xa3, 0x10, 0xa3, 0x10, 0xa3, 0x10, 0xa3, 0x10, 0xa3, 0x10, 0xa3, 0x10, 0xa3, 0x10, 0xa3, 0x10, 0xa3, 0x10, 0xa3,
    0x10, 0xa3, 0x10, 0xa3, 0x10, 0xa3, 0x10, 0xa3, 0x10, 0xa3, 0x10, 0xa3, 0x10, 0xa3, 0x10, 0xa3, 0x10, 0xa3, 0x10,
    0xa3, 0x10, 0xa3, 0x10, 0xa3, 0x10, 0xa3, 0x10, 0xa3, 0x10, 0xa3, 0x10, 0xa3, 0x10, 0xa3, 0x10, 0xa3, 0x10, 0xa3,
    0x10, 0xa3, 0x10, 0xa3, 0x10, 0xa3, 0x10, 0xa3, 0x10, 0xa3, 0x10, 0xa3, 0x10, 0xa3, 0x10, 0xa3, 0x10, 0xa3, 0x10,
    0xa3, 0x10, 0xa3, 0x10, 0xa3, 0x10, 0xa3, 0x10, 0xa3, 0x10, 0xa3, 0x10, 0xa3, 0x10, 0xa3, 0x10, 0xa3, 0x10, 0xa3,
    0x10, 0xa3, 0x10, 0xa3, 0x10, 0xa3, 0x10, 0xa3, 0x10, 0xa3, 0x10, 0xa3, 0x10, 0xa3, 0x10, 0xa3, 0x10, 0xa3, 0x10,
    0xa3, 0x10, 0xa3, 0x10, 0xa3, 0x10, 0xa3, 0x10, 0xa3, 0x10, 0xa3, 0x10, 0xa3, 0x10, 0xa3, 0x10, 0xa3, 0x10, 0xa3,
    0x10, 0xa3, 0x10, 0xa3, 0x10, 0xa3, 0x10, 0xa3, 0x10, 0xa3, 0x10, 0xa3, 0x10, 0xa3, 0x10, 0xa3, 0x10, 0xa3, 0x10,
    0xa3, 0x10, 0xa3, 0x10, 0xa3, 0x10, 0xa3, 0x10, 0xa3, 0x10, 0xa3, 0x10, 0xa3, 0x10, 0xa3, 0x10, 0xa3, 0x10, 0xa3,
    0x10, 0xa3, 0x10, 0xa3, 0x10, 0xa3, 0x10, 0xa3, 0x10, 0xa3, 0x10, 0xa3, 0x10, 0xa3, 0x10, 0xa3, 0x10, 0xa3, 0x10,
    0xa3, 0x10, 0xa3, 0x10, 0xa3, 0x10, 0xa3, 0x10, 0xa3, 0x10, 0xa3, 0x10, 0xa3, 0x10, 0xa3, 0x10, 0xa3, 0x10, 0xa3,
    0x10, 0xa3, 0x10, 0xa3, 0x10, 0xa3, 0x10, 0xa3, 0x10, 0xa3, 0x10, 0xa3, 0x10, 0xa3, 0x10, 0xa3, 0x10, 0xa3, 0x10,
    0xa3, 0x10, 0xa3, 0x10, 0xa3, 0x10, 0xa3, 0x10, 0xa3, 0x10, 0xa3, 0x10, 0xa3, 0x10, 0xa3, 0x10, 0xa3, 0x10, 0xa3,
    0x10, 0xa3, 0x10, 0xa3, 0x10, 0xa3, 0x10, 0xa3, 0x10, 0xa3, 0x10, 0xa3, 0x10, 0xa3, 0x10, 0xa3, 0x10, 0xa3, 0x10,
    0xa3, 0x10, 0xa3, 0x10, 0xa3, 0x10, 0xa3, 0x10, 0xa3, 0x10, 0xa3, 0x10, 0xa3, 0x10, 0xa3, 0x10, 0xa3, 0x10, 0xa3,
    0x10, 0xa3, 0x10, 0xa3, 0x10, 0xa3, 0x10, 0xa3, 0x10, 0xa3, 0x10, 0xa3, 0x10, 0xa3, 0x10, 0xa3, 0x10, 0xa3, 0x10,
    0xa3, 0x10, 0xa3, 0x10, 0xa3, 0x10, 0xa3, 0x10, 0xa3, 0x10, 0xa3, 0x10, 0xa3, 0x10, 0xa3, 0x10, 0xa3, 0x10, 0xa3,
    0x10, 0xa3, 0x10, 0xa3, 0x10, 0xa3, 0x10, 0xa3, 0x10, 0xa3, 0x10, 0xa3, 0x10, 0xa3, 0x10, 0xa3, 0x10, 0xa3, 0x10,
    0xa3, 0x10, 0xa3, 0x10, 0xa3, 0x10, 0xa3, 0x10, 0xa3, 0x10, 0xa3, 0x10, 0xa3, 0x10, 0xa3, 0x10, 0xa3, 0x10, 0xa3,
    0x10, 0xa3, 0x10, 0xa3, 0x10, 0xa3, 0x10, 0xa3, 0x10, 0xa3, 0x10, 0xa3, 0x10, 0xa3, 0x10, 0xa3, 0x10, 0xa3, 0x10,
    0xa3, 0x10, 0xa3, 0x10, 0xa3, 0x10, 0xa3, 0x10, 0xa3, 0x10, 0xa3, 0x10, 0xa3, 0x10, 0xa3, 0x10, 0xa3, 0x10, 0xa3,
    0x10, 0xa3, 0x10, 0xa3, 0x10, 0xa3, 0x10, 0xa3, 0x10, 0xa3, 0x10, 0xa3, 0x10, 0xa3, 0x10, 0xa3, 0x10, 0xa3, 0x10,
    0xa3, 0x10, 0xa3, 0x10, 0xa3, 0x10, 0xa3, 0x10, 0xa3, 0x10, 0xa3, 0x10, 0xa3, 0x10, 0xa3, 0x10, 0xa3, 0x10, 0xa3,
    0x10, 0xa3, 0x10, 0xa3, 0x10, 0xa3, 0x10, 0xa3, 0x10, 0xa3, 0x10, 0xa3, 0x10, 0xa3, 0x10, 0xa3, 0x10, 0xa3, 0x10,
    0xa3, 0x10, 0xa3, 0x10, 0xa3, 0x10, 0xa3, 0x10, 0xa3, 0x10, 0xa3, 0x10, 0xa3, 0x10, 0xa3, 0x10, 0xa3, 0x10, 0xa3,
    0x10, 0xa3, 0x10, 0xa3, 0x10, 0xa3, 0x10, 0xa3, 0x10, 0xa3, 0x10, 0xa3, 0x10, 0xa3, 0x10, 0xa3, 0x10, 0xa3, 0x10,
    0xa3, 0x10, 0xa3, 0x10, 0xa3, 0x10, 0xa3, 0x10, 0xa3, 0x10, 0xa3, 0x10, 0xa3, 0x10, 0xa3, 0x10, 0xa3, 0x10, 0xa3,
    0x10, 0xa3, 0x10, 0xa3, 0x10, 0xa3, 0x10, 0xa3, 0x10, 0xa3, 0x10, 0xa3, 0x10, 0xa3, 0x10, 0xa3, 0x10, 0xa3, 0x10,
    0xa3, 0x10, 0xa3, 0x10, 0xa3, 0x10, 0xa3, 0x10, 0xa3, 0x10, 0xa3, 0x10, 0xa3, 0x10, 0xa3, 0x10, 0xa3, 0x10, 0xa3,
    0x10, 0xa3, 0x10, 0xa3, 0x10, 0xa3, 0x10, 0xa3, 0x10, 0xa3, 0x10, 0xa3, 0x10, 0xa3, 0x10, 0xa3, 0x10, 0xa3, 0x10,
    0xa3, 0x10, 0xa3, 0x10, 0xa3, 0x10, 0xa3, 0x10, 0xa3, 0x10, 0xa3, 0x10, 0xa3, 0x10, 0xa3, 0x10, 0xa3, 0x10, 0xa3,
    0x10, 0xa3, 0x10, 0xa3, 0x10, 0xa3, 0x10, 0xa3, 0x10, 0xa3, 0x10, 0xa3, 0x10, 0xa3, 0x10, 0xa3, 0x10, 0xa3, 0x10,
    0xa3, 0x10, 0xa3, 0x10, 0xa3, 0x10, 0xa3, 0x10, 0xa3, 0x10, 0xa3, 0x10, 0xa3, 0x10, 0xa3, 0x10, 0xa3, 0x10, 0xa3,
    0x10, 0xa3, 0x10, 0xa3, 0x10, 0xa3, 0x10, 0xa3, 0x10, 0xa3, 0x10, 0xa3, 0x10, 0xa3, 0x10, 0xa3, 0x10, 0xa3, 0x10,
    0xa3, 0x10, 0xa3, 0x10, 0xa3, 0x10, 0xa3, 0x10, 0xa3, 0x10, 0xa3, 0x10, 0xa3, 0x10, 0xa3, 0x10, 0xa3, 0x10, 0xa3,
    0x10, 0xa3, 0x10, 0xa3, 0x10, 0xa3, 0x10, 0xa3, 0x10, 0xa3, 0x10, 0xa3, 0x10, 0xa3, 0x10, 0xa3, 0x10, 0xa3, 0x10,
    0xa3, 0x10, 0xa3, 0x10, 0xa3, 0x10, 0xa3, 0x10, 0xa3, 0x10, 0xa3, 0x10, 0xa3, 0x10, 0xa3, 0x10, 0xa3, 0x10, 0xa3,
    0x10, 0xa3, 0x10, 0xa3, 0x10, 0xa3, 0x10, 0xa3, 0x10, 0xa3, 0x10, 0xa3, 0x10, 0xa3, 0x10, 0xa3, 0x10, 0xa3, 0x10,
    0xa3, 0x10, 0xa3, 0x10, 0xa3, 0x10, 0xa3, 0x10, 0xa3, 0x10, 0xa3, 0x10, 0xa3, 0x10, 0xa3, 0x10, 0xa3, 0x10, 0xa3,
    0x10, 0xa3, 0x10, 0xa3, 0x10, 0xa3, 0x10, 0xa3, 0x10, 0xa3, 0x10, 0xa3, 0x10, 0xa3, 0x10, 0xa3, 0x10, 0xa3, 0x10,
    0xa3, 0x10, 0xa3, 0x10, 0xa3, 0x10, 0xa3, 0x10, 0xa3, 0x10, 0xa3, 0x10, 0xa3, 0x10, 0xa3, 0x10, 0xa3, 0x10, 0xa3,
    0x10, 0xa3, 0x10, 0xa3, 0x10, 0xa3, 0x10, 0xa3, 0x10, 0xa3, 0x10, 0xa3, 0x10, 0xa3, 0x10, 0xa3, 0x10, 0xa3, 0x10,
    0xa3, 0x10, 0xa3, 0x10, 0xa3, 0x10, 0xa3, 0x10, 0xa3, 0x10, 0xa3, 0x10, 0xa3, 0x10, 0xa3, 0x10, 0xa3, 0x10, 0xa3,
    0x10, 0xa3, 0x10, 0xa3, 0x10, 0xa3, 0x10, 0xa3, 0x10, 0xa3, 0x10, 0xa3, 0x10, 0xa3, 0x10, 0xa3, 0x10, 0xa3, 0x10,
    0xa3, 0x10, 0xa3, 0x10, 0xa3, 0x10, 0xa3, 0x10, 0xa3, 0x10, 0xa3, 0x10, 0xa3, 0x10, 0xa3, 0x10, 0xa3, 0x10, 0xa3,
    0x10, 0xa3, 0x10, 0xa3, 0x10, 0xa3, 0x10, 0xa3, 0x10, 0xa3, 0x10, 0xa3, 0x10, 0xa3, 0x10, 0xa3, 0x10, 0xa3, 0x10,
    0xa3, 0x10, 0xa3, 0x10, 0xa3, 0x10, 0xa3, 0x10, 0xa3, 0x10, 0xa3, 0x10, 0xa3, 0x10, 0xa3, 0x10, 0xa3, 0x10, 0xa3,
    0x10, 0xa3, 0x10, 0xa3, 0x10, 0xa3, 0x10, 0xa3, 0x10, 0xa3, 0x10, 0xa3, 0x10, 0xa3, 0x10, 0xa3, 0x10, 0xa3, 0x10,
    0xa3, 0x10, 0xa3, 0x10, 0xa3, 0x10, 0xa3, 0x10, 0xa3, 0x10, 0xa3, 0x10, 0xa3, 0x10, 0xa3, 0x10, 0xa3, 0x10, 0xa3,
    0x10, 0xa3, 0x10, 0xa3, 0x10, 0xa3, 0x10, 0xa3, 0x10, 0xa3, 0x10, 0xa3, 0x10, 0xa3, 0x10, 0xa3, 0x10, 0xa3, 0x10,
    0xa3, 0x10, 0xa3, 0x10, 0xa3, 0x10, 0xa3, 0x10, 0xa3, 0x10, 0xa3, 0x10, 0xa3, 0x10, 0xa3, 0x10, 0xa3, 0x10, 0xa3,
    0x10, 0xa3, 0x10, 0xa3, 0x10, 0xa3, 0x10, 0xa3, 0x10, 0xa3, 0x10, 0xa3, 0x10, 0xa3, 0x10, 0xa3, 0x10, 0xa3, 0x10,
    0xa3, 0x10, 0xa3, 0x10, 0xa3, 0x10, 0xa3, 0x10, 0xa3, 0x10, 0xa3, 0x10, 0xa3, 0x10, 0xa3, 0x10, 0xa3, 0x10, 0xa3,
    0x10, 0xa3, 0x10, 0xa3, 0x10, 0xa3, 0x10, 0xa3, 0x10, 0xa3, 0x10, 0xa3, 0x10, 0xa3, 0x10, 0xa3, 0x10, 0xa3, 0x10,
    0xa3, 0x10, 0xa3, 0x10, 0xa3, 0x10, 0xa3, 0x10, 0xa3, 0x10, 0xa3, 0x10, 0xa3, 0x10, 0xa3, 0x10, 0xa3, 0x10, 0xa3,
    0x10, 0xa3, 0x10, 0xa3, 0x10, 0xa3, 0x10, 0xa3, 0x10, 0xa3, 0x10, 0xa3, 0x10, 0xa3, 0x10, 0xa3, 0x10, 0xa3, 0x10,
    0xa3, 0x10, 0xa3, 0x10, 0xa3, 0x10, 0xa3, 0x10, 0xa3, 0x10, 0xa3, 0x10, 0xa3, 0x10, 0xa3, 0x10, 0xa3, 0x10, 0xa3,
    0x10, 0xa3, 0x10, 0xa3, 0x10, 0xa3, 0x10, 0xa3, 0x10, 0xa3, 0x10, 0xa3, 0x10, 0xa3, 0x10, 0xa3, 0x10, 0xa3, 0x10,
    0xa3, 0x10, 0xa3, 0x10, 0xa3, 0x10, 0xa3, 0x10, 0xa3, 0x10, 0xa3, 0x10, 0xa3, 0x10, 0xa3, 0x10, 0xa3, 0x10, 0xa3,
    0x10, 0xa3, 0x10, 0xa3, 0x10, 0xa3, 0x10, 0xa3, 0x10, 0xa3, 0x10, 0xa3, 0x10, 0xa3, 0x10, 0xa3, 0x10, 0xa3, 0x10,
    0xa3, 0x10, 0xa3, 0x10, 0xa3, 0x10, 0xa3, 0x10, 0xa3, 0x10, 0xa3, 0x10, 0xa3, 0x10, 0xa3, 0x10, 0xa3, 0x10, 0xa3,
    0x10, 0xa3, 0x10, 0xa3, 0x10, 0xa3, 0x10, 0xa3, 0x10, 0xa3, 0x10, 0xa3, 0x10, 0xa3, 0x10, 0xa3, 0x10, 0xa3, 0x10,
    0xa3, 0x10, 0xa3, 0x10, 0xa3, 0x10, 0xa3, 0x10, 0xa3, 0x10, 0xa3, 0x10, 0xa3, 0x10, 0xa3, 0x10, 0xa3, 0x10, 0xa3,
    0x10, 0xa3, 0x10, 0xa3, 0x10, 0xa3, 0x10, 0xa3, 0x10, 0xa3, 0x10, 0xa3, 0x10, 0xa3, 0x10, 0xa3, 0x10, 0xa3, 0x10,
    0xa3, 0x10, 0xa3, 0x10, 0xa3, 0x10, 0xa3, 0x10, 0xa3, 0x10, 0xa3, 0x10, 0xa3, 0x10, 0xa3, 0x10, 0xa3, 0x10, 0xa3,
    0x10, 0xa3, 0x10, 0xa3, 0x10, 0xa3, 0x10, 0xa3, 0x10, 0xa3, 0x10, 0xa3, 0x10, 0xa3, 0x10, 0xa3, 0x10, 0xa3, 0x10,
    0xa3, 0x10, 0xa3, 0x10, 0xa3, 0x10, 0xa3, 0x10, 0xa3, 0x10, 0xa3, 0x10, 0xa3, 0x10, 0xa3, 0x10, 0xa3, 0x10, 0xa3,
    0x10, 0xa3, 0x10, 0xa3, 0x10, 0xa3, 0x10, 0xa3, 0x10, 0xa3, 0x10, 0xa3, 0x10, 0xa3, 0x10, 0xa3, 0x10, 0xa3, 0x10,
    0xa3, 0x10, 0xa3, 0x10, 0xa3, 0x10, 0xa3, 0x10, 0xa3, 0x10, 0xa3, 0x10, 0xa3, 0x10, 0xa3, 0x10, 0xa3, 0x10, 0xa3,
    0x10, 0xa3, 0x10, 0xa3, 0x10, 0xa3, 0x10, 0xa3, 0x10, 0xa3, 0x10, 0xa3, 0x10, 0xa3, 0x10, 0xa3, 0x10, 0xa3, 0x10,
    0xa3, 0x10, 0xa3, 0x10, 0xa3, 0x10, 0xa3, 0x10, 0xa3, 0x10, 0xa3, 0x10, 0xa3, 0x10, 0xa3, 0x10, 0xa3, 0x10, 0xa3,
    0x10, 0xa3, 0x10, 0xa3, 0x10, 0xa3, 0x10, 0xa3, 0x10, 0xa3, 0x10, 0xa3, 0x10, 0xa3, 0x10, 0xa3, 0x10, 0xa3, 0x10,
    0xa3, 0x10, 0xa3, 0x10, 0xa3, 0x10, 0xa3, 0x10, 0xa3, 0x10, 0xa3, 0x10, 0xa3, 0x10, 0xa3, 0x10, 0xa3, 0x10, 0xa3,
    0x10, 0xa3, 0x10, 0xa3, 0x10, 0xa3, 0x10, 0xa3, 0x10, 0xa3, 0x10, 0xa3, 0x10, 0xa3, 0x10, 0xa3, 0x10, 0xa3, 0x10,
    0xa3, 0x10, 0xa3, 0x10, 0xa3, 0x10, 0xa3, 0x10, 0xa3, 0x10, 0xa3, 0x10, 0xa3, 0x10, 0xa3, 0x10, 0xa3, 0x10, 0xa3,
    0x10, 0xa3, 0x10, 0xa3, 0x10, 0xa3, 0x10, 0xa3, 0x10, 0xa3, 0x10, 0xa3, 0x10, 0xa3, 0x10, 0xa3, 0x10, 0xa3, 0x10,
    0xa3, 0x10, 0xa3, 0x10, 0xa3, 0x10, 0xa3, 0x10, 0xa3, 0x10, 0xa3, 0x10, 0xa3, 0x10, 0xa3, 0x10, 0xa3, 0x10, 0xa3,
    0x10, 0xa3, 0x10, 0xa3, 0x10, 0xa3, 0x10, 0xa3, 0x10, 0xa3, 0x10, 0xa3, 0x10, 0xa3, 0x10, 0xa3, 0x10, 0xa3, 0x10,
    0xa3, 0x10, 0xa3, 0x10, 0xa3, 0x10, 0xa3, 0x10, 0xa3, 0x10, 0xa3, 0x10, 0xa3, 0x10, 0xa3, 0x10, 0xa3, 0x10, 0xa3,
    0x10, 0xa3, 0x10, 0xa3, 0x10, 0xa3, 0x10, 0xa3, 0x10, 0xa3, 0x10, 0xa3, 0x10, 0xa3, 0x10, 0xa3, 0x10, 0xa3, 0x10,
    0xa3, 0x10, 0xa3, 0x10, 0xa3, 0x10, 0xa3, 0x10, 0xa3, 0x10, 0xa3, 0x10, 0xa3, 0x10, 0xa3, 0x10, 0xa3, 0x10, 0xa3,
    0x10, 0xa3, 0x10, 0xa3, 0x10, 0xa3, 0x10, 0xa3, 0x10, 0xa3, 0x10, 0xa3, 0x10, 0xa3, 0x10, 0xa3, 0x10, 0xa3, 0x10,
    0xa3, 0x10, 0xa3, 0x10, 0xa3, 0x10, 0xa3, 0x10, 0xa3, 0x10, 0xa3, 0x10, 0xa3, 0x10, 0xa3, 0x10, 0xa3, 0x10, 0xa3,
    0x10, 0xa3, 0x10, 0xa3, 0x10, 0xa3, 0x10, 0xa3, 0x10, 0xa3, 0x10, 0xa3, 0x10, 0xa3, 0x10, 0xa3, 0x10, 0xa3, 0x10,
    0xa3, 0x10, 0xa3, 0x10, 0xa3, 0x10, 0xa3, 0x10, 0xa3, 0x10, 0xa3, 0x10, 0xa3, 0x10, 0xa3, 0x10, 0xa3, 0x10, 0xa3,
    0x10, 0xa3, 0x10, 0xa3, 0x10, 0xa3, 0x10, 0xa3, 0x10, 0xa3, 0x10, 0xa3, 0x10, 0xa3, 0x10, 0xa3, 0x10, 0xa3, 0x10,
    0xa3, 0x10, 0xa3, 0x10, 0xa3, 0x10, 0xa3, 0x10, 0xa3, 0x10, 0xa3, 0x10, 0xa3, 0x10, 0xa3, 0x10, 0xa3, 0x10, 0xa3,
    0x10, 0xa3, 0x10, 0xa3, 0x10, 0xa3, 0x10, 0xa3, 0x10, 0xa3, 0x10, 0xa3, 0x10, 0xa3, 0x10, 0xa3, 0x10, 0xa3, 0x10,
    0xa3, 0x10, 0xa3, 0x10, 0xa3, 0x10, 0xa3, 0x10, 0xa3, 0x10, 0xa3, 0x10, 0xa3, 0x10, 0xa3, 0x10, 0xa3, 0x10, 0xa3,
    0x10, 0xa3, 0x10, 0xa3, 0x10, 0xa3, 0x10, 0xa3, 0x10, 0xa3, 0x10, 0xa3, 0x10, 0xa3, 0x10, 0xa3, 0x10, 0xa3, 0x10,
    0xa3, 0x10, 0xa3, 0x10, 0xa3, 0x10, 0xa3, 0x10, 0xa3, 0x10, 0xa3, 0x10, 0xa3, 0x10, 0xa3, 0x10, 0xa3, 0x10, 0xa3,
    0x10, 0xa3, 0x10, 0xa3, 0x10, 0xa3, 0x10, 0xa3, 0x10, 0xa3, 0x10, 0xa3, 0x10, 0xa3, 0x10, 0xa3, 0x10, 0xa3, 0x10,
    0xa3, 0x10, 0xa3, 0x10, 0xa3, 0x10, 0xa3, 0x10, 0xa3, 0x10, 0xa3, 0x10, 0xa3, 0x10, 0xa3, 0x10, 0xa3, 0x10, 0xa3,
    0x10, 0xa3, 0x10, 0xa3, 0x10, 0xa3, 0x10, 0xa3, 0x10, 0xa3, 0x10, 0xa3, 0x10, 0xa3, 0x10, 0xa3, 0x10, 0xa3, 0x10,
    0xa3, 0x10, 0xa3, 0x10, 0xa3, 0x10, 0xa3, 0x10, 0xa3, 0x10, 0xa3, 0x10, 0xa3, 0x10, 0xa3, 0x10, 0xa3, 0x10, 0xa3,
    0x10, 0xa3, 0x10, 0xa3, 0x10, 0xa3, 0x10, 0xa3, 0x10, 0xa3, 0x10, 0xa3, 0x10, 0xa3, 0x10, 0xa3, 0x10, 0xa3, 0x10,
    0xa3, 0x10, 0xa3, 0x10, 0xa3, 0x10, 0xa3, 0x10, 0xa3, 0x10, 0xa3, 0x10, 0xa3, 0x10, 0xa3, 0x10, 0xa3, 0x10, 0xa3,
    0x10, 0xa3, 0x10, 0xa3, 0x10, 0xa3, 0x10, 0xa3, 0x10, 0xa3, 0x10, 0xa3, 0x10, 0xa3, 0x10, 0xa3, 0x10, 0xa3, 0x10,
    0xa3, 0x10, 0xa3, 0x10, 0xa3, 0x10, 0xa3, 0x10, 0xa3, 0x10, 0xa3, 0x10, 0xa3, 0x10, 0xa3, 0x10, 0xa3, 0x10, 0xa3,
    0x10, 0xa3, 0x10, 0xa3, 0x10, 0xa3, 0x10, 0xa3, 0x10, 0xa3, 0x10, 0xa3, 0x10, 0xa3, 0x10, 0xa3, 0x10, 0xa3, 0x10,
    0xa3, 0x10, 0xa3, 0x10, 0xa3, 0x10, 0xa3, 0x10, 0xa3, 0x10, 0xa3, 0x10, 0xa3, 0x10, 0xa3, 0x10, 0xa3, 0x10, 0xa3,
    0x10, 0xa3, 0x10, 0xa3, 0x10, 0xa3, 0x10, 0xa3, 0x10, 0xa3, 0x10, 0xa3, 0x10, 0xa3, 0x10, 0xa3, 0x10, 0xa3, 0x10,
    0xa3, 0x10, 0xa3, 0x10, 0xa3, 0x10, 0xa3, 0x10, 0xa3, 0x10, 0xa3, 0x10, 0xa3, 0x10, 0xa3, 0x10, 0xa3, 0x10, 0xa3,
    0x10, 0xa3, 0x10, 0xa3, 0x10, 0xa3, 0x10, 0xa3, 0x10, 0xa3, 0x10, 0xa3, 0x10, 0xa3, 0x10, 0xa3, 0x10, 0xa3, 0x10,
    0xa3, 0x10, 0xa3, 0x10, 0xa3, 0x10, 0xa3, 0x10, 0xa3, 0x10, 0xa3, 0x10, 0xa3, 0x10, 0xa3, 0x10, 0xa3, 0x10, 0xa3,
    0x10, 0xa3, 0x10, 0xa3, 0x10, 0xa3, 0x10, 0xa3, 0x10, 0xa3, 0x10, 0xa3, 0x10, 0xa3, 0x10, 0xa3, 0x10, 0xa3, 0x10,
    0xa3, 0x10, 0xa3, 0x10, 0xa3, 0x10, 0xa3, 0x10, 0xa3, 0x10, 0xa3, 0x10, 0xa3, 0x10, 0xa3, 0x10, 0xa3, 0x10, 0xa3,
    0x10, 0xa3, 0x10, 0xa3, 0x10, 0xa3, 0x10, 0xa3, 0x10, 0xa3, 0x10, 0xa3, 0x10, 0xa3, 0x10, 0xa3, 0x10, 0xa3, 0x10,
    0xa3, 0x10, 0xa3, 0x10, 0xa3, 0x10, 0xa3, 0x10, 0xa3, 0x10, 0xa3, 0x10, 0xa3, 0x10, 0xa3, 0x10, 0xa3, 0x10, 0xa3,
    0x10, 0xa3, 0x10, 0xa3, 0x10, 0xa3, 0x10, 0xa3, 0x10, 0xa3, 0x10, 0xa3, 0x10, 0xa3, 0x10, 0xa3, 0x10, 0xa3, 0x10,
    0xa3, 0x10, 0xa3, 0x10, 0xa3, 0x10, 0xa3, 0x10, 0xa3, 0x10, 0xa3, 0x10, 0xa3, 0x10, 0xa3, 0x10, 0xa3, 0x10, 0xa3,
    0x10, 0xa3, 0x10, 0xa3, 0x10, 0xa3, 0x10, 0xa3, 0x10, 0xa3, 0x10, 0xa3, 0x10, 0xa3, 0x10, 0xa3, 0x10, 0xa3, 0x10,
    0xa3, 0x10, 0xa3, 0x10, 0xa3, 0x10, 0xa3, 0x10, 0xa3, 0x10, 0xa3, 0x10, 0xa3, 0x10, 0xa3, 0x10, 0xa3, 0x10, 0xa3,
    0x10, 0xa3, 0x10, 0xa3, 0x10, 0xa3, 0x10, 0xa3, 0x10, 0xa3, 0x10, 0xa3, 0x10, 0xa3, 0x10, 0xa3, 0x10, 0xa3, 0x10,
    0xa3, 0x10, 0xa3, 0x10, 0xa3, 0x10, 0xa3, 0x10, 0xa3, 0x10, 0xa3, 0x10, 0xa3, 0x10, 0xa3, 0x10, 0xa3, 0x10, 0xa3,
    0x10, 0xa3, 0x10, 0xa3, 0x10, 0xa3, 0x10, 0xa3, 0x10, 0xa3, 0x10, 0xa3, 0x10, 0xa3, 0x10, 0xa3, 0x10, 0xa3, 0x10,
    0xa3, 0x10, 0xa3, 0x10, 0xa3, 0x10, 0xa3, 0x10, 0xa3, 0x10, 0xa3, 0x10, 0xa3, 0x10, 0xa3, 0x10, 0xa3, 0x10, 0xa3,
    0x10, 0xa3, 0x10, 0xa3, 0x10, 0xa3, 0x10, 0xa3, 0x10, 0xa3, 0x10, 0xa3, 0x10, 0xa3, 0x10, 0xa3, 0x10, 0xa3, 0x10,
    0xa3, 0x10, 0xa3, 0x10, 0xa3, 0x10, 0xa3, 0x10, 0xa3, 0x10, 0xa3, 0x10, 0xa3, 0x10, 0xa3, 0x10, 0xa3, 0x10, 0xa3,
    0x10, 0xa3, 0x10, 0xa3, 0x10, 0xa3, 0x10, 0xa3, 0x10, 0xa3, 0x10, 0xa3, 0x10, 0xa3, 0x10, 0xa3, 0x10, 0xa3, 0x10,
    0xa3, 0x10, 0xa3, 0x10, 0xa3, 0x10, 0xa3, 0x10, 0xa3, 0x10, 0xa3, 0x10, 0xa3, 0x10, 0xa3, 0x10, 0xa3, 0x10, 0xa3,
    0x10, 0xa3, 0x10, 0xa3, 0x10, 0xa3, 0x10, 0xa3, 0x10, 0xa3, 0x10, 0xa3, 0x10, 0xa3, 0x10, 0xa3, 0x10, 0xa3, 0x10,
    0xa3, 0x10, 0xa3, 0x10, 0xa3, 0x10, 0xa3, 0x10, 0xa3, 0x10, 0xa3, 0x10, 0xa3, 0x10, 0xa3, 0x10, 0xa3, 0x10, 0xa3,
    0x10, 0xa3, 0x10, 0xa3, 0x10, 0xa3, 0x10, 0xa3, 0x10, 0xa3, 0x10, 0xa3, 0x10, 0xa3, 0x10, 0xa3, 0x10, 0xa3, 0x10,
    0xa3, 0x10, 0xa3, 0x10, 0xa3, 0x10, 0xa3, 0x10, 0xa3, 0x10, 0xa3, 0x10, 0xa3, 0x10, 0xa3, 0x10, 0xa3, 0x10, 0xa3,
    0x10, 0xa3, 0x10, 0xa3, 0x10, 0xa3, 0x10, 0xa3, 0x10, 0xa3, 0x10, 0xa3, 0x10, 0xa3, 0x10, 0xa3, 0x10, 0xa3, 0x10,
    0xa3, 0x10, 0xa3, 0x10, 0xa3, 0x10, 0xa3, 0x10, 0xa3, 0x10, 0xa3, 0x10, 0xa3, 0x10, 0xa3, 0x10, 0xa3, 0x10, 0xa3,
    0x10, 0xa3, 0x10, 0xa3, 0x10, 0xa3, 0x10, 0xa3, 0x10, 0xa3, 0x10, 0xa3, 0x10, 0xa3, 0x10, 0xa3, 0x10, 0xa3, 0x10,
    0xa3, 0x10, 0xa3, 0x10, 0xa3, 0x10, 0xa3, 0x10, 0xa3, 0x10, 0xa3, 0x10, 0xa3, 0x10, 0xa3, 0x10, 0xa3, 0x10, 0xa3,
    0x10, 0xa3, 0x10, 0xa3, 0x10, 0xa3, 0x10, 0xa3, 0x10, 0xa3, 0x10, 0xa3, 0x10, 0xa3, 0x10, 0xa3, 0x10, 0xa3, 0x10,
    0xa3, 0x10, 0xa3, 0x10, 0xa3, 0x10, 0xa3, 0x10, 0xa3, 0x10, 0xa3, 0x10, 0xa3, 0x10, 0xa3, 0x10, 0xa3, 0x10, 0xa3,
    0x10, 0xa3, 0x10, 0xa3, 0x10, 0xa3, 0x10, 0xa3, 0x10, 0xa3, 0x10, 0xa3, 0x10, 0xa3, 0x10, 0xa3, 0x10, 0xa3, 0x10,
    0xa3, 0x10, 0xa3, 0x10, 0xa3, 0x10, 0xa3, 0x10, 0xa3, 0x10, 0xa3, 0x10, 0xa3, 0x10, 0xa3, 0x10, 0xa3, 0x10, 0xa3,
    0x10, 0xa3, 0x10, 0xa3, 0x10, 0xa3, 0x10, 0xa3, 0x10, 0xa3, 0x10, 0xa3, 0x10, 0xa3, 0x10, 0xa3, 0x10, 0xa3, 0x10,
    0xa3, 0x10, 0xa3, 0x10, 0xa3, 0x10, 0xa3, 0x10, 0xa3, 0x10, 0xa3, 0x10, 0xa3, 0x10, 0xa3, 0x10, 0xa3, 0x10, 0xa3,
    0x10, 0xa3, 0x10, 0xa3, 0x10, 0xa3, 0x10, 0xa3, 0x10, 0xa3, 0x10, 0xa3, 0x10, 0xa3, 0x10, 0xa3, 0x10, 0xa3, 0x10,
    0xa3, 0x10, 0xa3, 0x10, 0xa3, 0x10, 0xa3, 0x10, 0xa3, 0x10, 0xa3, 0x10, 0xa3, 0x10, 0xa3, 0x10, 0xa3, 0x10, 0xa3,
    0x10, 0xa3, 0x10, 0xa3, 0x10, 0xa3, 0x10, 0xa3, 0x10, 0xa3, 0x10, 0xa3, 0x10, 0xa3, 0x10, 0xa3, 0x10, 0xa3, 0x10,
    0xa3, 0x10, 0xa3, 0x10, 0xa3, 0x10, 0xa3, 0x10, 0xa3, 0x10, 0xa3, 0x10, 0xa3, 0x10, 0xa3, 0x10, 0xa3, 0x10, 0xa3,
    0x10, 0xa3, 0x10, 0xa3, 0x10, 0xa3, 0x10, 0xa3, 0x10, 0xa3, 0x10, 0xa3, 0x10, 0xa3, 0x10, 0xa3, 0x10, 0xa3, 0x10,
    0xa3, 0x10, 0xa3, 0x10, 0xa3, 0x10, 0xa3, 0x10, 0xa3, 0x10, 0xa3, 0x10, 0xa3, 0x10, 0xa3, 0x10, 0xa3, 0x10, 0xa3,
    0x10, 0xa3, 0x10, 0xa3, 0x10, 0xa3, 0x10, 0xa3, 0x10, 0xa3, 0x10, 0xa3, 0x10, 0xa3, 0x10, 0xa3, 0x10, 0xa3, 0x10,
    0xa3, 0x10, 0xa3, 0x10, 0xa3, 0x10, 0xa3, 0x10, 0xa3, 0x10, 0xa3, 0x10, 0xa3, 0x10, 0xa3, 0x10, 0xa3, 0x10, 0xa3,
    0x10, 0xa3, 0x10, 0xa3, 0x10, 0xa3, 0x10, 0xa3, 0x10, 0xa3, 0x10, 0xa3, 0x10, 0xa3, 0x10, 0xa3, 0x10, 0xa3, 0x10,
    0xa3, 0x10, 0xa3, 0x10, 0xa3, 0x10, 0xa3, 0x10, 0xa3, 0x10, 0xa3, 0x10, 0xa3, 0x10, 0xa3, 0x10, 0xa3, 0x10, 0xa3,
    0x10, 0xa3, 0x10, 0xa3, 0x10, 0xa3, 0x10, 0xa3, 0x10, 0xa3, 0x10, 0xa3, 0x10, 0xa3, 0x10, 0xa3, 0x10, 0xa3, 0x10,
    0xa3, 0x10, 0xa3, 0x10, 0xa3, 0x10, 0xa3, 0x10, 0xa3, 0x10, 0xa3, 0x10, 0xa3, 0x10, 0xa3, 0x10, 0xa3, 0x10, 0xa3,
    0x10, 0xa3, 0x10, 0xa3, 0x10, 0xa3, 0x10, 0xa3, 0x10, 0xa3, 0x10, 0xa3, 0x10, 0xa3, 0x10, 0xa3, 0x10, 0xa3, 0x10,
    0xa3, 0x10, 0xa3, 0x10, 0xa3, 0x10, 0xa3, 0x10, 0xa3, 0x10, 0xa3, 0x10, 0xa3, 0x10, 0xa3, 0x10, 0xa3, 0x10, 0xa3,
    0x10, 0xa3, 0x10, 0xa3, 0x10, 0xa3, 0x10, 0xa3, 0x10, 0xa3, 0x10, 0xa3, 0x10, 0xa3, 0x10, 0xa3, 0x10, 0xa3, 0x10,
    0xa3, 0x10, 0xa3, 0x10, 0xa3, 0x10, 0xa3, 0x10, 0xa3, 0x10, 0xa3, 0x10, 0xa3, 0x10, 0xa3, 0x10, 0xa3, 0x10, 0xa3,
    0x10, 0xa3, 0x10, 0xa3, 0x10, 0xa3, 0x10, 0xa3, 0x10, 0xa3, 0x10, 0xa3, 0x10, 0xa3, 0x10, 0xa3, 0x10, 0xa3, 0x10,
    0xa3, 0x10, 0xa3, 0x10, 0xa3, 0x10, 0xa3, 0x10, 0xa3, 0x10, 0xa3, 0x10, 0xa3, 0x10, 0xa3, 0x10, 0xa3, 0x10, 0xa3,
    0x10, 0xa3, 0x10, 0xa3, 0x10, 0xa3, 0x10, 0xa3, 0x10, 0xa3, 0x10, 0xa3, 0x10, 0xa3, 0x10, 0xa3, 0x10, 0xa3, 0x10,
    0xa3, 0x10, 0xa3, 0x10, 0xa3, 0x10, 0xa3, 0x10, 0xa3, 0x10, 0xa3, 0x10, 0xa3, 0x10, 0xa3, 0x10, 0xa3, 0x10, 0xa3,
    0x10, 0xa3, 0x10, 0xa3, 0x10, 0xa3, 0x10, 0xa3, 0x10, 0xa3, 0x10, 0xa3, 0x10, 0xa3, 0x10, 0xa3, 0x10, 0xa3, 0x10,
    0xa3, 0x10, 0xa3, 0x10, 0xa3, 0x10, 0xa3, 0x10, 0xa3, 0x10, 0xa3, 0x10, 0xa3, 0x10, 0xa3, 0x10, 0xa3, 0x10, 0xa3,
    0x10, 0xa3, 0x10, 0xa3, 0x10, 0xa3, 0x10, 0xa3, 0x10, 0xa3, 0x10, 0xa3, 0x10, 0xa3, 0x10, 0xa3, 0x10, 0xa3, 0x10,
    0xa3, 0x10, 0xa3, 0x10, 0xa3, 0x10, 0xa3, 0x10, 0xa3, 0x10, 0xa3, 0x10, 0xa3, 0x10, 0xa3, 0x10, 0xa3, 0x10, 0xa3,
    0x10, 0xa3, 0x10, 0xa3, 0x10, 0xa3, 0x10, 0xa3, 0x10, 0xa3, 0x10, 0xa3, 0x10, 0xa3, 0x10, 0xa3, 0x10, 0xa3, 0x10,
    0xa3, 0x10, 0xa3, 0x10, 0xa3, 0x10, 0xa3, 0x10, 0xa3, 0x10, 0xa3, 0x10, 0xa3, 0x10, 0xa3, 0x10, 0xa3, 0x10, 0xa3,
    0x10, 0xa3, 0x10, 0xa3, 0x10, 0xa3, 0x10, 0xa3, 0x10, 0xa3, 0x10, 0xa3, 0x10, 0xa3, 0x10, 0xa3, 0x10, 0xa3, 0x10,
    0xa3, 0x10, 0xa3, 0x10, 0xa3, 0x10, 0xa3, 0x10, 0xa3, 0x10, 0xa3, 0x10, 0xa3, 0x10, 0xa3, 0x10, 0xa3, 0x10, 0xa3,
    0x10, 0xa3, 0x10, 0xa3, 0x10, 0xa3, 0x10, 0xa3, 0x10, 0xa3, 0x10, 0xa3, 0x10, 0xa3, 0x10, 0xa3, 0x10, 0xa3, 0x10,
    0xa3, 0x10, 0xa3, 0x10, 0xa3, 0x10, 0xa3, 0x10, 0xa3, 0x10, 0xa3, 0x10, 0xa3, 0x10, 0xa3, 0x10, 0xa3, 0x10, 0xa3,
    0x10, 0xa3, 0x10, 0xa3, 0x10, 0xa3, 0x10, 0xa3, 0x10, 0xa3, 0x10, 0xa3, 0x10, 0xa3, 0x10, 0xa3, 0x10, 0xa3, 0x10,
    0xa3, 0x10, 0xa3, 0x10, 0xa3, 0x10, 0xa3, 0x10, 0xa3, 0x10, 0xa3, 0x10, 0xa3, 0x10, 0xa3, 0x10, 0xa3, 0x10, 0xa3,
    0x10, 0xa3, 0x10, 0xa3, 0x10, 0xa3, 0x10, 0xa3, 0x10, 0xa3, 0x10, 0xa3, 0x10, 0xa3, 0x10, 0xa3, 0x10, 0xa3, 0x10,
    0xa3, 0x10, 0xa3, 0x10, 0xa3, 0x10, 0xa3, 0x10, 0xa3, 0x10, 0xa3, 0x10, 0xa3, 0x10, 0xa3, 0x10, 0xa3, 0x10, 0xa3,
    0x10, 0xa3, 0x10, 0xa3, 0x10, 0xa3, 0x10, 0xa3, 0x10, 0xa3, 0x10, 0xa3, 0x10, 0xa3, 0x10, 0xa3, 0x10, 0xa3, 0x10,
    0xa3, 0x10, 0xa3, 0x10, 0xa3, 0x10, 0xa3, 0x10, 0xa3, 0x10, 0xa3, 0x10, 0xa3, 0x10, 0xa3, 0x10, 0xa3, 0x10, 0xa3,
    0x10, 0xa3, 0x10, 0xa3, 0x10, 0xa3, 0x10, 0xa3, 0x10, 0xa3, 0x10, 0xa3, 0x10, 0xa3, 0x10, 0xa3, 0x10, 0xa3, 0x10,
    0xa3, 0x10, 0xa3, 0x10, 0xa3, 0x10, 0xa3, 0x10, 0xa3, 0x10, 0xa3, 0x10, 0xa3, 0x10, 0xa3, 0x10, 0xa3, 0x10, 0xa3,
    0x10, 0xa3, 0x10, 0xa3, 0x10, 0xa3, 0x10, 0xa3, 0x10, 0xa3, 0x10, 0xa3, 0x10, 0xa3, 0x10, 0xa3, 0x10, 0xa3, 0x10,
    0xa3, 0x10, 0xa3, 0x10, 0xa3, 0x10, 0xa3, 0x10, 0xa3, 0x10, 0xa3, 0x10, 0xa3, 0x10, 0xa3, 0x10, 0xa3, 0x10, 0xa3,
    0x10, 0xa3, 0x10, 0xa3, 0x10, 0xa3, 0x10, 0xa3, 0x10, 0xa3, 0x10, 0xa3, 0x10, 0xa3, 0x10, 0xa3, 0x10, 0xa3, 0x10,
    0xa3, 0x10, 0xa3, 0x10, 0xa3, 0x10, 0xa3, 0x10, 0xa3, 0x10, 0xa3, 0x10, 0xa3, 0x10, 0xa3, 0x10, 0xa3, 0x10, 0xa3,
    0x10, 0xa3, 0x10, 0xa3, 0x10, 0xa3, 0x10, 0xa3, 0x10, 0xa3, 0x10, 0xa3, 0x10, 0xa3, 0x10, 0xa3, 0x10, 0xa3, 0x10,
    0xa3, 0x10, 0xa3, 0x10, 0xa3, 0x10, 0xa3, 0x10, 0xa3, 0x10, 0xa3, 0x10, 0xa3, 0x10, 0xa3, 0x10, 0xa3, 0x10, 0xa3,
    0x10, 0xa3, 0x10, 0xa3, 0x10, 0xa3, 0x10, 0xa3, 0x10, 0xa3, 0x10, 0xa3, 0x10, 0xa3, 0x10, 0xa3, 0x10, 0xa3, 0x10,
    0xa3, 0x10, 0xa3, 0x10, 0xa3, 0x10, 0xa3, 0x10, 0xa3, 0x10, 0xa3, 0x10, 0xa3, 0x10, 0xa3, 0x10, 0xa3, 0x10, 0xa3,
    0x10, 0xa3, 0x10, 0xa3, 0x10, 0xa3, 0x10, 0xa3, 0x10, 0xa3, 0x10, 0xa3, 0x10, 0xa3, 0x10, 0xa3, 0x10, 0xa3, 0x10,
    0xa3, 0x10, 0xa3, 0x10, 0xa3, 0x10, 0xa3, 0x10, 0xa3, 0x10, 0xa3, 0x10, 0xa3, 0x10, 0xa3, 0x10, 0xa3, 0x10, 0xa3,
    0x10, 0xa3, 0x10, 0xa3, 0x10, 0xa3, 0x10, 0xa3, 0x10, 0xa3, 0x10, 0xa3, 0x10, 0xa3, 0x10, 0xa3, 0x10, 0xa3, 0x10,
    0xa3, 0x10, 0xa3, 0x10, 0xa3, 0x10, 0xa3, 0x10, 0xa3, 0x10, 0xa3, 0x10, 0xa3, 0x10, 0xa3, 0x10, 0xa3, 0x10, 0xa3,
    0x10, 0xa3, 0x10, 0xa3, 0x10, 0xa3, 0x10, 0xa3, 0x10, 0xa3, 0x10, 0xa3, 0x10, 0xa3, 0x10, 0xa3, 0x10, 0xa3, 0x10,
    0xa3, 0x10, 0xa3, 0x10, 0xa3, 0x10, 0xa3, 0x10, 0xa3, 0x10, 0xa3, 0x10, 0xa3, 0x10, 0xa3, 0x10, 0xa3, 0x10, 0xa3,
    0x10, 0xa3, 0x10, 0xa3, 0x10, 0xa3, 0x10, 0xa3, 0x10, 0xa3, 0x10, 0xa3, 0x10, 0xa3, 0x10, 0xa3, 0x10, 0xa3, 0x10,
    0xa3, 0x10, 0xa3, 0x10, 0xa3, 0x10, 0xa3, 0x10, 0xa3, 0x10, 0xa3, 0x10, 0xa3, 0x10, 0xa3, 0x10, 0xa3, 0x10, 0xa3,
    0x10, 0xa3, 0x10, 0xa3, 0x10, 0xa3, 0x10, 0xa3, 0x10, 0xa3, 0x10, 0xa3, 0x10, 0xa3, 0x10, 0xa3, 0x10, 0xa3, 0x10,
    0xa3, 0x10, 0xa3, 0x10, 0xa3, 0x10, 0xa3, 0x10, 0xa3, 0x10, 0xa3, 0x10, 0xa3, 0x10, 0xa3, 0x10, 0xa3, 0x10, 0xa3,
    0x10, 0xa3, 0x10, 0xa3, 0x10, 0xa3, 0x10, 0xa3, 0x10, 0xa3, 0x10, 0xa3, 0x10, 0xa3, 0x10, 0xa3, 0x10, 0xa3, 0x10,
    0xa3, 0x10, 0xa3, 0x10, 0xa3, 0x10, 0xa3, 0x10, 0xa3, 0x10, 0xa3, 0x10, 0xa3, 0x10, 0xa3, 0x10, 0xa3, 0x10, 0xa3,
    0x10, 0xa3, 0x10, 0xa3, 0x10, 0xa3, 0x10, 0xa3, 0x10, 0xa3, 0x10, 0xa3, 0x10, 0xa3, 0x10, 0xa3, 0x10, 0xa3, 0x10,
    0xa3, 0x10, 0xa3, 0x10, 0xa3, 0x10, 0xa3, 0x10, 0xa3, 0x10, 0xa3, 0x10, 0xa3, 0x10, 0xa3, 0x10, 0xa3, 0x10, 0xa3,
    0x10, 0xa3, 0x10, 0xa3, 0x10, 0xa3, 0x10, 0xa3, 0x10, 0xa3, 0x10, 0xa3, 0x10, 0xa3, 0x10, 0xa3, 0x10, 0xa3, 0x10,
    0xa3, 0x10, 0xa3, 0x10, 0xa3, 0x10, 0xa3, 0x10, 0xa3, 0x10, 0xa3, 0x10, 0xa3, 0x10, 0xa3, 0x10, 0xa3, 0x10, 0xa3,
    0x10, 0xa3, 0x10, 0xa3, 0x10, 0xa3, 0x10, 0xa3, 0x10, 0xa3, 0x10, 0xa3, 0x10, 0xa3, 0x10, 0xa3, 0x10, 0xa3, 0x10,
    0xa3, 0x10, 0xa3, 0x10, 0xa3, 0x10, 0xa3, 0x10, 0xa3, 0x10, 0xa3, 0x10, 0xa3, 0x10, 0xa3, 0x10, 0xa3, 0x10, 0xa3,
    0x10, 0xa3, 0x10, 0xa3, 0x10, 0xa3, 0x10, 0xa3, 0x10, 0xa3, 0x10, 0xa3, 0x10, 0xa3, 0x10, 0xa3, 0x10, 0xa3, 0x10,
    0xa3, 0x10, 0xa3, 0x10, 0xa3, 0x10, 0xa3, 0x10, 0xa3, 0x10, 0xa3, 0x10, 0xa3, 0x10, 0xa3, 0x10, 0xa3, 0x10, 0xa3,
    0x10, 0xa3, 0x10, 0xa3, 0x10, 0xa3, 0x10, 0xa3, 0x10, 0xa3, 0x10, 0xa3, 0x10, 0xa3, 0x10, 0xa3, 0x10, 0xa3, 0x10,
    0xa3, 0x10, 0xa3, 0x10, 0xa3, 0x10, 0xa3, 0x10, 0xa3, 0x10, 0xa3, 0x10, 0xa3, 0x10, 0xa3, 0x10, 0xa3, 0x10, 0xa3,
    0x10, 0xa3, 0x10, 0xa3, 0x10, 0xa3, 0x10, 0xa3, 0x10, 0xa3, 0x10, 0xa3, 0x10, 0xa3, 0x10, 0xa3, 0x10, 0xa3, 0x10,
    0xa3, 0x10, 0xa3, 0x10, 0xa3, 0x10, 0xa3, 0x10, 0xa3, 0x10, 0xa3, 0x10, 0xa3, 0x10, 0xa3, 0x10, 0xa3, 0x10, 0xa3,
    0x10, 0xa3, 0x10, 0xa3, 0x10, 0xa3, 0x10, 0xa3, 0x10, 0xa3, 0x10, 0xa3, 0x10, 0xa3, 0x10, 0xa3, 0x10, 0xa3, 0x10,
    0xa3, 0x10, 0xa3, 0x10, 0xa3, 0x10, 0xa3, 0x10, 0xa3, 0x10, 0xa3, 0x10, 0xa3, 0x10, 0xa3, 0x10, 0xa3, 0x10, 0xa3,
    0x10, 0xa3, 0x10, 0xa3, 0x10, 0xa3, 0x10, 0xa3, 0x10, 0xa3, 0x10, 0xa3, 0x10, 0xa3, 0x10, 0xa3, 0x10, 0xa3, 0x10,
    0xa3, 0x10, 0xa3, 0x10, 0xa3, 0x10, 0xa3, 0x10, 0xa3, 0x10, 0xa3, 0x10, 0xa3, 0x10, 0xa3, 0x10, 0xa3, 0x10, 0xa3,
    0x10, 0xa3, 0x10, 0xa3, 0x10, 0xa3, 0x10, 0xa3, 0x10, 0xa3, 0x10, 0xa3, 0x10, 0xa3, 0x10, 0xa3, 0x10, 0xa3, 0x10,
    0xa3, 0x10, 0xa3, 0x10, 0xa3, 0x10, 0xa3, 0x10, 0xa3, 0x10, 0xa3, 0x10, 0xa3, 0x10, 0xa3, 0x10, 0xa3, 0x10, 0xa3,
    0x10, 0xa3, 0x10, 0xa3, 0x10, 0xa3, 0x10, 0xa3, 0x10, 0xa3, 0x10, 0xa3, 0x10, 0xa3, 0x10, 0xa3, 0x10, 0xa3, 0x10,
    0xa3, 0x10, 0xa3, 0x10, 0xa3, 0x10, 0xa3, 0x10, 0xa3, 0x10, 0xa3, 0x10, 0xa3, 0x10, 0xa3, 0x10, 0xa3, 0x10, 0xa3,
    0x10, 0xa3, 0x10, 0xa3, 0x10, 0xa3, 0x10, 0xa3, 0x10, 0xa3, 0x10, 0xa3, 0x10, 0xa3, 0x10, 0xa3, 0x10, 0xa3, 0x10,
    0xa3, 0x10, 0xa3, 0x10, 0xa3, 0x10, 0xa3, 0x10, 0xa3, 0x10, 0xa3, 0x10, 0xa3, 0x10, 0xa3, 0x10, 0xa3, 0x10, 0xa3,
    0x10, 0xa3, 0x10, 0xa3, 0x10, 0xa3, 0x10, 0xa3, 0x10, 0xa3, 0x10, 0xa3, 0x10, 0xa3, 0x10, 0xa3, 0x10, 0xa3, 0x10,
    0xa3, 0x10, 0xa3, 0x10, 0xa3, 0x10, 0xa3, 0x10, 0xa3, 0x10, 0xa3, 0x10, 0xa3, 0x10, 0xa3, 0x10, 0xa3, 0x10, 0xa3,
    0x10, 0xa3, 0x10, 0xa3, 0x10, 0xa3, 0x10, 0xa3, 0x10, 0xa3, 0x10, 0xa3, 0x10, 0xa3, 0x10, 0xa3, 0x10, 0xa3, 0x10,
    0xa3, 0x10, 0xa3, 0x10, 0xa3, 0x10, 0xa3, 0x10, 0xa3, 0x10, 0xa3, 0x10, 0xa3, 0x10, 0xa3, 0x10, 0xa3, 0x10, 0xa3,
    0x10, 0xa3, 0x10, 0xa3, 0x10, 0xa3, 0x10, 0xa3, 0x10, 0xa3, 0x10, 0xa3, 0x10, 0xa3, 0x10, 0xa3, 0x10, 0xa3, 0x10,
    0xa3, 0x10, 0xa3, 0x10, 0xa3, 0x10, 0xa3, 0x10, 0xa3, 0x10, 0xa3, 0x10, 0xa3, 0x10, 0xa3, 0x10, 0xa3, 0x10, 0xa3,
    0x10, 0xa3, 0x10, 0xa3, 0x10, 0xa3, 0x10, 0xa3, 0x10, 0xa3, 0x10, 0xa3, 0x10, 0xa3, 0x10, 0xa3, 0x10, 0xa3, 0x10,
    0xa3, 0x10, 0xa3, 0x10, 0xa3, 0x10, 0xa3, 0x10, 0xa3, 0x10, 0xa3, 0x10, 0xa3, 0x10, 0xa3, 0x10, 0xa3, 0x10, 0xa3,
    0x10, 0xa3, 0x10, 0xa3, 0x10, 0xa3, 0x10, 0xa3, 0x10, 0xa3, 0x10, 0xa3, 0x10, 0xa3, 0x10, 0xa3, 0x10, 0xa3, 0x10,
    0xa3, 0x10, 0xa3, 0x10, 0xa3, 0x10, 0xa3, 0x10, 0xa3, 0x10, 0xa3, 0x10, 0xa3, 0x10, 0xa3, 0x10, 0xa3, 0x10, 0xa3,
    0x10, 0xa3, 0x10, 0xa3, 0x10, 0xa3, 0x10, 0xa3, 0x10, 0xa3, 0x10, 0xa3, 0x10, 0xa3, 0x10, 0xa3, 0x10, 0xa3, 0x10,
    0xa3, 0x10, 0xa3, 0x10, 0xa3, 0x10, 0xa3, 0x10, 0xa3, 0x10, 0xa3, 0x10, 0xa3, 0x10, 0xa3, 0x10, 0xa3, 0x10, 0xa3,
    0x10, 0xa3, 0x10, 0xa3, 0x10, 0xa3, 0x10, 0xa3, 0x10, 0xa3, 0x10, 0xa3, 0x10, 0xa3, 0x10, 0xa3, 0x10, 0xa3, 0x10,
    0xa3, 0x10, 0xa3, 0x10, 0xa3, 0x10, 0xa3, 0x10, 0xa3, 0x10, 0xa3, 0x10, 0xa3, 0x10, 0xa3, 0x10, 0xa3, 0x10, 0xa3,
    0x10, 0xa3, 0x10, 0xa3, 0x10, 0xa3, 0x10, 0xa3, 0x10, 0xa3, 0x10, 0xa3, 0x10, 0xa3, 0x10, 0xa3, 0x10, 0xa3, 0x10,
    0xa3, 0x10, 0xa3, 0x10, 0xa3, 0x10, 0xa3, 0x10, 0xa3, 0x10, 0xa3, 0x10, 0xa3, 0x10, 0xa3, 0x10, 0xa3, 0x10, 0xa3,
    0x10, 0xa3, 0x10, 0xa3, 0x10, 0xa3, 0x10, 0xa3, 0x10, 0xa3, 0x10, 0xa3, 0x10, 0xa3, 0x10, 0xa3, 0x10, 0xa3, 0x10,
    0xa3, 0x10, 0xa3, 0x10, 0xa3, 0x10, 0xa3, 0x10, 0xa3, 0x10, 0xa3, 0x10, 0xa3, 0x10, 0xa3, 0x10, 0xa3, 0x10, 0xa3,
    0x10, 0xa3, 0x10, 0xa3, 0x10, 0xa3, 0x10, 0xa3, 0x10, 0xa3, 0x10, 0xa3, 0x10, 0xa3, 0x10, 0xa3, 0x10, 0xa3, 0x10,
    0xa3, 0x10, 0xa3, 0x10, 0xa3, 0x10, 0xa3, 0x10, 0xa3, 0x10, 0xa3, 0x10, 0xa3, 0x10, 0xa3, 0x10, 0xa3, 0x10, 0xa3,
    0x10, 0xa3, 0x10, 0xa3, 0x10, 0xa3, 0x10, 0xa3, 0x10, 0xa3, 0x10, 0xa3, 0x10, 0xa3, 0x10, 0xa3, 0x10, 0xa3, 0x10,
    0xa3, 0x10, 0xa3, 0x10, 0xa3, 0x10, 0xa3, 0x10, 0xa3, 0x10, 0xa3, 0x10, 0xa3, 0x10, 0xa3, 0x10, 0xa3, 0x10, 0xa3,
    0x10, 0xa3, 0x10, 0xa3, 0x10, 0xa3, 0x10, 0xa3, 0x10, 0xa3, 0x10, 0xa3, 0x10, 0xa3, 0x10, 0xa3, 0x10, 0xa3, 0x10,
    0xa3, 0x10, 0xa3, 0x10, 0xa3, 0x10, 0xa3, 0x10, 0xa3, 0x10, 0xa3, 0x10, 0xa3, 0x10, 0xa3, 0x10, 0xa3, 0x10, 0xa3,
    0x10, 0xa3, 0x10, 0xa3, 0x10, 0xa3, 0x10, 0xa3, 0x10, 0xa3, 0x10, 0xa3, 0x10, 0xa3, 0x10, 0xa3, 0x10, 0xa3, 0x10,
    0xa3, 0x10, 0xa3, 0x10, 0xa3, 0x10, 0xa3, 0x10, 0xa3, 0x10, 0xa3, 0x10, 0xa3, 0x10, 0xa3, 0x10, 0xa3, 0x10, 0xa3,
    0x10, 0xa3, 0x10, 0xa3, 0x10, 0xa3, 0x10, 0xa3, 0x10, 0xa3, 0x10, 0xa3, 0x10, 0xa3, 0x10, 0xa3, 0x10, 0xa3, 0x10,
    0xa3, 0x10, 0xa3, 0x10, 0xa3, 0x10, 0xa3, 0x10, 0xa3, 0x10, 0xa3, 0x10, 0xa3, 0x10, 0xa3, 0x10, 0xa3, 0x10, 0xa3,
    0x10, 0xa3, 0x10, 0xa3, 0x10, 0xa3, 0x10, 0xa3, 0x10, 0xa3, 0x10, 0xa3, 0x10, 0xa3, 0x10, 0xa3, 0x10, 0xa3, 0x10,
    0xa3, 0x10, 0xa3, 0x10, 0xa3, 0x10, 0xa3, 0x10, 0xa3, 0x10, 0xa3, 0x10, 0xa3, 0x10, 0xa3, 0x10, 0xa3, 0x10, 0xa3,
    0x10, 0xa3, 0x10, 0xa3, 0x10, 0xa3, 0x10, 0xa3, 0x10, 0xa3, 0x10, 0xa3, 0x10, 0xa3, 0x10, 0xa3, 0x10, 0xa3, 0x10,
    0xa3, 0x10, 0xa3, 0x10, 0xa3, 0x10, 0xa3, 0x10, 0xa3, 0x10, 0xa3, 0x10, 0xa3, 0x10, 0xa3, 0x10, 0xa3, 0x10, 0xa3,
    0x10, 0xa3, 0x10, 0xa3, 0x10, 0xa3, 0x10, 0xa3, 0x10, 0xa3, 0x10, 0xa3, 0x10, 0xa3, 0x10, 0xa3, 0x10, 0xa3, 0x10,
    0xa3, 0x10, 0xa3, 0x10, 0xa3, 0x10, 0xa3, 0x10, 0xa3, 0x10, 0xa3, 0x10, 0xa3, 0x10, 0xa3, 0x10, 0xa3, 0x10, 0xa3,
    0x10, 0xa3, 0x10, 0xa3, 0x10, 0xa3, 0x10, 0xa3, 0x10, 0xa3, 0x10, 0xa3, 0x10, 0xa3, 0x10, 0xa3, 0x10, 0xa3, 0x10,
    0xa3, 0x10, 0xa3, 0x10, 0xa3, 0x10, 0xa3, 0x10, 0xa3, 0x10, 0xa3, 0x10, 0xa3, 0x10, 0xa3, 0x10, 0xa3, 0x10, 0xa3,
    0x10, 0xa3, 0x10, 0xa3, 0x10, 0xa3, 0x10, 0xa3, 0x10, 0xa3, 0x10, 0xa3, 0x10, 0xa3, 0x10, 0xa3, 0x10, 0xa3, 0x10,
    0xa3, 0x10, 0xa3, 0x10, 0xa3, 0x10, 0xa3, 0x10, 0xa3, 0x10, 0xa3, 0x10, 0xa3, 0x10, 0xa3, 0x10, 0xa3, 0x10, 0xa3,
    0x10, 0xa3, 0x10, 0xa3, 0x10, 0xa3, 0x10, 0xa3, 0x10, 0xa3, 0x10, 0xa3, 0x10, 0xa3, 0x10, 0xa3, 0x10, 0xa3, 0x10,
    0xa3, 0x10, 0xa3, 0x10, 0xa3, 0x10, 0xa3, 0x10, 0xa3, 0x10, 0xa3, 0x10, 0xa3, 0x10, 0xa3, 0x10, 0xa3, 0x10, 0xa3,
    0x10, 0xa3, 0x10, 0xa3, 0x10, 0xa3, 0x10, 0xa3, 0x10, 0xa3, 0x10, 0xa3, 0x10, 0xa3, 0x10, 0xa3, 0x10, 0xa3, 0x10,
    0xa3, 0x10, 0xa3, 0x10, 0xa3, 0x10, 0xa3, 0x10, 0xa3, 0x10, 0xa3, 0x10, 0xa3, 0x10, 0xa3, 0x10, 0xa3, 0x10, 0xa3,
    0x10, 0xa3, 0x10, 0xa3, 0x10, 0xa3, 0x10, 0xa3, 0x10, 0xa3, 0x10, 0xa3, 0x10, 0xa3, 0x10, 0xa3, 0x10, 0xa3, 0x10,
    0xa3, 0x10, 0xa3, 0x10, 0xa3, 0x10, 0xa3, 0x10, 0xa3, 0x10, 0xa3, 0x10, 0xa3, 0x10, 0xa3, 0x10, 0xa3, 0x10, 0xa3,
    0x10, 0xa3, 0x10, 0xa3, 0x10, 0xa3, 0x10, 0xa3, 0x10, 0xa3, 0x10, 0xa3, 0x10, 0xa3, 0x10, 0xa3, 0x10, 0xa3, 0x10,
    0xa3, 0x10, 0xa3, 0x10, 0xa3, 0x10, 0xa3, 0x10, 0xa3, 0x10, 0xa3, 0x10, 0xa3, 0x10, 0xa3, 0x10, 0xa3, 0x10, 0xa3,
    0x10, 0xa3, 0x10, 0xa3, 0x10, 0xa3, 0x10, 0xa3, 0x10, 0xa3, 0x10, 0xa3, 0x10, 0xa3, 0x10, 0xa3, 0x10, 0xa3, 0x10,
    0xa3, 0x10, 0xa3, 0x10, 0xa3, 0x10, 0xa3, 0x10, 0xa3, 0x10, 0xa3, 0x10, 0xa3, 0x10, 0xa3, 0x10, 0xa3, 0x10, 0xa3,
    0x10, 0xa3, 0x10, 0xa3, 0x10, 0xa3, 0x10, 0xa3, 0x10, 0xa3, 0x10, 0xa3, 0x10, 0xa3, 0x10, 0xa3, 0x10, 0xa3, 0x10,
    0xa3, 0x10, 0xa3, 0x10, 0xa3, 0x10, 0xa3, 0x10, 0xa3, 0x10, 0xa3, 0x10, 0xa3, 0x10, 0xa3, 0x10, 0xa3, 0x10, 0xa3,
    0x10, 0xa3, 0x10, 0xa3, 0x10, 0xa3, 0x10, 0xa3, 0x10, 0xa3, 0x10, 0xa3, 0x10, 0xa3, 0x10, 0xa3, 0x10, 0xa3, 0x10,
    0xa3, 0x10, 0xa3, 0x10, 0xa3, 0x10, 0xa3, 0x10, 0xa3, 0x10, 0xa3, 0x10, 0xa3, 0x10, 0xa3, 0x10, 0xa3, 0x10, 0xa3,
    0x10, 0xa3, 0x10, 0xa3, 0x10, 0xa3, 0x10, 0xa3, 0x10, 0xa3, 0x10, 0xa3, 0x10, 0xa3, 0x10, 0xa3, 0x10, 0xa3, 0x10,
    0xa3, 0x10, 0xa3, 0x10, 0xa3, 0x10, 0xa3, 0x10, 0xa3, 0x10, 0xa3, 0x10, 0xa3, 0x10, 0xa3, 0x10, 0xa3, 0x10, 0xa3,
    0x10, 0xa3, 0x10, 0xa3, 0x10, 0xa3, 0x10, 0xa3, 0x10, 0xa3, 0x10, 0xa3, 0x10, 0xa3, 0x10, 0xa3, 0x10, 0xa3, 0x10,
    0xa3, 0x10, 0xa3, 0x10, 0xa3, 0x10, 0xa3, 0x10, 0xa3, 0x10, 0xa3, 0x10, 0xa3, 0x10, 0xa3, 0x10, 0xa3, 0x10, 0xa3,
    0x10, 0xa3, 0x10, 0xa3, 0x10, 0xa3, 0x10, 0xa3, 0x10, 0xa3, 0x10, 0xa3, 0x10, 0xa3, 0x10, 0xa3, 0x10, 0xa3, 0x10,
    0xa3, 0x10, 0xa3, 0x10, 0xa3, 0x10, 0xa3, 0x10, 0xa3, 0x10, 0xa3, 0x10, 0xa3, 0x10, 0xa3, 0x10, 0xa3, 0x10, 0xa3,
    0x10, 0xa3, 0x10, 0xa3, 0x10, 0xa3, 0x10, 0xa3, 0x10, 0xa3, 0x10, 0xa3, 0x10, 0xa3, 0x10, 0xa3, 0x10, 0xa3, 0x10,
    0xa3, 0x10, 0xa3, 0x10, 0xa3, 0x10, 0xa3, 0x10, 0xa3, 0x10, 0xa3, 0x10, 0xa3, 0x10, 0xa3, 0x10, 0xa3, 0x10, 0xa3,
    0x10, 0xa3, 0x10, 0xa3, 0x10, 0xa3, 0x10, 0xa3, 0x10, 0xa3, 0x10, 0xa3, 0x10, 0xa3, 0x10, 0xa3, 0x10, 0xa3, 0x10,
    0xa3, 0x10, 0xa3, 0x10, 0xa3, 0x10, 0xa3, 0x10, 0xa3, 0x10, 0xa3, 0x10, 0xa3, 0x10, 0xa3, 0x10, 0xa3, 0x10, 0xa3,
    0x10, 0xa3, 0x10, 0xa3, 0x10, 0xa3, 0x10, 0xa3, 0x10, 0xa3, 0x10, 0xa3, 0x10, 0xa3, 0x10, 0xa3, 0x10, 0xa3, 0x10,
    0xa3, 0x10, 0xa3, 0x10, 0xa3, 0x10, 0xa3, 0x10, 0xa3, 0x10, 0xa3, 0x10, 0xa3, 0x10, 0xa3, 0x10, 0xa3, 0x10, 0xa3,
    0x10, 0xa3, 0x10, 0xa3, 0x10, 0xa3, 0x10, 0xa3, 0x10, 0xa3, 0x10, 0xa3, 0x10, 0xa3, 0x10, 0xa3, 0x10, 0xa3, 0x10,
    0xa3, 0x10, 0xa3, 0x10, 0xa3, 0x10, 0xa3, 0x10, 0xa3, 0x10, 0xa3, 0x10, 0xa3, 0x10, 0xa3, 0x10, 0xa3, 0x10, 0xa3,
    0x10, 0xa3, 0x10, 0xa3, 0x10, 0xa3, 0x10, 0xa3, 0x10, 0xa3, 0x10, 0xa3, 0x10, 0xa3, 0x10, 0xa3, 0x10, 0xa3, 0x10,
    0xa3, 0x10, 0xa3, 0x10, 0xa3, 0x10, 0xa3, 0x10, 0xa3, 0x10, 0xa3, 0x10, 0xa3, 0x10, 0xa3, 0x10, 0xa3, 0x10, 0xa3,
    0x10, 0xa3, 0x10, 0xa3, 0x10, 0xa3, 0x10, 0xa3, 0x10, 0xa3, 0x10, 0xa3, 0x10, 0xa3, 0x10, 0xa3, 0x10, 0xa3, 0x10,
    0xa3, 0x10, 0xa3, 0x10, 0xa3, 0x10, 0xa3, 0x10, 0xa3, 0x10, 0xa3, 0x10, 0xa3, 0x10, 0xa3, 0x10, 0xa3, 0x10, 0xa3,
    0x10, 0xa3, 0x10, 0xa3, 0x10, 0xa3, 0x10, 0xa3, 0x10, 0xa3, 0x10, 0xa3, 0x10, 0xa3, 0x10, 0xa3, 0x10, 0xa3, 0x10,
    0xa3, 0x10, 0xa3, 0x10, 0xa3, 0x10, 0xa3, 0x10, 0xa3, 0x10, 0xa3, 0x10, 0xa3, 0x10, 0xa3, 0x10, 0xa3, 0x10, 0xa3,
    0x10, 0xa3, 0x10, 0xa3, 0x10, 0xa3, 0x10, 0xa3, 0x10, 0xa3, 0x10, 0xa3, 0x10, 0xa3, 0x10, 0xa3, 0x10, 0xa3, 0x10,
    0xa3, 0x10, 0xa3, 0x10, 0xa3, 0x10, 0xa3, 0x10, 0xa3, 0x10, 0xa3, 0x10, 0xa3, 0x10, 0xa3, 0x10, 0xa3, 0x10, 0xa3,
    0x10, 0xa3, 0x10, 0xa3, 0x10, 0xa3, 0x10, 0xa3, 0x10, 0xa3, 0x10, 0xa3, 0x10, 0xa3, 0x10, 0xa3, 0x10, 0xa3, 0x10,
    0xa3, 0x10, 0xa3, 0x10, 0xa3, 0x10, 0xa3, 0x10, 0xa3, 0x10, 0xa3, 0x10, 0xa3, 0x10, 0xa3, 0x10, 0xa3, 0x10, 0xa3,
    0x10, 0xa3, 0x10, 0xa3, 0x10, 0xa3, 0x10, 0xa3, 0x10, 0xa3, 0x10, 0xa3, 0x10, 0xa3, 0x10, 0xa3, 0x10, 0xa3, 0x10,
    0xa3, 0x10, 0xa3, 0x10, 0xa3, 0x10, 0xa3, 0x10, 0xa3, 0x10, 0xa3, 0x10, 0xa3, 0x10, 0xa3, 0x10, 0xa3, 0x10, 0xa3,
    0x10, 0xa3, 0x10, 0xa3, 0x10, 0xa3, 0x10, 0xa3, 0x10, 0xa3, 0x10, 0xa3, 0x10, 0xa3, 0x10, 0xa3, 0x10, 0xa3, 0x10,
    0xa3, 0x10, 0xa3, 0x10, 0xa3, 0x10, 0xa3, 0x10, 0xa3, 0x10, 0xa3, 0x10, 0xa3, 0x10, 0xa3, 0x10, 0xa3, 0x10, 0xa3,
    0x10, 0xa3, 0x10, 0xa3, 0x10, 0xa3, 0x10, 0xa3, 0x10, 0xa3, 0x10, 0xa3, 0x10, 0xa3, 0x10, 0xa3, 0x10, 0xa3, 0x10,
    0xa3, 0x10, 0xa3, 0x10, 0xa3, 0x10, 0xa3, 0x10, 0xa3, 0x10, 0xa3, 0x10, 0xa3, 0x10, 0xa3, 0x10, 0xa3, 0x10, 0xa3,
    0x10, 0xa3, 0x10, 0xa3, 0x10, 0xa3, 0x10, 0xa3, 0x10, 0xa3, 0x10, 0xa3, 0x10, 0xa3, 0x10, 0xa3, 0x10, 0xa3, 0x10,
    0xa3, 0x10, 0xa3, 0x10, 0xa3, 0x10, 0xa3, 0x10, 0xa3, 0x10, 0xa3, 0x10, 0xa3, 0x10, 0xa3, 0x10, 0xa3, 0x10, 0xa3,
    0x10, 0xa3, 0x10, 0xa3, 0x10, 0xa3, 0x10, 0xa3, 0x10, 0xa3, 0x10, 0xa3, 0x10, 0xa3, 0x10, 0xa3, 0x10, 0xa3, 0x10,
    0xa3, 0x10, 0xa3, 0x10, 0xa3, 0x10, 0xa3, 0x10, 0xa3, 0x10, 0xa3, 0x10, 0xa3, 0x10, 0xa3, 0x10, 0xa3, 0x10, 0xa3,
    0x10, 0xa3, 0x10, 0xa3, 0x10, 0xa3, 0x10, 0xa3, 0x10, 0xa3, 0x10, 0xa3, 0x10, 0xa3, 0x10, 0xa3, 0x10, 0xa3, 0x10,
    0xa3, 0x10, 0xa3, 0x10, 0xa3, 0x10, 0xa3, 0x10, 0xa3, 0x10, 0xa3, 0x10, 0xa3, 0x10, 0xa3, 0x10, 0xa3, 0x10, 0xa3,
    0x10, 0xa3, 0x10, 0xa3, 0x10, 0xa3, 0x10, 0xa3, 0x10, 0xa3, 0x10, 0xa3, 0x10, 0xa3, 0x10, 0xa3, 0x10, 0xa3, 0x10,
    0xa3, 0x10, 0xa3, 0x10, 0xa3, 0x10, 0xa3, 0x10, 0xa3, 0x10, 0xa3, 0x10, 0xa3, 0x10, 0xa3, 0x10, 0xa3, 0x10, 0xa3,
    0x10, 0xa3, 0x10, 0xa3, 0x10, 0xa3, 0x10, 0xa3, 0x10, 0xa3, 0x10, 0xa3, 0x10, 0xa3, 0x10, 0xa3, 0x10, 0xa3, 0x10,
    0xa3, 0x10, 0xa3, 0x10, 0xa3, 0x10, 0xa3, 0x10, 0xa3, 0x10, 0xa3, 0x10, 0xa3, 0x10, 0xa3, 0x10, 0xa3, 0x10, 0xa3,
    0x10, 0xa3, 0x10, 0xa3, 0x10, 0xa3, 0x10, 0xa3, 0x10, 0xa3, 0x10, 0xa3, 0x10, 0xa3, 0x10, 0xa3, 0x10, 0xa3, 0x10,
    0xa3, 0x10, 0xa3, 0x10, 0xa3, 0x10, 0xa3, 0x10, 0xa3, 0x10, 0xa3, 0x10, 0xa3, 0x10, 0xa3, 0x10, 0xa3, 0x10, 0xa3,
    0x10, 0xa3, 0x10, 0xa3, 0x10, 0xa3, 0x10, 0xa3, 0x10, 0xa3, 0x10, 0xa3, 0x10, 0xa3, 0x10, 0xa3, 0x10, 0xa3, 0x10,
    0xa3, 0x10, 0xa3, 0x10, 0xa3, 0x10, 0xa3, 0x10, 0xa3, 0x10, 0xa3, 0x10, 0xa3, 0x10, 0xa3, 0x10, 0xa3, 0x10, 0xa3,
    0x10, 0xa3, 0x10, 0xa3, 0x10, 0xa3, 0x10, 0xa3, 0x10, 0xa3, 0x10, 0xa3, 0x10, 0xa3, 0x10, 0xa3, 0x10, 0xa3, 0x10,
    0xa3, 0x10, 0xa3, 0x10, 0xa3, 0x10, 0xa3, 0x10, 0xa3, 0x10, 0xa3, 0x10, 0xa3, 0x10, 0xa3, 0x10, 0xa3, 0x10, 0xa3,
    0x10, 0xa3, 0x10, 0xa3, 0x10, 0xa3, 0x10, 0xa3, 0x10, 0xa3, 0x10, 0xa3, 0x10, 0xa3, 0x10, 0xa3, 0x10, 0xa3, 0x10,
    0xa3, 0x10, 0xa3, 0x10, 0xa3, 0x10, 0xa3, 0x10, 0xa3, 0x10, 0xa3, 0x10, 0xa3, 0x10, 0xa3, 0x10, 0xa3, 0x10, 0xa3,
    0x10, 0xa3, 0x10, 0xa3, 0x10, 0xa3, 0x10, 0xa3, 0x10, 0xa3, 0x10, 0xa3, 0x10, 0xa3, 0x10, 0xa3, 0x10, 0xa3, 0x10,
    0xa3, 0x10, 0xa3, 0x10, 0xa3, 0x10, 0xa3, 0x10, 0xa3, 0x10, 0xa3, 0x10, 0xa3, 0x10, 0xa3, 0x10, 0xa3, 0x10, 0xa3,
    0x10, 0xa3, 0x10, 0xa3, 0x10, 0xa3, 0x10, 0xa3, 0x10, 0xa3, 0x10, 0xa3, 0x10, 0xa3, 0x10, 0xa3, 0x10, 0xa3, 0x10,
    0xa3, 0x10, 0xa3, 0x10, 0xa3, 0x10, 0xa3, 0x10, 0xa3, 0x10, 0xa3, 0x10, 0xa3, 0x10, 0xa3, 0x10, 0xa3, 0x10, 0xa3,
    0x10, 0xa3, 0x10, 0xa3, 0x10, 0xa3, 0x10, 0xa3, 0x10, 0xa3, 0x10, 0xa3, 0x10, 0xa3, 0x10, 0xa3, 0x10, 0xa3, 0x10,
    0xa3, 0x10, 0xa3, 0x10, 0xa3, 0x10, 0xa3, 0x10, 0xa3, 0x10, 0xa3, 0x10, 0xa3, 0x10, 0xa3, 0x10, 0xa3, 0x10, 0xa3,
    0x10, 0xa3, 0x10, 0xa3, 0x10, 0xa3, 0x10, 0xa3, 0x10, 0xa3, 0x10, 0xa3, 0x10, 0xa3, 0x10, 0xa3, 0x10, 0xa3, 0x10,
    0xa3, 0x10, 0xa3, 0x10, 0xa3, 0x10, 0xa3, 0x10, 0xa3, 0x10, 0xa3, 0x10, 0xa3, 0x10, 0xa3, 0x10, 0xa3, 0x10, 0xa3,
    0x10, 0xa3, 0x10, 0xa3, 0x10, 0xa3, 0x10, 0xa3, 0x10, 0xa3, 0x10, 0xa3, 0x10, 0xa3, 0x10, 0xa3, 0x10, 0xa3, 0x10,
    0xa3, 0x10, 0xa3, 0x10, 0xa3, 0x10, 0xa3, 0x10, 0xa3, 0x10, 0xa3, 0x10, 0xa3, 0x10, 0xa3, 0x10, 0xa3, 0x10, 0xa3,
    0x10, 0xa3, 0x10, 0xa3, 0x10, 0xa3, 0x10, 0xa3, 0x10, 0xa3, 0x10, 0xa3, 0x10, 0xa3, 0x10, 0xa3, 0x10, 0xa3, 0x10,
    0xa3, 0x10, 0xa3, 0x10, 0xa3, 0x10, 0xa3, 0x10, 0xa3, 0x10, 0xa3, 0x10, 0xa3, 0x10, 0xa3, 0x10, 0xa3, 0x10, 0xa3,
    0x10, 0xa3, 0x10, 0xa3, 0x10, 0xa3, 0x10, 0xa3, 0x10, 0xa3, 0x10, 0xa3, 0x10, 0xa3, 0x10, 0xa3, 0x10, 0xa3, 0x10,
    0xa3, 0x10, 0xa3, 0x10, 0xa3, 0x10, 0xa3, 0x10, 0xa3, 0x10, 0xa3, 0x10, 0xa3, 0x10, 0xa3, 0x10, 0xa3, 0x10, 0xa3,
    0x10, 0xa3, 0x10, 0xa3, 0x10, 0xa3, 0x10, 0xa3, 0x10, 0xa3, 0x10, 0xa3, 0x10, 0xa3, 0x10, 0xa3, 0x10, 0xa3, 0x10,
    0xa3, 0x10, 0xa3, 0x10, 0xa3, 0x10, 0xa3, 0x10, 0xa3, 0x10, 0xa3, 0x10, 0xa3, 0x10, 0xa3, 0x10, 0xa3, 0x10, 0xa3,
    0x10, 0xa3, 0x10, 0xa3, 0x10, 0xa3, 0x10, 0xa3, 0x10, 0xa3, 0x10, 0xa3, 0x10, 0xa3, 0x10, 0xa3, 0x10, 0xa3, 0x10,
    0xa3, 0x10, 0xa3, 0x10, 0xa3, 0x10, 0xa3, 0x10, 0xa3, 0x10, 0xa3, 0x10, 0xa3, 0x10, 0xa3, 0x10, 0xa3, 0x10, 0xa3,
    0x10, 0xa3, 0x10, 0xa3, 0x10, 0xa3, 0x10, 0xa3, 0x10, 0xa3, 0x10, 0xa3, 0x10, 0xa3, 0x10, 0xa3, 0x10, 0xa3, 0x10,
    0xa3, 0x10, 0xa3, 0x10, 0xa3, 0x10, 0xa3, 0x10, 0xa3, 0x10, 0xa3, 0x10, 0xa3, 0x10, 0xa3, 0x10, 0xa3, 0x10, 0xa3,
    0x10, 0xa3, 0x10, 0xa3, 0x10, 0xa3, 0x10, 0xa3, 0x10, 0xa3, 0x10, 0xa3, 0x10, 0xa3, 0x10, 0xa3, 0x10, 0xa3, 0x10,
    0xa3, 0x10, 0xa3, 0x10, 0xa3, 0x10, 0xa3, 0x10, 0xa3, 0x10, 0xa3, 0x10, 0xa3, 0x10, 0xa3, 0x10, 0xa3, 0x10, 0xa3,
    0x10, 0xa3, 0x10, 0xa3, 0x10, 0xa3, 0x10, 0xa3, 0x10, 0xa3, 0x10, 0xa3, 0x10, 0xa3, 0x10, 0xa3, 0x10, 0xa3, 0x10,
    0xa3, 0x10, 0xa3, 0x10, 0xa3, 0x10, 0xa3, 0x10, 0xa3, 0x10, 0xa3, 0x10, 0xa3, 0x10, 0xa3, 0x10, 0xa3, 0x10, 0xa3,
    0x10, 0xa3, 0x10, 0xa3, 0x10, 0xa3, 0x10, 0xa3, 0x10, 0xa3, 0x10, 0xa3, 0x10, 0xa3, 0x10, 0xa3, 0x10, 0xa3, 0x10,
    0xa3, 0x10, 0xa3, 0x10, 0xa3, 0x10, 0xa3, 0x10, 0xa3, 0x10, 0xa3, 0x10, 0xa3, 0x10, 0xa3, 0x10, 0xa3, 0x10, 0xa3,
    0x10, 0xa3, 0x10, 0xa3, 0x10, 0xa3, 0x10, 0xa3, 0x10, 0xa3, 0x10, 0xa3, 0x10, 0xa3, 0x10, 0xa3, 0x10, 0xa3, 0x10,
    0xa3, 0x10, 0xa3, 0x10, 0xa3, 0x10, 0xa3, 0x10, 0xa3, 0x10, 0xa3, 0x10, 0xa3, 0x10, 0xa3, 0x10, 0xa3, 0x10, 0xa3,
    0x10, 0xa3, 0x10, 0xa3, 0x10, 0xa3, 0x10, 0xa3, 0x10, 0xa3, 0x10, 0xa3, 0x10, 0xa3, 0x10, 0xa3, 0x10, 0xa3, 0x10,
    0xa3, 0x10, 0xa3, 0x10, 0xa3, 0x10, 0xa3, 0x10, 0xa3, 0x10, 0xa3, 0x10, 0xa3, 0x10, 0xa3, 0x10, 0xa3, 0x10, 0xa3,
    0x10, 0xa3, 0x10, 0xa3, 0x10, 0xa3, 0x10, 0xa3, 0x10, 0xa3, 0x10, 0xa3, 0x10, 0xa3, 0x10, 0xa3, 0x10, 0xa3, 0x10,
    0xa3, 0x10, 0xa3, 0x10, 0xa3, 0x10, 0xa3, 0x10, 0xa3, 0x10, 0xa3, 0x10, 0xa3, 0x10, 0xa3, 0x10, 0xa3, 0x10, 0xa3,
    0x10, 0xa3, 0x10, 0xa3, 0x10, 0xa3, 0x10, 0xa3, 0x10, 0xa3, 0x10, 0xa3, 0x10, 0xa3, 0x10, 0xa3, 0x10, 0xa3, 0x10,
    0xa3, 0x10, 0xa3, 0x10, 0xa3, 0x10, 0xa3, 0x10, 0xa3, 0x10, 0xa3, 0x10, 0xa3, 0x10, 0xa3, 0x10, 0xa3, 0x10, 0xa3,
    0x10, 0xa3, 0x10, 0xa3, 0x10, 0xa3, 0x10, 0xa3, 0x10, 0xa3, 0x10, 0xa3, 0x10, 0xa3, 0x10, 0xa3, 0x10, 0xa3, 0x10,
    0xa3, 0x10, 0xa3, 0x10, 0xa3, 0x10, 0xa3, 0x10, 0xa3, 0x10, 0xa3, 0x10, 0xa3, 0x10, 0xa3, 0x10, 0xa3, 0x10, 0xa3,
    0x10, 0xa3, 0x10, 0xa3, 0x10, 0xa3, 0x10, 0xa3, 0x10, 0xa3, 0x10, 0xa3, 0x10, 0xa3, 0x10, 0xa3, 0x10, 0xa3, 0x10,
    0xa3, 0x10, 0xa3, 0x10, 0xa3, 0x10, 0xa3, 0x10, 0xa3, 0x10, 0xa3, 0x10, 0xa3, 0x10, 0xa3, 0x10, 0xa3, 0x10, 0xa3,
    0x10, 0xa3, 0x10, 0xa3, 0x10, 0xa3, 0x10, 0xa3, 0x10, 0xa3, 0x10, 0xa3, 0x10, 0xa3, 0x10, 0xa3, 0x10, 0xa3, 0x10,
    0xa3, 0x10, 0xa3, 0x10, 0xa3, 0x10, 0xa3, 0x10, 0xa3, 0x10, 0xa3, 0x10, 0xa3, 0x10, 0xa3, 0x10, 0xa3, 0x10, 0xa3,
    0x10, 0xa3, 0x10, 0xa3, 0x10, 0xa3, 0x10, 0xa3, 0x10, 0xa3, 0x10, 0xa3, 0x10, 0xa3, 0x10, 0xa3, 0x10, 0xa3, 0x10,
    0xa3, 0x10, 0xa3, 0x10, 0xa3, 0x10, 0xa3, 0x10, 0xa3, 0x10, 0xa3, 0x10, 0xa3, 0x10, 0xa3, 0x10, 0xa3, 0x10, 0xa3,
    0x10, 0xa3, 0x10, 0xa3, 0x10, 0xa3, 0x10, 0xa3, 0x10, 0xa3, 0x10, 0xa3, 0x10, 0xa3, 0x10, 0xa3, 0x10, 0xa3, 0x10,
    0xa3, 0x10, 0xa3, 0x10, 0xa3, 0x10, 0xa3, 0x10, 0xa3, 0x10, 0xa3, 0x10, 0xa3, 0x10, 0xa3, 0x10, 0xa3, 0x10, 0xa3,
    0x10, 0xa3, 0x10, 0xa3, 0x10, 0xa3, 0x10, 0xa3, 0x10, 0xa3, 0x10, 0xa3, 0x10, 0xa3, 0x10, 0xa3, 0x10, 0xa3, 0x10,
    0xa3, 0x10, 0xa3, 0x10, 0xa3, 0x10, 0xa3, 0x10, 0xa3, 0x10, 0xa3, 0x10, 0xa3, 0x10, 0xa3, 0x10, 0xa3, 0x10, 0xa3,
    0x10, 0xa3, 0x10, 0xa3, 0x10, 0xa3, 0x10, 0xa3, 0x10, 0xa3, 0x10, 0xa3, 0x10, 0xa3, 0x10, 0xa3, 0x10, 0xa3, 0x10,
    0xa3, 0x10, 0xa3, 0x10, 0xa3, 0x10, 0xa3, 0x10, 0xa3, 0x10, 0xa3, 0x10, 0xa3, 0x10, 0xa3, 0x10, 0xa3, 0x10, 0xa3,
    0x10, 0xa3, 0x10, 0xa3, 0x10, 0xa3, 0x10, 0xa3, 0x10, 0xa3, 0x10, 0xa3, 0x10, 0xa3, 0x10, 0xa3, 0x10, 0xa3, 0x10,
    0xa3, 0x10, 0xa3, 0x10, 0xa3, 0x10, 0xa3, 0x10, 0xa3, 0x10, 0xa3, 0x10, 0xa3, 0x10, 0xa3, 0x10, 0xa3, 0x10, 0xa3,
    0x10, 0xa3, 0x10, 0xa3, 0x10, 0xa3, 0x10, 0xa3, 0x10, 0xa3, 0x10, 0xa3, 0x10, 0xa3, 0x10, 0xa3, 0x10, 0xa3, 0x10,
    0xa3, 0x10, 0xa3, 0x10, 0xa3, 0x10, 0xa3, 0x10, 0xa3, 0x10, 0xa3, 0x10, 0xa3, 0x10, 0xa3, 0x10, 0xa3, 0x10, 0xa3,
    0x10, 0xa3, 0x10, 0xa3, 0x10, 0xa3, 0x10, 0xa3, 0x10, 0xa3, 0x10, 0xa3, 0x10, 0xa3, 0x10, 0xa3, 0x10, 0xa3, 0x10,
    0xa3, 0x10, 0xa3, 0x10, 0xa3, 0x10, 0xa3, 0x10, 0xa3, 0x10, 0xa3, 0x10, 0xa3, 0x10, 0xa3, 0x10, 0xa3, 0x10, 0xa3,
    0x10, 0xa3, 0x10, 0xa3, 0x10, 0xa3, 0x10, 0xa3, 0x10, 0xa3, 0x10, 0xa3, 0x10, 0xa3, 0x10, 0xa3, 0x10, 0xa3, 0x10,
    0xa3, 0x10, 0xa3, 0x10, 0xa3, 0x10, 0xa3, 0x10, 0xa3, 0x10, 0xa3, 0x10, 0xa3, 0x10, 0xa3, 0x10, 0xa3, 0x10, 0xa3,
    0x10, 0xa3, 0x10, 0xa3, 0x10, 0xa3, 0x10, 0xa3, 0x10, 0xa3, 0x10, 0xa3, 0x10, 0xa3, 0x10, 0xa3, 0x10, 0xa3, 0x10,
    0xa3, 0x10, 0xa3, 0x10, 0xa3, 0x10, 0xa3, 0x10, 0xa3, 0x10, 0xa3, 0x10, 0xa3, 0x10, 0xa3, 0x10, 0xa3, 0x10, 0xa3,
    0x10, 0xa3, 0x10, 0xa3, 0x10, 0xa3, 0x10, 0xa3, 0x10, 0xa3, 0x10, 0xa3, 0x10, 0xa3, 0x10, 0xa3, 0x10, 0xa3, 0x10,
    0xa3, 0x10, 0xa3, 0x10, 0xa3, 0x10, 0xa3, 0x10, 0xa3, 0x10, 0xa3, 0x10, 0xa3, 0x10, 0xa3, 0x10, 0xa3, 0x10, 0xa3,
    0x10, 0xa3, 0x10, 0xa3, 0x10, 0xa3, 0x10, 0xa3, 0x10, 0xa3, 0x10, 0xa3, 0x10, 0xa3, 0x10, 0xa3, 0x10, 0xa3, 0x10,
    0xa3, 0x10, 0xa3, 0x10, 0xa3, 0x10, 0xa3, 0x10, 0xa3, 0x10, 0xa3, 0x10, 0xa3, 0x10, 0xa3, 0x10, 0xa3, 0x10, 0xa3,
    0x10, 0xa3, 0x10, 0xa3, 0x10, 0xa3, 0x10, 0xa3, 0x10, 0xa3, 0x10, 0xa3, 0x10, 0xa3, 0x10, 0xa3, 0x10, 0xa3, 0x10,
    0xa3, 0x10, 0xa3, 0x10, 0xa3, 0x10, 0xa3, 0x10, 0xa3, 0x10, 0xa3, 0x10, 0xa3, 0x10, 0xa3, 0x10, 0xa3, 0x10, 0xa3,
    0x10, 0xa3, 0x10, 0xa3, 0x10, 0xa3, 0x10, 0xa3, 0x10, 0xa3, 0x10, 0xa3, 0x10, 0xa3, 0x10, 0xa3, 0x10, 0xa3, 0x10,
    0xa3, 0x10, 0xa3, 0x10, 0xa3, 0x10, 0xa3, 0x10, 0xa3, 0x10, 0xa3, 0x10, 0xa3, 0x10, 0xa3, 0x10, 0xa3, 0x10, 0xa3,
    0x10, 0xa3, 0x10, 0xa3, 0x10, 0xa3, 0x10, 0xa3, 0x10, 0xa3, 0x10, 0xa3, 0x10, 0xa3, 0x10, 0xa3, 0x10, 0xa3, 0x10,
    0xa3, 0x10, 0xa3, 0x10, 0xa3, 0x10, 0xa3, 0x10, 0xa3, 0x10, 0xa3, 0x10, 0xa3, 0x10, 0xa3, 0x10, 0xa3, 0x10, 0xa3,
    0x10, 0xa3, 0x10, 0xa3, 0x10, 0xa3, 0x10, 0xa3, 0x10, 0xa3, 0x10, 0xa3, 0x10, 0xa3, 0x10, 0xa3, 0x10, 0xa3, 0x10,
    0xa3, 0x10, 0xa3, 0x10, 0xa3, 0x10, 0xa3, 0x10, 0xa3, 0x10, 0xa3, 0x10, 0xa3, 0x10, 0xa3, 0x10, 0xa3, 0x10, 0xa3,
    0x10, 0xa3, 0x10, 0xa3, 0x10, 0xa3, 0x10, 0xa3, 0x10, 0xa3, 0x10, 0xa3, 0x10, 0xa3, 0x10, 0xa3, 0x10, 0xa3, 0x10,
    0xa3, 0x10, 0xa3, 0x10, 0xa3, 0x10, 0xa3, 0x10, 0xa3, 0x10, 0xa3, 0x10, 0xa3, 0x10, 0xa3, 0x10, 0xa3, 0x10, 0xa3,
    0x10, 0xa3, 0x10, 0xa3, 0x10, 0xa3, 0x10, 0xa3, 0x10, 0xa3, 0x10, 0xa3, 0x10, 0xa3, 0x10, 0xa3, 0x10, 0xa3, 0x10,
    0xa3, 0x10, 0xa3, 0x10, 0xa3, 0x10, 0xa3, 0x10, 0xa3, 0x10, 0xa3, 0x10, 0xa3, 0x10, 0xa3, 0x10, 0xa3, 0x10, 0xa3,
    0x10, 0xa3, 0x10, 0xa3, 0x10, 0xa3, 0x10, 0xa3, 0x10, 0xa3, 0x10, 0xa3, 0x10, 0xa3, 0x10, 0xa3, 0x10, 0xa3, 0x10,
    0xa3, 0x10, 0xa3, 0x10, 0xa3, 0x10, 0xa3, 0x10, 0xa3, 0x10, 0xa3, 0x10, 0xa3, 0x10, 0xa3, 0x10, 0xa3, 0x10, 0xa3,
    0x10, 0xa3, 0x10, 0xa3, 0x10, 0xa3, 0x10, 0xa3, 0x10, 0xa3, 0x10, 0xa3, 0x10, 0xa3, 0x10, 0xa3, 0x10, 0xa3, 0x10,
    0xa3, 0x10, 0xa3, 0x10, 0xa3, 0x10, 0xa3, 0x10, 0xa3, 0x10, 0xa3, 0x10, 0xa3, 0x10, 0xa3, 0x10, 0xa3, 0x10, 0xa3,
    0x10, 0xa3, 0x10, 0xa3, 0x10, 0xa3, 0x10, 0xa3, 0x10, 0xa3, 0x10, 0xa3, 0x10, 0xa3, 0x10, 0xa3, 0x10, 0xa3, 0x10,
    0xa3, 0x10, 0xa3, 0x10, 0xa3, 0x10, 0xa3, 0x10, 0xa3, 0x10, 0xa3, 0x10, 0xa3, 0x10, 0xa3, 0x10, 0xa3, 0x10, 0xa3,
    0x10, 0xa3, 0x10, 0xa3, 0x10, 0xa3, 0x10, 0xa3, 0x10, 0xa3, 0x10, 0xa3, 0x10, 0xa3, 0x10, 0xa3, 0x10, 0xa3, 0x10,
    0xa3, 0x10, 0xa3, 0x10, 0xa3, 0x10, 0xa3, 0x10, 0xa3, 0x10, 0xa3, 0x10, 0xa3, 0x10, 0xa3, 0x10, 0xa3, 0x10, 0xa3,
    0x10, 0xa3, 0x10, 0xa3, 0x10, 0xa3, 0x10, 0xa3, 0x10, 0xa3, 0x10, 0xa3, 0x10, 0xa3, 0x10, 0xa3, 0x10, 0xa3, 0x10,
    0xa3, 0x10, 0xa3, 0x10, 0xa3, 0x10, 0xa3, 0x10, 0xa3, 0x10, 0xa3, 0x10, 0xa3, 0x10, 0xa3, 0x10, 0xa3, 0x10, 0xa3,
    0x10, 0xa3, 0x10, 0xa3, 0x10, 0xa3, 0x10, 0xa3, 0x10, 0xa3, 0x10, 0xa3, 0x10, 0xa3, 0x10, 0xa3, 0x10, 0xa3, 0x10,
    0xa3, 0x10, 0xa3, 0x10, 0xa3, 0x10, 0xa3, 0x10, 0xa3, 0x10, 0xa3, 0x10, 0xa3, 0x10, 0xa3, 0x10, 0xa3, 0x10, 0xa3,
    0x10, 0xa3, 0x10, 0xa3, 0x10, 0xa3, 0x10, 0xa3, 0x10, 0xa3, 0x10, 0xa3, 0x10, 0xa3, 0x10, 0xa3, 0x10, 0xa3, 0x10,
    0xa3, 0x10, 0xa3, 0x10, 0xa3, 0x10, 0xa3, 0x10, 0xa3, 0x10, 0xa3, 0x10, 0xa3, 0x10, 0xa3, 0x10, 0xa3, 0x10, 0xa3,
    0x10, 0xa3, 0x10, 0xa3, 0x10, 0xa3, 0x10, 0xa3, 0x10, 0xa3, 0x10, 0xa3, 0x10, 0xa3, 0x10, 0xa3, 0x10, 0xa3, 0x10,
    0xa3, 0x10, 0xa3, 0x10, 0xa3, 0x10, 0xa3, 0x10, 0xa3, 0x10, 0xa3, 0x10, 0xa3, 0x10, 0xa3, 0x10, 0xa3, 0x10, 0xa3,
    0x10, 0xa3, 0x10, 0xa3, 0x10, 0xa3, 0x10, 0xa3, 0x10, 0xa3, 0x10, 0xa3, 0x10, 0xa3, 0x10, 0xa3, 0x10, 0xa3, 0x10,
    0xa3, 0x10, 0xa3, 0x10, 0xa3, 0x10, 0xa3, 0x10, 0xa3, 0x10, 0xa3, 0x10, 0xa3, 0x10, 0xa3, 0x10, 0xa3, 0x10, 0xa3,
    0x10, 0xa3, 0x10, 0xa3, 0x10, 0xa3, 0x10, 0xa3, 0x10, 0xa3, 0x10, 0xa3, 0x10, 0xa3, 0x10, 0xa3, 0x10, 0xa3, 0x10,
    0xa3, 0x10, 0xa3, 0x10, 0xa3, 0x10, 0xa3, 0x10, 0xa3, 0x10, 0xa3, 0x10, 0xa3, 0x10, 0xa3, 0x10, 0xa3, 0x10, 0xa3,
    0x10, 0xa3, 0x10, 0xa3, 0x10, 0xa3, 0x10, 0xa3, 0x10, 0xa3, 0x10, 0xa3, 0x10, 0xa3, 0x10, 0xa3, 0x10, 0xa3, 0x10,
    0xa3, 0x10, 0xa3, 0x10, 0xa3, 0x10, 0xa3, 0x10, 0xa3, 0x10, 0xa3, 0x10, 0xa3, 0x10, 0xa3, 0x10, 0xa3, 0x10, 0xa3,
    0x10, 0xa3, 0x10, 0xa3, 0x10, 0xa3, 0x10, 0xa3, 0x10, 0xa3, 0x10, 0xa3, 0x10, 0xa3, 0x10, 0xa3, 0x10, 0xa3, 0x10,
    0xa3, 0x10, 0xa3, 0x10, 0xa3, 0x10, 0xa3, 0x10, 0xa3, 0x10, 0xa3, 0x10, 0xa3, 0x10, 0xa3, 0x10, 0xa3, 0x10, 0xa3,
    0x10, 0xa3, 0x10, 0xa3, 0x10, 0xa3, 0x10, 0xa3, 0x10, 0xa3, 0x10, 0xa3, 0x10, 0xa3, 0x10, 0xa3, 0x10, 0xa3, 0x10,
    0xa3, 0x10, 0xa3, 0x10, 0xa3, 0x10, 0xa3, 0x10, 0xa3, 0x10, 0xa3, 0x10, 0xa3, 0x10, 0xa3, 0x10, 0xa3, 0x10, 0xa3,
    0x10, 0xa3, 0x10, 0xa3, 0x10, 0xa3, 0x10, 0xa3, 0x10, 0xa3, 0x10, 0xa3, 0x10, 0xa3, 0x10, 0xa3, 0x10, 0xa3, 0x10,
    0xa3, 0x10, 0xa3, 0x10, 0xa3, 0x10, 0xa3, 0x10, 0xa3, 0x10, 0xa3, 0x10, 0xa3, 0x10, 0xa3, 0x10, 0xa3, 0x10, 0xa3,
    0x10, 0xa3, 0x10, 0xa3, 0x10, 0xa3, 0x10, 0xa3, 0x10, 0xa3, 0x10, 0xa3, 0x10, 0xa3, 0x10, 0xa3, 0x10, 0xa3, 0x10,
    0xa3, 0x10, 0xa3, 0x10, 0xa3, 0x10, 0xa3, 0x10, 0xa3, 0x10, 0xa3, 0x10, 0xa3, 0x10, 0xa3, 0x10, 0xa3, 0x10, 0xa3,
    0x10, 0xa3, 0x10, 0xa3, 0x10, 0xa3, 0x10, 0xa3, 0x10, 0xa3, 0x10, 0xa3, 0x10, 0xa3, 0x10, 0xa3, 0x10, 0xa3, 0x10,
    0xa3, 0x10, 0xa3, 0x10, 0xa3, 0x10, 0xa3, 0x10, 0xa3, 0x10, 0xa3, 0x10, 0xa3, 0x10, 0xa3, 0x10, 0xa3, 0x10, 0xa3,
    0x10, 0xa3, 0x10, 0xa3, 0x10, 0xa3, 0x10, 0xa3, 0x10, 0xa3, 0x10, 0xa3, 0x10, 0xa3, 0x10, 0xa3, 0x10, 0xa3, 0x10,
    0xa3, 0x10, 0xa3, 0x10, 0xa3, 0x10, 0xa3, 0x10, 0xa3, 0x10, 0xa3, 0x10, 0xa3, 0x10, 0xa3, 0x10, 0xa3, 0x10, 0xa3,
    0x10, 0xa3, 0x10, 0xa3, 0x10, 0xa3, 0x10, 0xa3, 0x10, 0xa3, 0x10, 0xa3, 0x10, 0xa3, 0x10, 0xa3, 0x10, 0xa3, 0x10,
    0xa3, 0x10, 0xa3, 0x10, 0xa3, 0x10, 0xa3, 0x10, 0xa3, 0x10, 0xa3, 0x10, 0xa3, 0x10, 0xa3, 0x10, 0xa3, 0x10, 0xa3,
    0x10, 0xa3, 0x10, 0xa3, 0x10, 0xa3, 0x10, 0xa3, 0x10, 0xa3, 0x10, 0xa3, 0x10, 0xa3, 0x10, 0xa3, 0x10, 0xa3, 0x10,
    0xa3, 0x10, 0xa3, 0x10, 0xa3, 0x10, 0xa3, 0x10, 0xa3, 0x10, 0xa3, 0x10, 0xa3, 0x10, 0xa3, 0x10, 0xa3, 0x10, 0xa3,
    0x10, 0xa3, 0x10, 0xa3, 0x10, 0xa3, 0x10, 0xa3, 0x10, 0xa3, 0x10, 0xa3, 0x10, 0xa3, 0x10, 0xa3, 0x10, 0xa3, 0x10,
    0xa3, 0x10, 0xa3, 0x10, 0xa3, 0x10, 0xa3, 0x10, 0xa3, 0x10, 0xa3, 0x10, 0xa3, 0x10, 0xa3, 0x10, 0xa3, 0x10, 0xa3,
    0x10, 0xa3, 0x10, 0xa3, 0x10, 0xa3, 0x10, 0xa3, 0x10, 0xa3, 0x10, 0xa3, 0x10, 0xa3, 0x10, 0xa3, 0x10, 0xa3, 0x10,
    0xa3, 0x10, 0xa3, 0x10, 0xa3, 0x10, 0xa3, 0x10, 0xa3, 0x10, 0xa3, 0x10, 0xa3, 0x10, 0xa3, 0x10, 0xa3, 0x10, 0xa3,
    0x10, 0xa3, 0x10, 0xa3, 0x10, 0xa3, 0x10, 0xa3, 0x10, 0xa3, 0x10, 0xa3, 0x10, 0xa3, 0x10, 0xa3, 0x10, 0xa3, 0x10,
    0xa3, 0x10, 0xa3, 0x10, 0xa3, 0x10, 0xa3, 0x10, 0xa3, 0x10, 0xa3, 0x10, 0xa3, 0x10, 0xa3, 0x10, 0xa3, 0x10, 0xa3,
    0x10, 0xa3, 0x10, 0xa3, 0x10, 0xa3, 0x10, 0xa3, 0x10, 0xa3, 0x10, 0xa3, 0x10, 0xa3, 0x10, 0xa3, 0x10, 0xa3, 0x10,
    0xa3, 0x10, 0xa3, 0x10, 0xa3, 0x10, 0xa3, 0x10, 0xa3, 0x10, 0xa3, 0x10, 0xa3, 0x10, 0xa3, 0x10, 0xa3, 0x10, 0xa3,
    0x10, 0xa3, 0x10, 0xa3, 0x10, 0xa3, 0x10, 0xa3, 0x10, 0xa3, 0x10, 0xa3, 0x10, 0xa3, 0x10, 0xa3, 0x10, 0xa3, 0x10,
    0xa3, 0x10, 0xa3, 0x10, 0xa3, 0x10, 0xa3, 0x10, 0xa3, 0x10, 0xa3, 0x10, 0xa3, 0x10, 0xa3, 0x10, 0xa3, 0x10, 0xa3,
    0x10, 0xa3, 0x10, 0xa3, 0x10, 0xa3, 0x10, 0xa3, 0x10, 0xa3, 0x10, 0xa3, 0x10, 0xa3, 0x10, 0xa3, 0x10, 0xa3, 0x10,
    0xa3, 0x10, 0xa3, 0x10, 0xa3, 0x10, 0xa3, 0x10, 0xa3, 0x10, 0xa3, 0x10, 0xa3, 0x10, 0xa3, 0x10, 0xa3, 0x10, 0xa3,
    0x10, 0xa3, 0x10, 0xa3, 0x10, 0xa3, 0x10, 0xa3, 0x10, 0xa3, 0x10, 0xa3, 0x10, 0xa3, 0x10, 0xa3, 0x10, 0xa3, 0x10,
    0xa3, 0x10, 0xa3, 0x10, 0xa3, 0x10, 0xa3, 0x10, 0xa3, 0x10, 0xa3, 0x10, 0xa3, 0x10, 0xa3, 0x10, 0xa3, 0x10, 0xa3,
    0x10, 0xa3, 0x10, 0xa3, 0x10, 0xa3, 0x10, 0xa3, 0x10, 0xa3, 0x10, 0xa3, 0x10, 0xa3, 0x10, 0xa3, 0x10, 0xa3, 0x10,
    0xa3, 0x10, 0xa3, 0x10, 0xa3, 0x10, 0xa3, 0x10, 0xa3, 0x10, 0xa3, 0x10, 0xa3, 0x10, 0xa3, 0x10, 0xa3, 0x10, 0xa3,
    0x10, 0xa3, 0x10, 0xa3, 0x10, 0xa3, 0x10, 0xa3, 0x10, 0xa3, 0x10, 0xa3, 0x10, 0xa3, 0x10, 0xa3, 0x10, 0xa3, 0x10,
    0xa3, 0x10, 0xa3, 0x10, 0xa3, 0x10, 0xa3, 0x10, 0xa3, 0x10, 0xa3, 0x10, 0xa3, 0x10, 0xa3, 0x10, 0xa3, 0x10, 0xa3,
    0x10, 0xa3, 0x10, 0xa3, 0x10, 0xa3, 0x10, 0xa3, 0x10, 0xa3, 0x10, 0xa3, 0x10, 0xa3, 0x10, 0xa3, 0x10, 0xa3, 0x10,
    0xa3, 0x10, 0xa3, 0x10, 0xa3, 0x10, 0xa3, 0x10, 0xa3, 0x10, 0xa3, 0x10, 0xa3, 0x10, 0xa3, 0x10, 0xa3, 0x10, 0xa3,
    0x10, 0xa3, 0x10, 0xa3, 0x10, 0xa3, 0x10, 0xa3, 0x10, 0xa3, 0x10, 0xa3, 0x10, 0xa3, 0x10, 0xa3, 0x10, 0xa3, 0x10,
    0xa3, 0x10, 0xa3, 0x10, 0xa3, 0x10, 0xa3, 0x10, 0xa3, 0x10, 0xa3, 0x10, 0xa3, 0x10, 0xa3, 0x10, 0xa3, 0x10, 0xa3,
    0x10, 0xa3, 0x10, 0xa3, 0x10, 0xa3, 0x10, 0xa3, 0x10, 0xa3, 0x10, 0xa3, 0x10, 0xa3, 0x10, 0xa3, 0x10, 0xa3, 0x10,
    0xa3, 0x10, 0xa3, 0x10, 0xa3, 0x10, 0xa3, 0x10, 0xa3, 0x10, 0xa3, 0x10, 0xa3, 0x10, 0xa3, 0x10, 0xa3, 0x10, 0xa3,
    0x10, 0xa3, 0x10, 0xa3, 0x10, 0xa3, 0x10, 0xa3, 0x10, 0xa3, 0x10, 0xa3, 0x10, 0xa3, 0x10, 0xa3, 0x10, 0xa3, 0x10,
    0xa3, 0x10, 0xa3, 0x10, 0xa3, 0x10, 0xa3, 0x10, 0xa3, 0x10, 0xa3, 0x10, 0xa3, 0x10, 0xa3, 0x10, 0xa3, 0x10, 0xa3,
    0x10, 0xa3, 0x10, 0xa3, 0x10, 0xa3, 0x10, 0xa3, 0x10, 0xa3, 0x10, 0xa3, 0x10, 0xa3, 0x10, 0xa3, 0x10, 0xa3, 0x10,
    0xa3, 0x10, 0xa3, 0x10, 0xa3, 0x10, 0xa3, 0x10, 0xa3, 0x10, 0xa3, 0x10, 0xa3, 0x10, 0xa3, 0x10, 0xa3, 0x10, 0xa3,
    0x10, 0xa3, 0x10, 0xa3, 0x10, 0xa3, 0x10, 0xa3, 0x10, 0xa3, 0x10, 0xa3, 0x10, 0xa3, 0x10, 0xa3, 0x10, 0xa3, 0x10,
    0xa3, 0x10, 0xa3, 0x10, 0xa3, 0x10, 0xa3, 0x10, 0xa3, 0x10, 0xa3, 0x10, 0xa3, 0x10, 0xa3, 0x10, 0xa3, 0x10, 0xa3,
    0x10, 0xa3, 0x10, 0xa3, 0x10, 0xa3, 0x10, 0xa3, 0x10, 0xa3, 0x10, 0xa3, 0x10, 0xa3, 0x10, 0xa3, 0x10, 0xa3, 0x10,
    0xa3, 0x10, 0xa3, 0x10, 0xa3, 0x10, 0xa3, 0x10, 0xa3, 0x10, 0xa3, 0x10, 0xa3, 0x10, 0xa3, 0x10, 0xa3, 0x10, 0xa3,
    0x10, 0xa3, 0x10, 0xa3, 0x10, 0xa3, 0x10, 0xa3, 0x10, 0xa3, 0x10, 0xa3, 0x10, 0xa3, 0x10, 0xa3, 0x10, 0xa3, 0x10,
    0xa3, 0x10, 0xa3, 0x10, 0xa3, 0x10, 0xa3, 0x10, 0xa3, 0x10, 0xa3, 0x10, 0xa3, 0x10, 0xa3, 0x10, 0xa3, 0x10, 0xa3,
    0x10, 0xa3, 0x10, 0xa3, 0x10, 0xa3, 0x10, 0xa3, 0x10, 0xa3, 0x10, 0xa3, 0x10, 0xa3, 0x10, 0xa3, 0x10, 0xa3, 0x10,
    0xa3, 0x10, 0xa3, 0x10, 0xa3, 0x10, 0xa3, 0x10, 0xa3, 0x10, 0xa3, 0x10, 0xa3, 0x10, 0xa3, 0x10, 0xa3, 0x10, 0xa3,
    0x10, 0xa3, 0x10, 0xa3, 0x10, 0xa3, 0x10, 0xa3, 0x10, 0xa3, 0x10, 0xa3, 0x10, 0xa3, 0x10, 0xa3, 0x10, 0xa3, 0x10,
    0xa3, 0x10, 0xa3, 0x10, 0xa3, 0x10, 0xa3, 0x10, 0xa3, 0x10, 0xa3, 0x10, 0xa3, 0x10, 0xa3, 0x10, 0xa3, 0x10, 0xa3,
    0x10, 0xa3, 0x10, 0xa3, 0x10, 0xa3, 0x10, 0xa3, 0x10, 0xa3, 0x10, 0xa3, 0x10, 0xa3, 0x10, 0xa3, 0x10, 0xa3, 0x10,
    0xa3, 0x10, 0xa3, 0x10, 0xa3, 0x10, 0xa3, 0x10, 0xa3, 0x10, 0xa3, 0x10, 0xa3, 0x10, 0xa3, 0x10, 0xa3, 0x10, 0xa3,
    0x10, 0xa3, 0x10, 0xa3, 0x10, 0xa3, 0x10, 0xa3, 0x10, 0xa3, 0x10, 0xa3, 0x10, 0xa3, 0x10, 0xa3, 0x10, 0xa3, 0x10,
    0xa3, 0x10, 0xa3, 0x10, 0xa3, 0x10, 0xa3, 0x10, 0xa3, 0x10, 0xa3, 0x10, 0xa3, 0x10, 0xa3, 0x10, 0xa3, 0x10, 0xa3,
    0x10, 0xa3, 0x10, 0xa3, 0x10, 0xa3, 0x10, 0xa3, 0x10, 0xa3, 0x10, 0xa3, 0x10, 0xa3, 0x10, 0xa3, 0x10, 0xa3, 0x10,
    0xa3, 0x10, 0xa3, 0x10, 0xa3, 0x10, 0xa3, 0x10, 0xa3, 0x10, 0xa3, 0x10, 0xa3, 0x10, 0xa3, 0x10, 0xa3, 0x10, 0xa3,
    0x10, 0xa3, 0x10, 0xa3, 0x10, 0xa3, 0x10, 0xa3, 0x10, 0xa3, 0x10, 0xa3, 0x10, 0xa3, 0x10, 0xa3, 0x10, 0xa3, 0x10,
    0xa3, 0x10, 0xa3, 0x10, 0xa3, 0x10, 0xa3, 0x10, 0xa3, 0x10, 0xa3, 0x10, 0xa3, 0x10, 0xa3, 0x10, 0xa3, 0x10, 0xa3,
    0x10, 0xa3, 0x10, 0xa3, 0x10, 0xa3, 0x10, 0xa3, 0x10, 0xa3, 0x10, 0xa3, 0x10, 0xa3, 0x10, 0xa3, 0x10, 0xa3, 0x10,
    0xa3, 0x10, 0xa3, 0x10, 0xa3, 0x10, 0xa3, 0x10, 0xa3, 0x10, 0xa3, 0x10, 0xa3, 0x10, 0xa3, 0x10, 0xa3, 0x10, 0xa3,
    0x10, 0xa3, 0x10, 0xa3, 0x10, 0xa3, 0x10, 0xa3, 0x10, 0xa3, 0x10, 0xa3, 0x10, 0xa3, 0x10, 0xa3, 0x10, 0xa3, 0x10,
    0xa3, 0x10, 0xa3, 0x10, 0xa3, 0x10, 0xa3, 0x10, 0xa3, 0x10, 0xa3, 0x10, 0xa3, 0x10, 0xa3, 0x10, 0xa3, 0x10, 0xa3,
    0x10, 0xa3, 0x10, 0xa3, 0x10, 0xa3, 0x10, 0xa3, 0x10, 0xa3, 0x10, 0xa3, 0x10, 0xa3, 0x10, 0xa3, 0x10, 0xa3, 0x10,
    0xa3, 0x10, 0xa3, 0x10, 0xa3, 0x10, 0xa3, 0x10, 0xa3, 0x10, 0xa3, 0x10, 0xa3, 0x10, 0xa3, 0x10, 0xa3, 0x10, 0xa3,
    0x10, 0xa3, 0x10, 0xa3, 0x10, 0xa3, 0x10, 0xa3, 0x10, 0xa3, 0x10, 0xa3, 0x10, 0xa3, 0x10, 0xa3, 0x10, 0xa3, 0x10,
    0xa3, 0x10, 0xa3, 0x10, 0xa3, 0x10, 0xa3, 0x10, 0xa3, 0x10, 0xa3, 0x10, 0xa3, 0x10, 0xa3, 0x10, 0xa3, 0x10, 0xa3,
    0x10, 0xa3, 0x10, 0xa3, 0x10, 0xa3, 0x10, 0xa3, 0x10, 0xa3, 0x10, 0xa3, 0x10, 0xa3, 0x10, 0xa3, 0x10, 0xa3, 0x10,
    0xa3, 0x10, 0xa3, 0x10, 0xa3, 0x10, 0xa3, 0x10, 0xa3, 0x10, 0xa3, 0x10, 0xa3, 0x10, 0xa3, 0x10, 0xa3, 0x10, 0xa3,
    0x10, 0xa3, 0x10, 0xa3, 0x10, 0xa3, 0x10, 0xa3, 0x10, 0xa3, 0x10, 0xa3, 0x10, 0xa3, 0x10, 0xa3, 0x10, 0xa3, 0x10,
    0xa3, 0x10, 0xa3, 0x10, 0xa3, 0x10, 0xa3, 0x10, 0xa3, 0x10, 0xa3, 0x10, 0xa3, 0x10, 0xa3, 0x10, 0xa3, 0x10, 0xa3,
    0x10, 0xa3, 0x10, 0xa3, 0x10, 0xa3, 0x10, 0xa3, 0x10, 0xa3, 0x10, 0xa3, 0x10, 0xa3, 0x10, 0xa3, 0x10, 0xa3, 0x10,
    0xa3, 0x10, 0xa3, 0x10, 0xa3, 0x10, 0xa3, 0x10, 0xa3, 0x10, 0xa3, 0x10, 0xa3, 0x10, 0xa3, 0x10, 0xa3, 0x10, 0xa3,
    0x10, 0xa3, 0x10, 0xa3, 0x10, 0xa3, 0x10, 0xa3, 0x10, 0xa3, 0x10, 0xa3, 0x10, 0xa3, 0x10, 0xa3, 0x10, 0xa3, 0x10,
    0xa3, 0x10, 0xa3, 0x10, 0xa3, 0x10, 0xa3, 0x10, 0xa3, 0x10, 0xa3, 0x10, 0xa3, 0x10, 0xa3, 0x10, 0xa3, 0x10, 0xa3,
    0x10, 0xa3, 0x10, 0xa3, 0x10, 0xa3, 0x10, 0xa3, 0x10, 0xa3, 0x10, 0xa3, 0x10, 0xa3, 0x10, 0xa3, 0x10, 0xa3, 0x10,
    0xa3, 0x10, 0xa3, 0x10, 0xa3, 0x10, 0xa3, 0x10, 0xa3, 0x10, 0xa3, 0x10, 0xa3, 0x10, 0xa3, 0x10, 0xa3, 0x10, 0xa3,
    0x10, 0xa3, 0x10, 0xa3, 0x10, 0xa3, 0x10, 0xa3, 0x10, 0xa3, 0x10, 0xa3, 0x10, 0xa3, 0x10, 0xa3, 0x10, 0xa3, 0x10,
    0xa3, 0x10, 0xa3, 0x10, 0xa3, 0x10, 0xa3, 0x10, 0xa3, 0x10, 0xa3, 0x10, 0xa3, 0x10, 0xa3, 0x10, 0xa3, 0x10, 0xa3,
    0x10, 0xa3, 0x10, 0xa3, 0x10, 0xa3, 0x10, 0xa3, 0x10, 0xa3, 0x10, 0xa3, 0x10, 0xa3, 0x10, 0xa3, 0x10, 0xa3, 0x10,
    0xa3, 0x10, 0xa3, 0x10, 0xa3, 0x10, 0xa3, 0x10, 0xa3, 0x10, 0xa3, 0x10, 0xa3, 0x10, 0xa3, 0x10, 0xa3, 0x10, 0xa3,
    0x10, 0xa3, 0x10, 0xa3, 0x10, 0xa3, 0x10, 0xa3, 0x10, 0xa3, 0x10, 0xa3, 0x10, 0xa3, 0x10, 0xa3, 0x10, 0xa3, 0x10,
    0xa3, 0x10, 0xa3, 0x10, 0xa3, 0x10, 0xa3, 0x10, 0xa3, 0x10, 0xa3, 0x10, 0xa3, 0x10, 0xa3, 0x10, 0xa3, 0x10, 0xa3,
    0x10, 0xa3, 0x10, 0xa3, 0x10, 0xa3, 0x10, 0xa3, 0x10, 0xa3, 0x10, 0xa3, 0x10, 0xa3, 0x10, 0xa3, 0x10, 0xa3, 0x10,
    0xa3, 0x10, 0xa3, 0x10, 0xa3, 0x10, 0xa3, 0x10, 0xa3, 0x10, 0xa3, 0x10, 0xa3, 0x10, 0xa3, 0x10, 0xa3, 0x10, 0xa3,
    0x10, 0xa3, 0x10, 0xa3, 0x10, 0xa3, 0x10, 0xa3, 0x10, 0xa3, 0x10, 0xa3, 0x10, 0xa3, 0x10, 0xa3, 0x10, 0xa3, 0x10,
    0xa3, 0x10, 0xa3, 0x10, 0xa3, 0x10, 0xa3, 0x10, 0xa3, 0x10, 0xa3, 0x10, 0xa3, 0x10, 0xa3, 0x10, 0xa3, 0x10, 0xa3,
    0x10, 0xa3, 0x10, 0xa3, 0x10, 0xa3, 0x10, 0xa3, 0x10, 0xa3, 0x10, 0xa3, 0x10, 0xa3, 0x10, 0xa3, 0x10, 0xa3, 0x10,
    0xa3, 0x10, 0xa3, 0x10, 0xa3, 0x10, 0xa3, 0x10, 0xa3, 0x10, 0xa3, 0x10, 0xa3, 0x10, 0xa3, 0x10, 0xa3, 0x10, 0xa3,
    0x10, 0xa3, 0x10, 0xa3, 0x10, 0xa3, 0x10, 0xa3, 0x10, 0xa3, 0x10, 0xa3, 0x10, 0xa3, 0x10, 0xa3, 0x10, 0xa3, 0x10,
    0xa3, 0x10, 0xa3, 0x10, 0xa3, 0x10, 0xa3, 0x10, 0xa3, 0x10, 0xa3, 0x10, 0xa3, 0x10, 0xa3, 0x10, 0xa3, 0x10, 0xa3,
    0x10, 0xa3, 0x10, 0xa3, 0x10, 0xa3, 0x10, 0xa3, 0x10, 0xa3, 0x10, 0xa3, 0x10, 0xa3, 0x10, 0xa3, 0x10, 0xa3, 0x10,
    0xa3, 0x10, 0xa3, 0x10, 0xa3, 0x10, 0xa3, 0x10, 0xa3, 0x10, 0xa3, 0x10, 0xa3, 0x10, 0xa3, 0x10, 0xa3, 0x10, 0xa3,
    0x10, 0xa3, 0x10, 0xa3, 0x10, 0xa3, 0x10, 0xa3, 0x10, 0xa3, 0x10, 0xa3, 0x10, 0xa3, 0x10, 0xa3, 0x10, 0xa3, 0x10,
    0xa3, 0x10, 0xa3, 0x10, 0xa3, 0x10, 0xa3, 0x10, 0xa3, 0x10, 0xa3, 0x10, 0xa3, 0x10, 0xa3, 0x10, 0xa3, 0x10, 0xa3,
    0x10, 0xa3, 0x10, 0xa3, 0x10, 0xa3, 0x10, 0xa3, 0x10, 0xa3, 0x10, 0xa3, 0x10, 0xf1, 0x31, 0xf1, 0x31, 0xf1, 0x31,
    0xf1, 0x31, 0xf1, 0x31, 0xf1, 0x31, 0xf1, 0x31, 0xf1, 0x31, 0xf1, 0x31, 0xf1, 0x31, 0xf1, 0x31, 0xf1, 0x31, 0xf1,
    0x31, 0xf1, 0x31, 0xf1, 0x31, 0xf1, 0x31, 0xf1, 0x31, 0xf1, 0x31, 0xf1, 0x31, 0xf1, 0x31, 0xf1, 0x31, 0xf1, 0x31,
    0xf1, 0x31, 0xf1, 0x31, 0xf1, 0x31, 0xf1, 0x31, 0xf1, 0x31, 0xf1, 0x31, 0xf1, 0x31, 0xf1, 0x31, 0xf1, 0x31, 0xf1,
    0x31, 0xf1, 0x31, 0xf1, 0x31, 0xf1, 0x31, 0xf1, 0x31, 0xf1, 0x31, 0xf1, 0x31, 0xf1, 0x31, 0xf1, 0x31, 0xf1, 0x31,
    0xf1, 0x31, 0xf1, 0x31, 0xf1, 0x31, 0xf1, 0x31, 0xf1, 0x31, 0xf1, 0x31, 0xf1, 0x31, 0xf1, 0x31, 0xf1, 0x31, 0xf1,
    0x31, 0xf1, 0x31, 0xf1, 0x31, 0xf1, 0x31, 0xf1, 0x31, 0xf1, 0x31, 0xf1, 0x31, 0xf1, 0x31, 0xf1, 0x31, 0xf1, 0x31,
    0xf1, 0x31, 0xf1, 0x31, 0xf1, 0x31, 0xf1, 0x31, 0xf1, 0x31, 0xf1, 0x31, 0xf1, 0x31, 0xf1, 0x31, 0xf1, 0x31, 0xf1,
    0x31, 0xf1, 0x31, 0xf1, 0x31, 0xa3, 0x10, 0xa3, 0x10, 0xa3, 0x10, 0xa3, 0x10, 0xa3, 0x10, 0xa3, 0x10, 0xa3, 0x10,
    0xa3, 0x10, 0xa3, 0x10, 0xa3, 0x10, 0xa3, 0x10, 0xa3, 0x10, 0xa3, 0x10, 0xa3, 0x10, 0xa3, 0x10, 0xa3, 0x10, 0xa3,
    0x10, 0xa3, 0x10, 0xa3, 0x10, 0xa3, 0x10, 0xa3, 0x10, 0xa3, 0x10, 0xa3, 0x10, 0xa3, 0x10, 0xa3, 0x10, 0xa3, 0x10,
    0xa3, 0x10, 0xa3, 0x10, 0xa3, 0x10, 0xa3, 0x10, 0xa3, 0x10, 0xa3, 0x10, 0xa3, 0x10, 0xa3, 0x10, 0xa3, 0x10, 0xa3,
    0x10, 0xa3, 0x10, 0xa3, 0x10, 0xa3, 0x10, 0xa3, 0x10, 0xa3, 0x10, 0xa3, 0x10, 0xa3, 0x10, 0xa3, 0x10, 0xa3, 0x10,
    0xa3, 0x10, 0xa3, 0x10, 0xa3, 0x10, 0xa3, 0x10, 0xa3, 0x10, 0xa3, 0x10, 0xa3, 0x10, 0xa3, 0x10, 0xa3, 0x10, 0xa3,
    0x10, 0xa3, 0x10, 0xa3, 0x10, 0xa3, 0x10, 0xa3, 0x10, 0xa3, 0x10, 0xa3, 0x10, 0xa3, 0x10, 0xa3, 0x10, 0xa3, 0x10,
    0xa3, 0x10, 0xa3, 0x10, 0xa3, 0x10, 0xa3, 0x10, 0xa3, 0x10, 0xa3, 0x10, 0xa3, 0x10, 0xa3, 0x10, 0xa3, 0x10, 0xa3,
    0x10, 0xa3, 0x10, 0xa3, 0x10, 0xa3, 0x10, 0xa3, 0x10, 0xa3, 0x10, 0xa3, 0x10, 0xa3, 0x10, 0xa3, 0x10, 0xa3, 0x10,
    0xa3, 0x10, 0xa3, 0x10, 0xa3, 0x10, 0xa3, 0x10, 0xa3, 0x10, 0xa3, 0x10, 0xa3, 0x10, 0xa3, 0x10, 0xa3, 0x10, 0xa3,
    0x10, 0xa3, 0x10, 0xa3, 0x10, 0xa3, 0x10, 0xa3, 0x10, 0xa3, 0x10, 0xa3, 0x10, 0xa3, 0x10, 0xa3, 0x10, 0xa3, 0x10,
    0xa3, 0x10, 0xa3, 0x10, 0xa3, 0x10, 0xa3, 0x10, 0xa3, 0x10, 0xa3, 0x10, 0xa3, 0x10, 0xa3, 0x10, 0xa3, 0x10, 0xa3,
    0x10, 0xa3, 0x10, 0xa3, 0x10, 0xa3, 0x10, 0xa3, 0x10, 0xa3, 0x10, 0xa3, 0x10, 0xa3, 0x10, 0xa3, 0x10, 0xa3, 0x10,
    0xa3, 0x10, 0xa3, 0x10, 0xf1, 0x31, 0xf1, 0x31, 0xf1, 0x31, 0xf1, 0x31, 0xf1, 0x31, 0xf1, 0x31, 0xf1, 0x31, 0xf1,
    0x31, 0xf1, 0x31, 0xf1, 0x31, 0xf1, 0x31, 0xf1, 0x31, 0xf1, 0x31, 0xf1, 0x31, 0xf1, 0x31, 0xf1, 0x31, 0xf1, 0x31,
    0xf1, 0x31, 0xf1, 0x31, 0xf1, 0x31, 0xf1, 0x31, 0xf1, 0x31, 0xf1, 0x31, 0xf1, 0x31, 0xf1, 0x31, 0xf1, 0x31, 0xf1,
    0x31, 0xf1, 0x31, 0xf1, 0x31, 0xf1, 0x31, 0xf1, 0x31, 0xf1, 0x31, 0xf1, 0x31, 0xf1, 0x31, 0xf1, 0x31, 0xf1, 0x31,
    0xf1, 0x31, 0xf1, 0x31, 0xf1, 0x31, 0xf1, 0x31, 0xf1, 0x31, 0xf1, 0x31, 0xf1, 0x31, 0xf1, 0x31, 0xf1, 0x31, 0xf1,
    0x31, 0xf1, 0x31, 0xf1, 0x31, 0xf1, 0x31, 0xf1, 0x31, 0xf1, 0x31, 0xf1, 0x31, 0xf1, 0x31, 0xf1, 0x31, 0xf1, 0x31,
    0xf1, 0x31, 0xf1, 0x31, 0xf1, 0x31, 0xf1, 0x31, 0xf1, 0x31, 0xf1, 0x31, 0xf1, 0x31, 0xf1, 0x31, 0xf1, 0x31, 0xf1,
    0x31, 0xf1, 0x31, 0xf1, 0x31, 0xf1, 0x31, 0xf1, 0x31, 0xf1, 0x31, 0xf1, 0x31, 0xf1, 0x31, 0xf1, 0x31, 0xf1, 0x31,
    0xf1, 0x31, 0xf1, 0x31, 0xf1, 0x31, 0xf1, 0x31, 0xf1, 0x31, 0xf1, 0x31, 0xf1, 0x31, 0xf1, 0x31, 0xa3, 0x10, 0xa3,
    0x10, 0xa3, 0x10, 0xa3, 0x10, 0xa3, 0x10, 0xa3, 0x10, 0xa3, 0x10, 0xa3, 0x10, 0xa3, 0x10, 0xa3, 0x10, 0xa3, 0x10,
    0xa3, 0x10, 0xa3, 0x10, 0xa3, 0x10, 0xa3, 0x10, 0xa3, 0x10, 0xa3, 0x10, 0xa3, 0x10, 0xa3, 0x10, 0xa3, 0x10, 0xa3,
    0x10, 0xa3, 0x10, 0xa3, 0x10, 0xa3, 0x10, 0xa3, 0x10, 0xa3, 0x10, 0xa3, 0x10, 0xa3, 0x10, 0xa3, 0x10, 0xa3, 0x10,
    0xa3, 0x10, 0xa3, 0x10, 0xa3, 0x10, 0xa3, 0x10, 0xa3, 0x10, 0xa3, 0x10, 0xa3, 0x10, 0xa3, 0x10, 0xa3, 0x10, 0xa3,
    0x10, 0xa3, 0x10, 0xa3, 0x10, 0xa3, 0x10, 0xa3, 0x10, 0xa3, 0x10, 0xa3, 0x10, 0xa3, 0x10, 0xa3, 0x10, 0xa3, 0x10,
    0xa3, 0x10, 0xa3, 0x10, 0xa3, 0x10, 0xa3, 0x10, 0xa3, 0x10, 0xa3, 0x10, 0xa3, 0x10, 0xa3, 0x10, 0xa3, 0x10, 0xa3,
    0x10, 0xa3, 0x10, 0xa3, 0x10, 0xa3, 0x10, 0xa3, 0x10, 0xa3, 0x10, 0xa3, 0x10, 0xa3, 0x10, 0xa3, 0x10, 0xa3, 0x10,
    0xa3, 0x10, 0xa3, 0x10, 0xa3, 0x10, 0xa3, 0x10, 0xa3, 0x10, 0xa3, 0x10, 0xa3, 0x10, 0xa3, 0x10, 0xa3, 0x10, 0xa3,
    0x10, 0xa3, 0x10, 0xa3, 0x10, 0xa3, 0x10, 0xa3, 0x10, 0xa3, 0x10, 0xa3, 0x10, 0xa3, 0x10, 0xa3, 0x10, 0xa3, 0x10,
    0xa3, 0x10, 0xa3, 0x10, 0xa3, 0x10, 0xa3, 0x10, 0xa3, 0x10, 0xa3, 0x10, 0xa3, 0x10, 0xa3, 0x10, 0xa3, 0x10, 0xa3,
    0x10, 0xa3, 0x10, 0xa3, 0x10, 0xa3, 0x10, 0xa3, 0x10, 0xa3, 0x10, 0xa3, 0x10, 0xa3, 0x10, 0xa3, 0x10, 0xa3, 0x10,
    0xa3, 0x10, 0xa3, 0x10, 0xa3, 0x10, 0xa3, 0x10, 0xa3, 0x10, 0xa3, 0x10, 0xa3, 0x10, 0xa3, 0x10, 0xa3, 0x10, 0xf1,
    0x31, 0xf1, 0x31, 0xf1, 0x31, 0xf1, 0x31, 0xf1, 0x31, 0xf1, 0x31, 0xf1, 0x31, 0xf1, 0x31, 0xf1, 0x31, 0xf1, 0x31,
    0xf1, 0x31, 0xf1, 0x31, 0xf1, 0x31, 0xf1, 0x31, 0xf1, 0x31, 0xf1, 0x31, 0xf1, 0x31, 0xf1, 0x31, 0xf1, 0x31, 0xf1,
    0x31, 0xf1, 0x31, 0xf1, 0x31, 0xf1, 0x31, 0xf1, 0x31, 0xf1, 0x31, 0xf1, 0x31, 0xf1, 0x31, 0xf1, 0x31, 0xf1, 0x31,
    0xf1, 0x31, 0xf1, 0x31, 0xf1, 0x31, 0xf1, 0x31, 0xf1, 0x31, 0xf1, 0x31, 0xf1, 0x31, 0xf1, 0x31, 0xf1, 0x31, 0xf1,
    0x31, 0xf1, 0x31, 0xf1, 0x31, 0xf1, 0x31, 0xf1, 0x31, 0xf1, 0x31, 0xf1, 0x31, 0xf1, 0x31, 0xf1, 0x31, 0xf1, 0x31,
    0xf1, 0x31, 0xf1, 0x31, 0xf1, 0x31, 0xf1, 0x31, 0xf1, 0x31, 0xf1, 0x31, 0xf1, 0x31, 0xf1, 0x31, 0xf1, 0x31, 0xf1,
    0x31, 0xf1, 0x31, 0xf1, 0x31, 0xf1, 0x31, 0xf1, 0x31, 0xf1, 0x31, 0xf1, 0x31, 0xf1, 0x31, 0xf1, 0x31, 0xf1, 0x31,
    0xf1, 0x31, 0xf1, 0x31, 0xf1, 0x31, 0xf1, 0x31, 0xf1, 0x31, 0xf1, 0x31, 0xf1, 0x31, 0xf1, 0x31, 0xf1, 0x31, 0xf1,
    0x31, 0xf1, 0x31, 0xf1, 0x31, 0xf1, 0x31, 0xf1, 0x31, 0xf1, 0x31, 0xf1, 0x31, 0xf1, 0x31, 0xf1, 0x31, 0xf1, 0x31,
    0xf1, 0x31, 0xf1, 0x31, 0xa3, 0x10, 0xa3, 0x10, 0xa3, 0x10, 0xa3, 0x10, 0xa3, 0x10, 0xa3, 0x10, 0xa3, 0x10, 0xa3,
    0x10, 0xa3, 0x10, 0xa3, 0x10, 0xa3, 0x10, 0xa3, 0x10, 0xa3, 0x10, 0xa3, 0x10, 0xa3, 0x10, 0xa3, 0x10, 0xa3, 0x10,
    0xa3, 0x10, 0xa3, 0x10, 0xa3, 0x10, 0xa3, 0x10, 0xa3, 0x10, 0xa3, 0x10, 0xa3, 0x10, 0xa3, 0x10, 0xa3, 0x10, 0xa3,
    0x10, 0xa3, 0x10, 0xa3, 0x10, 0xa3, 0x10, 0xa3, 0x10, 0xa3, 0x10, 0xa3, 0x10, 0xa3, 0x10, 0xa3, 0x10, 0xa3, 0x10,
    0xa3, 0x10, 0xa3, 0x10, 0xa3, 0x10, 0xa3, 0x10, 0xa3, 0x10, 0xa3, 0x10, 0xa3, 0x10, 0xa3, 0x10, 0xa3, 0x10, 0xa3,
    0x10, 0xa3, 0x10, 0xa3, 0x10, 0xa3, 0x10, 0xa3, 0x10, 0xa3, 0x10, 0xa3, 0x10, 0xa3, 0x10, 0xa3, 0x10, 0xa3, 0x10,
    0xa3, 0x10, 0xa3, 0x10, 0xa3, 0x10, 0xa3, 0x10, 0xa3, 0x10, 0xa3, 0x10, 0xa3, 0x10, 0xa3, 0x10, 0xa3, 0x10, 0xa3,
    0x10, 0xa3, 0x10, 0xa3, 0x10, 0xa3, 0x10, 0xa3, 0x10, 0xa3, 0x10, 0xa3, 0x10, 0xa3, 0x10, 0xa3, 0x10, 0xa3, 0x10,
    0xa3, 0x10, 0xa3, 0x10, 0xa3, 0x10, 0xa3, 0x10, 0xa3, 0x10, 0xa3, 0x10, 0xa3, 0x10, 0xa3, 0x10, 0xa3, 0x10, 0xa3,
    0x10, 0xa3, 0x10, 0xa3, 0x10, 0xa3, 0x10, 0xa3, 0x10, 0xa3, 0x10, 0xa3, 0x10, 0xa3, 0x10, 0xa3, 0x10, 0xa3, 0x10,
    0xa3, 0x10, 0xa3, 0x10, 0xa3, 0x10, 0xa3, 0x10, 0xa3, 0x10, 0xa3, 0x10, 0xa3, 0x10, 0xa3, 0x10, 0xa3, 0x10, 0xa3,
    0x10, 0xa3, 0x10, 0xa3, 0x10, 0xa3, 0x10, 0xa3, 0x10, 0xa3, 0x10, 0xa3, 0x10, 0xa3, 0x10, 0xa3, 0x10, 0xf1, 0x31,
    0xf1, 0x31, 0xf1, 0x31, 0xf1, 0x31, 0xf1, 0x31, 0xf1, 0x31, 0xf1, 0x31, 0xf1, 0x31, 0xf1, 0x31, 0xf1, 0x31, 0xf1,
    0x31, 0xf1, 0x31, 0xf1, 0x31, 0xf1, 0x31, 0xf1, 0x31, 0xf1, 0x31, 0xf1, 0x31, 0xf1, 0x31, 0xf1, 0x31, 0xf1, 0x31,
    0xf1, 0x31, 0xf1, 0x31, 0xf1, 0x31, 0xf1, 0x31, 0xf1, 0x31, 0xf1, 0x31, 0xf1, 0x31, 0xf1, 0x31, 0xf1, 0x31, 0xf1,
    0x31, 0xf1, 0x31, 0xf1, 0x31, 0xf1, 0x31, 0xf1, 0x31, 0xf1, 0x31, 0xf1, 0x31, 0xf1, 0x31, 0xf1, 0x31, 0xf1, 0x31,
    0xf1, 0x31, 0xf1, 0x31, 0xf1, 0x31, 0xf1, 0x31, 0xf1, 0x31, 0xf1, 0x31, 0xf1, 0x31, 0xf1, 0x31, 0xf1, 0x31, 0xf1,
    0x31, 0xf1, 0x31, 0xf1, 0x31, 0xf1, 0x31, 0xf1, 0x31, 0xf1, 0x31, 0xf1, 0x31, 0xf1, 0x31, 0xf1, 0x31, 0xf1, 0x31,
    0xf1, 0x31, 0xf1, 0x31, 0xf1, 0x31, 0xf1, 0x31, 0xf1, 0x31, 0xf1, 0x31, 0xf1, 0x31, 0xf1, 0x31, 0xf1, 0x31, 0xf1,
    0x31, 0xf1, 0x31, 0xf1, 0x31, 0xf1, 0x31, 0xf1, 0x31, 0xf1, 0x31, 0xf1, 0x31, 0xf1, 0x31, 0xf1, 0x31, 0xf1, 0x31,
    0xf1, 0x31, 0xf1, 0x31, 0xf1, 0x31, 0xf1, 0x31, 0xf1, 0x31, 0xf1, 0x31, 0xf1, 0x31, 0xf1, 0x31, 0xf1, 0x31, 0xf1,
    0x31, 0xf1, 0x31, 0xf1, 0x31, 0xf1, 0x31, 0xa3, 0x10, 0xa3, 0x10, 0xa3, 0x10, 0xa3, 0x10, 0xa3, 0x10, 0xa3, 0x10,
    0xa3, 0x10, 0xa3, 0x10, 0xa3, 0x10, 0xa3, 0x10, 0xa3, 0x10, 0xa3, 0x10, 0xa3, 0x10, 0xa3, 0x10, 0xa3, 0x10, 0xa3,
    0x10, 0xa3, 0x10, 0xa3, 0x10, 0xa3, 0x10, 0xa3, 0x10, 0xa3, 0x10, 0xa3, 0x10, 0xa3, 0x10, 0xa3, 0x10, 0xa3, 0x10,
    0xa3, 0x10, 0xa3, 0x10, 0xa3, 0x10, 0xa3, 0x10, 0xa3, 0x10, 0xa3, 0x10, 0xa3, 0x10, 0xa3, 0x10, 0xa3, 0x10, 0xa3,
    0x10, 0xa3, 0x10, 0xa3, 0x10, 0xa3, 0x10, 0xa3, 0x10, 0xa3, 0x10, 0xa3, 0x10, 0xa3, 0x10, 0xa3, 0x10, 0xa3, 0x10,
    0xa3, 0x10, 0xa3, 0x10, 0xa3, 0x10, 0xa3, 0x10, 0xa3, 0x10, 0xa3, 0x10, 0xa3, 0x10, 0xa3, 0x10, 0xa3, 0x10, 0xa3,
    0x10, 0xa3, 0x10, 0xa3, 0x10, 0xa3, 0x10, 0xa3, 0x10, 0xa3, 0x10, 0xa3, 0x10, 0xa3, 0x10, 0xa3, 0x10, 0xa3, 0x10,
    0xa3, 0x10, 0xa3, 0x10, 0xa3, 0x10, 0xa3, 0x10, 0xa3, 0x10, 0xa3, 0x10, 0xa3, 0x10, 0xa3, 0x10, 0xa3, 0x10, 0xa3,
    0x10, 0xa3, 0x10, 0xa3, 0x10, 0xa3, 0x10, 0xa3, 0x10, 0xa3, 0x10, 0xa3, 0x10, 0xa3, 0x10, 0xa3, 0x10, 0xa3, 0x10,
    0xa3, 0x10, 0xa3, 0x10, 0xa3, 0x10, 0xa3, 0x10, 0xa3, 0x10, 0xa3, 0x10, 0xa3, 0x10, 0xa3, 0x10, 0xa3, 0x10, 0xa3,
    0x10, 0xa3, 0x10, 0xa3, 0x10, 0xa3, 0x10, 0xa3, 0x10, 0xa3, 0x10, 0xa3, 0x10, 0xa3, 0x10, 0xa3, 0x10, 0xa3, 0x10,
    0xa3, 0x10, 0xa3, 0x10, 0xa3, 0x10, 0xa3, 0x10, 0xa3, 0x10, 0xa3, 0x10, 0xa3, 0x10, 0xf1, 0x31, 0xf1, 0x31, 0xf1,
    0x31, 0xf1, 0x31, 0xf1, 0x31, 0xf1, 0x31, 0xf1, 0x31, 0xf1, 0x31, 0xf1, 0x31, 0xf1, 0x31, 0xf1, 0x31, 0xf1, 0x31,
    0xf1, 0x31, 0xf1, 0x31, 0xf1, 0x31, 0xf1, 0x31, 0xf1, 0x31, 0xf1, 0x31, 0xf1, 0x31, 0xf1, 0x31, 0xf1, 0x31, 0xf1,
    0x31, 0xf1, 0x31, 0xf1, 0x31, 0xf1, 0x31, 0xf1, 0x31, 0xf1, 0x31, 0xf1, 0x31, 0xf1, 0x31, 0xf1, 0x31, 0xf1, 0x31,
    0xf1, 0x31, 0xf1, 0x31, 0xf1, 0x31, 0xf1, 0x31, 0xf1, 0x31, 0xf1, 0x31, 0xf1, 0x31, 0xf1, 0x31, 0xf1, 0x31, 0xf1,
    0x31, 0xf1, 0x31, 0xf1, 0x31, 0xf1, 0x31, 0xf1, 0x31, 0xf1, 0x31, 0xf1, 0x31, 0xf1, 0x31, 0xf1, 0x31, 0xf1, 0x31,
    0xf1, 0x31, 0xf1, 0x31, 0xf1, 0x31, 0xf1, 0x31, 0xf1, 0x31, 0xf1, 0x31, 0xf1, 0x31, 0xf1, 0x31, 0xf1, 0x31, 0xf1,
    0x31, 0xf1, 0x31, 0xf1, 0x31, 0xf1, 0x31, 0xf1, 0x31, 0xf1, 0x31, 0xf1, 0x31, 0xf1, 0x31, 0xf1, 0x31, 0xf1, 0x31,
    0xf1, 0x31, 0xf1, 0x31, 0xf1, 0x31, 0xf1, 0x31, 0xf1, 0x31, 0xf1, 0x31, 0xf1, 0x31, 0xf1, 0x31, 0xf1, 0x31, 0xf1,
    0x31, 0xf1, 0x31, 0xf1, 0x31, 0xf1, 0x31, 0xf1, 0x31, 0xf1, 0x31, 0xf1, 0x31, 0xf1, 0x31, 0xf1, 0x31, 0xf1, 0x31,
    0xf1, 0x31, 0xf1, 0x31, 0xf1, 0x31, 0xf1, 0x31, 0xf1, 0x31, 0xf1, 0x31, 0xa3, 0x10, 0xa3, 0x10, 0xa3, 0x10, 0xa3,
    0x10, 0xa3, 0x10, 0xa3, 0x10, 0xa3, 0x10, 0xa3, 0x10, 0xa3, 0x10, 0xa3, 0x10, 0xa3, 0x10, 0xa3, 0x10, 0xa3, 0x10,
    0xa3, 0x10, 0xa3, 0x10, 0xa3, 0x10, 0xa3, 0x10, 0xa3, 0x10, 0xa3, 0x10, 0xa3, 0x10, 0xa3, 0x10, 0xa3, 0x10, 0xa3,
    0x10, 0xa3, 0x10, 0xa3, 0x10, 0xa3, 0x10, 0xa3, 0x10, 0xa3, 0x10, 0xa3, 0x10, 0xa3, 0x10, 0xa3, 0x10, 0xa3, 0x10,
    0xa3, 0x10, 0xa3, 0x10, 0xa3, 0x10, 0xa3, 0x10, 0xa3, 0x10, 0xa3, 0x10, 0xa3, 0x10, 0xa3, 0x10, 0xa3, 0x10, 0xa3,
    0x10, 0xa3, 0x10, 0xa3, 0x10, 0xa3, 0x10, 0xa3, 0x10, 0xa3, 0x10, 0xa3, 0x10, 0xa3, 0x10, 0xa3, 0x10, 0xa3, 0x10,
    0xa3, 0x10, 0xa3, 0x10, 0xa3, 0x10, 0xa3, 0x10, 0xa3, 0x10, 0xa3, 0x10, 0xa3, 0x10, 0xa3, 0x10, 0xa3, 0x10, 0xa3,
    0x10, 0xa3, 0x10, 0xa3, 0x10, 0xa3, 0x10, 0xa3, 0x10, 0xa3, 0x10, 0xa3, 0x10, 0xa3, 0x10, 0xa3, 0x10, 0xa3, 0x10,
    0xa3, 0x10, 0xa3, 0x10, 0xa3, 0x10, 0xa3, 0x10, 0xa3, 0x10, 0xa3, 0x10, 0xa3, 0x10, 0xa3, 0x10, 0xa3, 0x10, 0xa3,
    0x10, 0xa3, 0x10, 0xa3, 0x10, 0xa3, 0x10, 0xa3, 0x10, 0xa3, 0x10, 0xa3, 0x10, 0xa3, 0x10, 0xa3, 0x10, 0xa3, 0x10,
    0xa3, 0x10, 0xa3, 0x10, 0xa3, 0x10, 0xa3, 0x10, 0xa3, 0x10, 0xa3, 0x10, 0xa3, 0x10, 0xa3, 0x10, 0xa3, 0x10, 0xa3,
    0x10, 0xa3, 0x10, 0xa3, 0x10, 0xa3, 0x10, 0xa3, 0x10, 0xa3, 0x10, 0xa3, 0x10, 0xf1, 0x31, 0xf1, 0x31, 0xf1, 0x31,
    0xf1, 0x31, 0xf1, 0x31, 0xf1, 0x31, 0xf1, 0x31, 0xf1, 0x31, 0xf1, 0x31, 0xf1, 0x31, 0xf1, 0x31, 0xf1, 0x31, 0xf1,
    0x31, 0xf1, 0x31, 0xf1, 0x31, 0xf1, 0x31, 0xf1, 0x31, 0xf1, 0x31, 0xf1, 0x31, 0xf1, 0x31, 0xf1, 0x31, 0xf1, 0x31,
    0xf1, 0x31, 0xf1, 0x31, 0xf1, 0x31, 0xf1, 0x31, 0xf1, 0x31, 0xf1, 0x31, 0xf1, 0x31, 0xf1, 0x31, 0xf1, 0x31, 0xf1,
    0x31, 0xf1, 0x31, 0xf1, 0x31, 0xf1, 0x31, 0xf1, 0x31, 0xf1, 0x31, 0xf1, 0x31, 0xf1, 0x31, 0xf1, 0x31, 0xf1, 0x31,
    0xf1, 0x31, 0xf1, 0x31, 0xf1, 0x31, 0xf1, 0x31, 0xf1, 0x31, 0xf1, 0x31, 0xf1, 0x31, 0xf1, 0x31, 0xf1, 0x31, 0xf1,
    0x31, 0xf1, 0x31, 0xf1, 0x31, 0xf1, 0x31, 0xf1, 0x31, 0xf1, 0x31, 0xf1, 0x31, 0xf1, 0x31, 0xf1, 0x31, 0xf1, 0x31,
    0xf1, 0x31, 0xf1, 0x31, 0xf1, 0x31, 0xf1, 0x31, 0xf1, 0x31, 0xf1, 0x31, 0xf1, 0x31, 0xf1, 0x31, 0xf1, 0x31, 0xf1,
    0x31, 0xf1, 0x31, 0xf1, 0x31, 0xf1, 0x31, 0xf1, 0x31, 0xf1, 0x31, 0xf1, 0x31, 0xf1, 0x31, 0xf1, 0x31, 0xf1, 0x31,
    0xf1, 0x31, 0xf1, 0x31, 0xf1, 0x31, 0xf1, 0x31, 0xf1, 0x31, 0xf1, 0x31, 0xf1, 0x31, 0xf1, 0x31, 0xf1, 0x31, 0xf1,
    0x31, 0xf1, 0x31, 0xf1, 0x31, 0xf1, 0x31, 0xf1, 0x31, 0xf1, 0x31, 0xf1, 0x31, 0xf1, 0x31, 0xa3, 0x10, 0xa3, 0x10,
    0xa3, 0x10, 0xa3, 0x10, 0xa3, 0x10, 0xa3, 0x10, 0xa3, 0x10, 0xa3, 0x10, 0xa3, 0x10, 0xa3, 0x10, 0xa3, 0x10, 0xa3,
    0x10, 0xa3, 0x10, 0xa3, 0x10, 0xa3, 0x10, 0xa3, 0x10, 0xa3, 0x10, 0xa3, 0x10, 0xa3, 0x10, 0xa3, 0x10, 0xa3, 0x10,
    0xa3, 0x10, 0xa3, 0x10, 0xa3, 0x10, 0xa3, 0x10, 0xa3, 0x10, 0xa3, 0x10, 0xa3, 0x10, 0xa3, 0x10, 0xa3, 0x10, 0xa3,
    0x10, 0xa3, 0x10, 0xa3, 0x10, 0xa3, 0x10, 0xa3, 0x10, 0xa3, 0x10, 0xa3, 0x10, 0xa3, 0x10, 0xa3, 0x10, 0xa3, 0x10,
    0xa3, 0x10, 0xa3, 0x10, 0xa3, 0x10, 0xa3, 0x10, 0xa3, 0x10, 0xa3, 0x10, 0xa3, 0x10, 0xa3, 0x10, 0xa3, 0x10, 0xa3,
    0x10, 0xa3, 0x10, 0xa3, 0x10, 0xa3, 0x10, 0xa3, 0x10, 0xa3, 0x10, 0xa3, 0x10, 0xa3, 0x10, 0xa3, 0x10, 0xa3, 0x10,
    0xa3, 0x10, 0xa3, 0x10, 0xa3, 0x10, 0xa3, 0x10, 0xa3, 0x10, 0xa3, 0x10, 0xa3, 0x10, 0xa3, 0x10, 0xa3, 0x10, 0xa3,
    0x10, 0xa3, 0x10, 0xa3, 0x10, 0xa3, 0x10, 0xa3, 0x10, 0xa3, 0x10, 0xa3, 0x10, 0xa3, 0x10, 0xa3, 0x10, 0xa3, 0x10,
    0xa3, 0x10, 0xa3, 0x10, 0xa3, 0x10, 0xa3, 0x10, 0xa3, 0x10, 0xa3, 0x10, 0xa3, 0x10, 0xa3, 0x10, 0xa3, 0x10, 0xa3,
    0x10, 0xa3, 0x10, 0xa3, 0x10, 0xa3, 0x10, 0xa3, 0x10, 0xa3, 0x10, 0xa3, 0x10, 0xa3, 0x10, 0xa3, 0x10, 0xa3, 0x10,
    0xa3, 0x10, 0xa3, 0x10, 0xa3, 0x10, 0xa3, 0x10, 0xa3, 0x10, 0xa3, 0x10, 0xf1, 0x31, 0xf1, 0x31, 0xf1, 0x31, 0xf1,
    0x31, 0xf1, 0x31, 0xf1, 0x31, 0xf1, 0x31, 0xf1, 0x31, 0xf1, 0x31, 0xf1, 0x31, 0xf1, 0x31, 0xf1, 0x31, 0xf1, 0x31,
    0xf1, 0x31, 0xf1, 0x31, 0xf1, 0x31, 0xf1, 0x31, 0xf1, 0x31, 0xf1, 0x31, 0xf1, 0x31, 0xf1, 0x31, 0xf1, 0x31, 0xf1,
    0x31, 0xf1, 0x31, 0xf1, 0x31, 0xf1, 0x31, 0xf1, 0x31, 0xf1, 0x31, 0xf1, 0x31, 0xf1, 0x31, 0xf1, 0x31, 0xf1, 0x31,
    0xf1, 0x31, 0xf1, 0x31, 0xf1, 0x31, 0xf1, 0x31, 0xf1, 0x31, 0xf1, 0x31, 0xf1, 0x31, 0xf1, 0x31, 0xf1, 0x31, 0xf1,
    0x31, 0xf1, 0x31, 0xf1, 0x31, 0xf1, 0x31, 0xf1, 0x31, 0xf1, 0x31, 0xf1, 0x31, 0xf1, 0x31, 0xf1, 0x31, 0xf1, 0x31,
    0xf1, 0x31, 0xf1, 0x31, 0xf1, 0x31, 0xf1, 0x31, 0xf1, 0x31, 0xf1, 0x31, 0xf1, 0x31, 0xf1, 0x31, 0xf1, 0x31, 0xf1,
    0x31, 0xf1, 0x31, 0xf1, 0x31, 0xf1, 0x31, 0xf1, 0x31, 0xf1, 0x31, 0xf1, 0x31, 0xf1, 0x31, 0xf1, 0x31, 0xf1, 0x31,
    0xf1, 0x31, 0xf1, 0x31, 0xf1, 0x31, 0xf1, 0x31, 0xf1, 0x31, 0xf1, 0x31, 0xf1, 0x31, 0xf1, 0x31, 0xf1, 0x31, 0xf1,
    0x31, 0xf1, 0x31, 0xf1, 0x31, 0xf1, 0x31, 0xf1, 0x31, 0xf1, 0x31, 0xf1, 0x31, 0xf1, 0x31, 0xf1, 0x31, 0xf1, 0x31,
    0xf1, 0x31, 0xf1, 0x31, 0xf1, 0x31, 0xf1, 0x31, 0xf1, 0x31, 0xf1, 0x31, 0xf1, 0x31, 0xf1, 0x31, 0xf1, 0x31, 0xa3,
    0x10, 0xa3, 0x10, 0xa3, 0x10, 0xa3, 0x10, 0xa3, 0x10, 0xa3, 0x10, 0xa3, 0x10, 0xa3, 0x10, 0xa3, 0x10, 0xa3, 0x10,
    0xa3, 0x10, 0xa3, 0x10, 0xa3, 0x10, 0xa3, 0x10, 0xa3, 0x10, 0xa3, 0x10, 0xa3, 0x10, 0xa3, 0x10, 0xa3, 0x10, 0xa3,
    0x10, 0xa3, 0x10, 0xa3, 0x10, 0xa3, 0x10, 0xa3, 0x10, 0xa3, 0x10, 0xa3, 0x10, 0xa3, 0x10, 0xa3, 0x10, 0xa3, 0x10,
    0xa3, 0x10, 0xa3, 0x10, 0xa3, 0x10, 0xa3, 0x10, 0xa3, 0x10, 0xa3, 0x10, 0xa3, 0x10, 0xa3, 0x10, 0xa3, 0x10, 0xa3,
    0x10, 0xa3, 0x10, 0xa3, 0x10, 0xa3, 0x10, 0xa3, 0x10, 0xa3, 0x10, 0xa3, 0x10, 0xa3, 0x10, 0xa3, 0x10, 0xa3, 0x10,
    0xa3, 0x10, 0xa3, 0x10, 0xa3, 0x10, 0xa3, 0x10, 0xa3, 0x10, 0xa3, 0x10, 0xa3, 0x10, 0xa3, 0x10, 0xa3, 0x10, 0xa3,
    0x10, 0xa3, 0x10, 0xa3, 0x10, 0xa3, 0x10, 0xa3, 0x10, 0xa3, 0x10, 0xa3, 0x10, 0xa3, 0x10, 0xa3, 0x10, 0xa3, 0x10,
    0xa3, 0x10, 0xa3, 0x10, 0xa3, 0x10, 0xa3, 0x10, 0xa3, 0x10, 0xa3, 0x10, 0xa3, 0x10, 0xa3, 0x10, 0xa3, 0x10, 0xa3,
    0x10, 0xa3, 0x10, 0xa3, 0x10, 0xa3, 0x10, 0xa3, 0x10, 0xa3, 0x10, 0xa3, 0x10, 0xa3, 0x10, 0xa3, 0x10, 0xa3, 0x10,
    0xa3, 0x10, 0xa3, 0x10, 0xa3, 0x10, 0xa3, 0x10, 0xa3, 0x10, 0xa3, 0x10, 0xa3, 0x10, 0xa3, 0x10, 0xa3, 0x10, 0xa3,
    0x10, 0xa3, 0x10, 0xa3, 0x10, 0xa3, 0x10, 0xa3, 0x10, 0xa3, 0x10, 0xf1, 0x31, 0xf1, 0x31, 0xf1, 0x31, 0xf1, 0x31,
    0xf1, 0x31, 0xf1, 0x31, 0xf1, 0x31, 0xf1, 0x31, 0xf1, 0x31, 0xf1, 0x31, 0xf1, 0x31, 0xf1, 0x31, 0xf1, 0x31, 0xf1,
    0x31, 0xf1, 0x31, 0xf1, 0x31, 0xf1, 0x31, 0xf1, 0x31, 0xf1, 0x31, 0xf1, 0x31, 0xf1, 0x31, 0xf1, 0x31, 0xf1, 0x31,
    0xf1, 0x31, 0xf1, 0x31, 0xf1, 0x31, 0xf1, 0x31, 0xf1, 0x31, 0xf1, 0x31, 0xf1, 0x31, 0xf1, 0x31, 0xf1, 0x31, 0xf1,
    0x31, 0xf1, 0x31, 0xf1, 0x31, 0xf1, 0x31, 0xf1, 0x31, 0xf1, 0x31, 0xf1, 0x31, 0xf1, 0x31, 0xf1, 0x31, 0xf1, 0x31,
    0xf1, 0x31, 0xf1, 0x31, 0xf1, 0x31, 0xf1, 0x31, 0xf1, 0x31, 0xf1, 0x31, 0xf1, 0x31, 0xf1, 0x31, 0xf1, 0x31, 0xf1,
    0x31, 0xf1, 0x31, 0xf1, 0x31, 0xf1, 0x31, 0xf1, 0x31, 0xf1, 0x31, 0xf1, 0x31, 0xf1, 0x31, 0xf1, 0x31, 0xf1, 0x31,
    0xf1, 0x31, 0xf1, 0x31, 0xf1, 0x31, 0xf1, 0x31, 0xf1, 0x31, 0xf1, 0x31, 0xf1, 0x31, 0xf1, 0x31, 0xf1, 0x31, 0xf1,
    0x31, 0xf1, 0x31, 0xf1, 0x31, 0xf1, 0x31, 0xf1, 0x31, 0xf1, 0x31, 0xf1, 0x31, 0xf1, 0x31, 0xf1, 0x31, 0xf1, 0x31,
    0xf1, 0x31, 0xf1, 0x31, 0xf1, 0x31, 0xf1, 0x31, 0xf1, 0x31, 0xf1, 0x31, 0xf1, 0x31, 0xf1, 0x31, 0xf1, 0x31, 0xf1,
    0x31, 0xf1, 0x31, 0xf1, 0x31, 0xf1, 0x31, 0xf1, 0x31, 0xf1, 0x31, 0xf1, 0x31, 0xf1, 0x31, 0xf1, 0x31, 0xf1, 0x31,
    0xf1, 0x31, 0xa3, 0x10, 0xa3, 0x10, 0xa3, 0x10, 0xa3, 0x10, 0xa3, 0x10, 0xa3, 0x10, 0xa3, 0x10, 0xa3, 0x10, 0xa3,
    0x10, 0xa3, 0x10, 0xa3, 0x10, 0xa3, 0x10, 0xa3, 0x10, 0xa3, 0x10, 0xa3, 0x10, 0xa3, 0x10, 0xa3, 0x10, 0xa3, 0x10,
    0xa3, 0x10, 0xa3, 0x10, 0xa3, 0x10, 0xa3, 0x10, 0xa3, 0x10, 0xa3, 0x10, 0xa3, 0x10, 0xa3, 0x10, 0xa3, 0x10, 0xa3,
    0x10, 0xa3, 0x10, 0xa3, 0x10, 0xa3, 0x10, 0xa3, 0x10, 0xa3, 0x10, 0xa3, 0x10, 0xa3, 0x10, 0xa3, 0x10, 0xa3, 0x10,
    0xa3, 0x10, 0xa3, 0x10, 0xa3, 0x10, 0xa3, 0x10, 0xa3, 0x10, 0xa3, 0x10, 0xa3, 0x10, 0xa3, 0x10, 0xa3, 0x10, 0xa3,
    0x10, 0xa3, 0x10, 0xa3, 0x10, 0xa3, 0x10, 0xa3, 0x10, 0xa3, 0x10, 0xa3, 0x10, 0xa3, 0x10, 0xa3, 0x10, 0xa3, 0x10,
    0xa3, 0x10, 0xa3, 0x10, 0xa3, 0x10, 0xa3, 0x10, 0xa3, 0x10, 0xa3, 0x10, 0xa3, 0x10, 0xa3, 0x10, 0xa3, 0x10, 0xa3,
    0x10, 0xa3, 0x10, 0xa3, 0x10, 0xa3, 0x10, 0xa3, 0x10, 0xa3, 0x10, 0xa3, 0x10, 0xa3, 0x10, 0xa3, 0x10, 0xa3, 0x10,
    0xa3, 0x10, 0xa3, 0x10, 0xa3, 0x10, 0xa3, 0x10, 0xa3, 0x10, 0xa3, 0x10, 0xa3, 0x10, 0xa3, 0x10, 0xa3, 0x10, 0xa3,
    0x10, 0xa3, 0x10, 0xa3, 0x10, 0xa3, 0x10, 0xa3, 0x10, 0xa3, 0x10, 0xa3, 0x10, 0xa3, 0x10, 0xa3, 0x10, 0xa3, 0x10,
    0xa3, 0x10, 0xa3, 0x10, 0xa3, 0x10, 0xa3, 0x10, 0xa3, 0x10, 0xa3, 0x10, 0xf1, 0x31, 0xf1, 0x31, 0xf1, 0x31, 0xf1,
    0x31, 0xf1, 0x31, 0xf1, 0x31, 0xf1, 0x31, 0xf1, 0x31, 0xf1, 0x31, 0xf1, 0x31, 0xf1, 0x31, 0xf1, 0x31, 0xf1, 0x31,
    0xf1, 0x31, 0xf1, 0x31, 0xf1, 0x31, 0xf1, 0x31, 0xf1, 0x31, 0xf1, 0x31, 0xf1, 0x31, 0xf1, 0x31, 0xf1, 0x31, 0xf1,
    0x31, 0xf1, 0x31, 0xf1, 0x31, 0xf1, 0x31, 0xf1, 0x31, 0xf1, 0x31, 0xf1, 0x31, 0xf1, 0x31, 0xf1, 0x31, 0xf1, 0x31,
    0xf1, 0x31, 0xf1, 0x31, 0xf1, 0x31, 0xf1, 0x31, 0xf1, 0x31, 0xf1, 0x31, 0xf1, 0x31, 0xf1, 0x31, 0xf1, 0x31, 0xf1,
    0x31, 0xf1, 0x31, 0xf1, 0x31, 0xf1, 0x31, 0xf1, 0x31, 0xf1, 0x31, 0xf1, 0x31, 0xf1, 0x31, 0xf1, 0x31, 0xf1, 0x31,
    0xf1, 0x31, 0xf1, 0x31, 0xf1, 0x31, 0xf1, 0x31, 0xf1, 0x31, 0xf1, 0x31, 0xf1, 0x31, 0xf1, 0x31, 0xf1, 0x31, 0xf1,
    0x31, 0xf1, 0x31, 0xf1, 0x31, 0xf1, 0x31, 0xf1, 0x31, 0xf1, 0x31, 0xf1, 0x31, 0xf1, 0x31, 0xf1, 0x31, 0xf1, 0x31,
    0xf1, 0x31, 0xf1, 0x31, 0xf1, 0x31, 0xf1, 0x31, 0xf1, 0x31, 0xf1, 0x31, 0xf1, 0x31, 0xf1, 0x31, 0xf1, 0x31, 0xf1,
    0x31, 0xf1, 0x31, 0xf1, 0x31, 0xf1, 0x31, 0xf1, 0x31, 0xf1, 0x31, 0xf1, 0x31, 0xf1, 0x31, 0xf1, 0x31, 0xf1, 0x31,
    0xf1, 0x31, 0xf1, 0x31, 0xf1, 0x31, 0xf1, 0x31, 0xf1, 0x31, 0xf1, 0x31, 0xf1, 0x31, 0xf1, 0x31, 0xf1, 0x31, 0xf1,
    0x31, 0xf1, 0x31, 0xa3, 0x10, 0xa3, 0x10, 0xa3, 0x10, 0xa3, 0x10, 0xa3, 0x10, 0xa3, 0x10, 0xa3, 0x10, 0xa3, 0x10,
    0xa3, 0x10, 0xa3, 0x10, 0xa3, 0x10, 0xa3, 0x10, 0xa3, 0x10, 0xa3, 0x10, 0xa3, 0x10, 0xa3, 0x10, 0xa3, 0x10, 0xa3,
    0x10, 0xa3, 0x10, 0xa3, 0x10, 0xa3, 0x10, 0xa3, 0x10, 0xa3, 0x10, 0xa3, 0x10, 0xa3, 0x10, 0xa3, 0x10, 0xa3, 0x10,
    0xa3, 0x10, 0xa3, 0x10, 0xa3, 0x10, 0xa3, 0x10, 0xa3, 0x10, 0xa3, 0x10, 0xa3, 0x10, 0xa3, 0x10, 0xa3, 0x10, 0xa3,
    0x10, 0xa3, 0x10, 0xa3, 0x10, 0xa3, 0x10, 0xa3, 0x10, 0xa3, 0x10, 0xa3, 0x10, 0xa3, 0x10, 0xa3, 0x10, 0xa3, 0x10,
    0xa3, 0x10, 0xa3, 0x10, 0xa3, 0x10, 0xa3, 0x10, 0xa3, 0x10, 0xa3, 0x10, 0xa3, 0x10, 0xa3, 0x10, 0xa3, 0x10, 0xa3,
    0x10, 0xa3, 0x10, 0xa3, 0x10, 0xa3, 0x10, 0xa3, 0x10, 0xa3, 0x10, 0xa3, 0x10, 0xa3, 0x10, 0xa3, 0x10, 0xa3, 0x10,
    0xa3, 0x10, 0xa3, 0x10, 0xa3, 0x10, 0xa3, 0x10, 0xa3, 0x10, 0xa3, 0x10, 0xa3, 0x10, 0xa3, 0x10, 0xa3, 0x10, 0xa3,
    0x10, 0xa3, 0x10, 0xa3, 0x10, 0xa3, 0x10, 0xa3, 0x10, 0xa3, 0x10, 0xa3, 0x10, 0xa3, 0x10, 0xa3, 0x10, 0xa3, 0x10,
    0xa3, 0x10, 0xa3, 0x10, 0xa3, 0x10, 0xa3, 0x10, 0xa3, 0x10, 0xa3, 0x10, 0xa3, 0x10, 0xa3, 0x10, 0xa3, 0x10, 0xa3,
    0x10, 0xa3, 0x10, 0xa3, 0x10, 0xa3, 0x10, 0xa3, 0x10, 0xa3, 0x10, 0xf1, 0x31, 0xf1, 0x31, 0xf1, 0x31, 0xf1, 0x31,
    0xf1, 0x31, 0xf1, 0x31, 0xf1, 0x31, 0xf1, 0x31, 0xf1, 0x31, 0xf1, 0x31, 0xf1, 0x31, 0xf1, 0x31, 0xf1, 0x31, 0xf1,
    0x31, 0xf1, 0x31, 0xf1, 0x31, 0xf1, 0x31, 0xf1, 0x31, 0xf1, 0x31, 0xf1, 0x31, 0xf1, 0x31, 0xf1, 0x31, 0xf1, 0x31,
    0xf1, 0x31, 0xf1, 0x31, 0xf1, 0x31, 0xf1, 0x31, 0xf1, 0x31, 0xf1, 0x31, 0xf1, 0x31, 0xf1, 0x31, 0xf1, 0x31, 0xf1,
    0x31, 0xf1, 0x31, 0xf1, 0x31, 0xf1, 0x31, 0xf1, 0x31, 0xf1, 0x31, 0xf1, 0x31, 0xf1, 0x31, 0xf1, 0x31, 0xf1, 0x31,
    0xf1, 0x31, 0xf1, 0x31, 0xf1, 0x31, 0xf1, 0x31, 0xf1, 0x31, 0xf1, 0x31, 0xf1, 0x31, 0xf1, 0x31, 0xf1, 0x31, 0xf1,
    0x31, 0xf1, 0x31, 0xf1, 0x31, 0xf1, 0x31, 0xf1, 0x31, 0xf1, 0x31, 0xf1, 0x31, 0xf1, 0x31, 0xf1, 0x31, 0xf1, 0x31,
    0xf1, 0x31, 0xf1, 0x31, 0xf1, 0x31, 0xf1, 0x31, 0xf1, 0x31, 0xf1, 0x31, 0xf1, 0x31, 0xf1, 0x31, 0xf1, 0x31, 0xf1,
    0x31, 0xf1, 0x31, 0xf1, 0x31, 0xf1, 0x31, 0xf1, 0x31, 0xf1, 0x31, 0xf1, 0x31, 0xf1, 0x31, 0xf1, 0x31, 0xf1, 0x31,
    0xf1, 0x31, 0xf1, 0x31, 0xf1, 0x31, 0xf1, 0x31, 0xf1, 0x31, 0xf1, 0x31, 0xf1, 0x31, 0xf1, 0x31, 0xf1, 0x31, 0xf1,
    0x31, 0xf1, 0x31, 0xf1, 0x31, 0xf1, 0x31, 0xf1, 0x31, 0xf1, 0x31, 0xf1, 0x31, 0xf1, 0x31, 0xf1, 0x31, 0xf1, 0x31,
    0xf1, 0x31, 0xf1, 0x31, 0xf1, 0x31, 0xa3, 0x10, 0xa3, 0x10, 0xa3, 0x10, 0xa3, 0x10, 0xa3, 0x10, 0xa3, 0x10, 0xa3,
    0x10, 0xa3, 0x10, 0xa3, 0x10, 0xa3, 0x10, 0xa3, 0x10, 0xa3, 0x10, 0xa3, 0x10, 0xa3, 0x10, 0xa3, 0x10, 0xa3, 0x10,
    0xa3, 0x10, 0xa3, 0x10, 0xa3, 0x10, 0xa3, 0x10, 0xa3, 0x10, 0xa3, 0x10, 0xa3, 0x10, 0xa3, 0x10, 0xa3, 0x10, 0xa3,
    0x10, 0xa3, 0x10, 0xa3, 0x10, 0xa3, 0x10, 0xa3, 0x10, 0xa3, 0x10, 0xa3, 0x10, 0xa3, 0x10, 0xa3, 0x10, 0xa3, 0x10,
    0xa3, 0x10, 0xa3, 0x10, 0xa3, 0x10, 0xa3, 0x10, 0xa3, 0x10, 0xa3, 0x10, 0xa3, 0x10, 0xa3, 0x10, 0xa3, 0x10, 0xa3,
    0x10, 0xa3, 0x10, 0xa3, 0x10, 0xa3, 0x10, 0xa3, 0x10, 0xa3, 0x10, 0xa3, 0x10, 0xa3, 0x10, 0xa3, 0x10, 0xa3, 0x10,
    0xa3, 0x10, 0xa3, 0x10, 0xa3, 0x10, 0xa3, 0x10, 0xa3, 0x10, 0xa3, 0x10, 0xa3, 0x10, 0xa3, 0x10, 0xa3, 0x10, 0xa3,
    0x10, 0xa3, 0x10, 0xa3, 0x10, 0xa3, 0x10, 0xa3, 0x10, 0xa3, 0x10, 0xa3, 0x10, 0xa3, 0x10, 0xa3, 0x10, 0xa3, 0x10,
    0xa3, 0x10, 0xa3, 0x10, 0xa3, 0x10, 0xa3, 0x10, 0xa3, 0x10, 0xa3, 0x10, 0xa3, 0x10, 0xa3, 0x10, 0xa3, 0x10, 0xa3,
    0x10, 0xa3, 0x10, 0xa3, 0x10, 0xa3, 0x10, 0xa3, 0x10, 0xa3, 0x10, 0xa3, 0x10, 0xa3, 0x10, 0xa3, 0x10, 0xa3, 0x10,
    0xa3, 0x10, 0xa3, 0x10, 0xa3, 0x10, 0xa3, 0x10, 0xa3, 0x10, 0xf1, 0x31, 0xf1, 0x31, 0xf1, 0x31, 0xf1, 0x31, 0xf1,
    0x31, 0xf1, 0x31, 0xf1, 0x31, 0xf1, 0x31, 0xf1, 0x31, 0xf1, 0x31, 0xf1, 0x31, 0xf1, 0x31, 0xf1, 0x31, 0xf1, 0x31,
    0xf1, 0x31, 0xf1, 0x31, 0xf1, 0x31, 0xf1, 0x31, 0xf1, 0x31, 0xf1, 0x31, 0xf1, 0x31, 0xf1, 0x31, 0xf1, 0x31, 0xf1,
    0x31, 0xf1, 0x31, 0xf1, 0x31, 0xf1, 0x31, 0xf1, 0x31, 0xf1, 0x31, 0xf1, 0x31, 0xf1, 0x31, 0xf1, 0x31, 0xf1, 0x31,
    0xf1, 0x31, 0xf1, 0x31, 0xf1, 0x31, 0xf1, 0x31, 0xf1, 0x31, 0xf1, 0x31, 0xf1, 0x31, 0xf1, 0x31, 0xf1, 0x31, 0xf1,
    0x31, 0xf1, 0x31, 0xf1, 0x31, 0xf1, 0x31, 0xf1, 0x31, 0xf1, 0x31, 0xf1, 0x31, 0xf1, 0x31, 0xf1, 0x31, 0xf1, 0x31,
    0xf1, 0x31, 0xf1, 0x31, 0xf1, 0x31, 0xf1, 0x31, 0xf1, 0x31, 0xf1, 0x31, 0xf1, 0x31, 0xf1, 0x31, 0xf1, 0x31, 0xf1,
    0x31, 0xf1, 0x31, 0xf1, 0x31, 0xf1, 0x31, 0xf1, 0x31, 0xf1, 0x31, 0xf1, 0x31, 0xf1, 0x31, 0xf1, 0x31, 0xf1, 0x31,
    0xf1, 0x31, 0xf1, 0x31, 0xf1, 0x31, 0xf1, 0x31, 0xf1, 0x31, 0xf1, 0x31, 0xf1, 0x31, 0xf1, 0x31, 0xf1, 0x31, 0xf1,
    0x31, 0xf1, 0x31, 0xf1, 0x31, 0xf1, 0x31, 0xf1, 0x31, 0xf1, 0x31, 0xf1, 0x31, 0xf1, 0x31, 0xf1, 0x31, 0xf1, 0x31,
    0xf1, 0x31, 0xf1, 0x31, 0xf1, 0x31, 0xf1, 0x31, 0xf1, 0x31, 0xf1, 0x31, 0xf1, 0x31, 0xf1, 0x31, 0xf1, 0x31, 0xf1,
    0x31, 0xf1, 0x31, 0xf1, 0x31, 0xf1, 0x31, 0xf1, 0x31, 0xa3, 0x10, 0xa3, 0x10, 0xa3, 0x10, 0xa3, 0x10, 0xa3, 0x10,
    0xa3, 0x10, 0xa3, 0x10, 0xa3, 0x10, 0xa3, 0x10, 0xa3, 0x10, 0xa3, 0x10, 0xa3, 0x10, 0xa3, 0x10, 0xa3, 0x10, 0xa3,
    0x10, 0xa3, 0x10, 0xa3, 0x10, 0xa3, 0x10, 0xa3, 0x10, 0xa3, 0x10, 0xa3, 0x10, 0xa3, 0x10, 0xa3, 0x10, 0xa3, 0x10,
    0xa3, 0x10, 0xa3, 0x10, 0xa3, 0x10, 0xa3, 0x10, 0xa3, 0x10, 0xa3, 0x10, 0xa3, 0x10, 0xa3, 0x10, 0xa3, 0x10, 0xa3,
    0x10, 0xa3, 0x10, 0xa3, 0x10, 0xa3, 0x10, 0xa3, 0x10, 0xa3, 0x10, 0xa3, 0x10, 0xa3, 0x10, 0xa3, 0x10, 0xa3, 0x10,
    0xa3, 0x10, 0xa3, 0x10, 0xa3, 0x10, 0xa3, 0x10, 0xa3, 0x10, 0xa3, 0x10, 0xa3, 0x10, 0xa3, 0x10, 0xa3, 0x10, 0xa3,
    0x10, 0xa3, 0x10, 0xa3, 0x10, 0xa3, 0x10, 0xa3, 0x10, 0xa3, 0x10, 0xa3, 0x10, 0xa3, 0x10, 0xa3, 0x10, 0xa3, 0x10,
    0xa3, 0x10, 0xa3, 0x10, 0xa3, 0x10, 0xa3, 0x10, 0xa3, 0x10, 0xa3, 0x10, 0xa3, 0x10, 0xa3, 0x10, 0xa3, 0x10, 0xa3,
    0x10, 0xa3, 0x10, 0xa3, 0x10, 0xa3, 0x10, 0xa3, 0x10, 0xa3, 0x10, 0xa3, 0x10, 0xa3, 0x10, 0xa3, 0x10, 0xa3, 0x10,
    0xa3, 0x10, 0xa3, 0x10, 0xa3, 0x10, 0xa3, 0x10, 0xa3, 0x10, 0xa3, 0x10, 0xa3, 0x10, 0xa3, 0x10, 0xa3, 0x10, 0xa3,
    0x10, 0xa3, 0x10, 0xa3, 0x10, 0xa3, 0x10, 0xa3, 0x10, 0xa3, 0x10, 0xf1, 0x31, 0xf1, 0x31, 0xf1, 0x31, 0xf1, 0x31,
    0xf1, 0x31, 0xf1, 0x31, 0xf1, 0x31, 0xf1, 0x31, 0xf1, 0x31, 0xf1, 0x31, 0xf1, 0x31, 0xf1, 0x31, 0xf1, 0x31, 0xf1,
    0x31, 0xf1, 0x31, 0xf1, 0x31, 0xf1, 0x31, 0xf1, 0x31, 0xf1, 0x31, 0xf1, 0x31, 0xf1, 0x31, 0xf1, 0x31, 0xf1, 0x31,
    0xf1, 0x31, 0xf1, 0x31, 0xf1, 0x31, 0xf1, 0x31, 0xf1, 0x31, 0xf1, 0x31, 0xf1, 0x31, 0xf1, 0x31, 0xf1, 0x31, 0xf1,
    0x31, 0xf1, 0x31, 0xf1, 0x31, 0xf1, 0x31, 0xf1, 0x31, 0xf1, 0x31, 0xf1, 0x31, 0xf1, 0x31, 0xf1, 0x31, 0xf1, 0x31,
    0xf1, 0x31, 0xf1, 0x31, 0xf1, 0x31, 0xf1, 0x31, 0xf1, 0x31, 0xf1, 0x31, 0xf1, 0x31, 0xf1, 0x31, 0xf1, 0x31, 0xf1,
    0x31, 0xf1, 0x31, 0xf1, 0x31, 0xf1, 0x31, 0xf1, 0x31, 0xf1, 0x31, 0xf1, 0x31, 0xf1, 0x31, 0xf1, 0x31, 0xf1, 0x31,
    0xf1, 0x31, 0xf1, 0x31, 0xf1, 0x31, 0xf1, 0x31, 0xf1, 0x31, 0xf1, 0x31, 0xf1, 0x31, 0xf1, 0x31, 0xf1, 0x31, 0xf1,
    0x31, 0xf1, 0x31, 0xf1, 0x31, 0xf1, 0x31, 0xf1, 0x31, 0xf1, 0x31, 0xf1, 0x31, 0xf1, 0x31, 0xf1, 0x31, 0xf1, 0x31,
    0xf1, 0x31, 0xf1, 0x31, 0xf1, 0x31, 0xf1, 0x31, 0xf1, 0x31, 0xf1, 0x31, 0xf1, 0x31, 0xf1, 0x31, 0xf1, 0x31, 0xf1,
    0x31, 0xf1, 0x31, 0xf1, 0x31, 0xf1, 0x31, 0xf1, 0x31, 0xf1, 0x31, 0xf1, 0x31, 0xf1, 0x31, 0xf1, 0x31, 0xf1, 0x31,
    0xf1, 0x31, 0xf1, 0x31, 0xf1, 0x31, 0xf1, 0x31, 0xf1, 0x31, 0xa3, 0x10, 0xa3, 0x10, 0xa3, 0x10, 0xa3, 0x10, 0xa3,
    0x10, 0xa3, 0x10, 0xa3, 0x10, 0xa3, 0x10, 0xa3, 0x10, 0xa3, 0x10, 0xa3, 0x10, 0xa3, 0x10, 0xa3, 0x10, 0xa3, 0x10,
    0xa3, 0x10, 0xa3, 0x10, 0xa3, 0x10, 0xa3, 0x10, 0xa3, 0x10, 0xa3, 0x10, 0xa3, 0x10, 0xa3, 0x10, 0xa3, 0x10, 0xa3,
    0x10, 0xa3, 0x10, 0xa3, 0x10, 0xa3, 0x10, 0xa3, 0x10, 0xa3, 0x10, 0xa3, 0x10, 0xa3, 0x10, 0xa3, 0x10, 0xa3, 0x10,
    0xa3, 0x10, 0xa3, 0x10, 0xa3, 0x10, 0xa3, 0x10, 0xa3, 0x10, 0xa3, 0x10, 0xa3, 0x10, 0xa3, 0x10, 0xa3, 0x10, 0xa3,
    0x10, 0xa3, 0x10, 0xa3, 0x10, 0xa3, 0x10, 0xa3, 0x10, 0xa3, 0x10, 0xa3, 0x10, 0xa3, 0x10, 0xa3, 0x10, 0xa3, 0x10,
    0xa3, 0x10, 0xa3, 0x10, 0xa3, 0x10, 0xa3, 0x10, 0xa3, 0x10, 0xa3, 0x10, 0xa3, 0x10, 0xa3, 0x10, 0xa3, 0x10, 0xa3,
    0x10, 0xa3, 0x10, 0xa3, 0x10, 0xa3, 0x10, 0xa3, 0x10, 0xa3, 0x10, 0xa3, 0x10, 0xa3, 0x10, 0xa3, 0x10, 0xa3, 0x10,
    0xa3, 0x10, 0xa3, 0x10, 0xa3, 0x10, 0xa3, 0x10, 0xa3, 0x10, 0xa3, 0x10, 0xa3, 0x10, 0xa3, 0x10, 0xa3, 0x10, 0xa3,
    0x10, 0xa3, 0x10, 0xa3, 0x10, 0xa3, 0x10, 0xa3, 0x10, 0xa3, 0x10, 0xa3, 0x10, 0xa3, 0x10, 0xa3, 0x10, 0xa3, 0x10,
    0xa3, 0x10, 0xa3, 0x10, 0xa3, 0x10, 0xa3, 0x10, 0xa3, 0x10, 0xa3, 0x10, 0xf1, 0x31, 0xf1, 0x31, 0xf1, 0x31, 0xf1,
    0x31, 0xf1, 0x31, 0xf1, 0x31, 0xf1, 0x31, 0xf1, 0x31, 0xf1, 0x31, 0xf1, 0x31, 0xf1, 0x31, 0xf1, 0x31, 0xf1, 0x31,
    0xf1, 0x31, 0xf1, 0x31, 0xf1, 0x31, 0xf1, 0x31, 0xf1, 0x31, 0xf1, 0x31, 0xf1, 0x31, 0xf1, 0x31, 0xf1, 0x31, 0xf1,
    0x31, 0xf1, 0x31, 0xf1, 0x31, 0xf1, 0x31, 0xf1, 0x31, 0xf1, 0x31, 0xf1, 0x31, 0xf1, 0x31, 0xf1, 0x31, 0xf1, 0x31,
    0xf1, 0x31, 0xf1, 0x31, 0xf1, 0x31, 0xf1, 0x31, 0xf1, 0x31, 0xf1, 0x31, 0xf1, 0x31, 0xf1, 0x31, 0xf1, 0x31, 0xf1,
    0x31, 0xf1, 0x31, 0xf1, 0x31, 0xf1, 0x31, 0xf1, 0x31, 0xf1, 0x31, 0xf1, 0x31, 0xf1, 0x31, 0xf1, 0x31, 0xf1, 0x31,
    0xf1, 0x31, 0xf1, 0x31, 0xf1, 0x31, 0xf1, 0x31, 0xf1, 0x31, 0xf1, 0x31, 0xf1, 0x31, 0xf1, 0x31, 0xf1, 0x31, 0xf1,
    0x31, 0xf1, 0x31, 0xf1, 0x31, 0xf1, 0x31, 0xf1, 0x31, 0xf1, 0x31, 0xf1, 0x31, 0xf1, 0x31, 0xf1, 0x31, 0xf1, 0x31,
    0xf1, 0x31, 0xf1, 0x31, 0xf1, 0x31, 0xf1, 0x31, 0xf1, 0x31, 0xf1, 0x31, 0xf1, 0x31, 0xf1, 0x31, 0xf1, 0x31, 0xf1,
    0x31, 0xf1, 0x31, 0xf1, 0x31, 0xf1, 0x31, 0xf1, 0x31, 0xf1, 0x31, 0xf1, 0x31, 0xf1, 0x31, 0xf1, 0x31, 0xf1, 0x31,
    0xf1, 0x31, 0xf1, 0x31, 0xf1, 0x31, 0xf1, 0x31, 0xf1, 0x31, 0xf1, 0x31, 0xf1, 0x31, 0xf1, 0x31, 0xf1, 0x31, 0xf1,
    0x31, 0xf1, 0x31, 0xf1, 0x31, 0xf1, 0x31, 0xf1, 0x31, 0xf1, 0x31, 0xa3, 0x10, 0xa3, 0x10, 0xa3, 0x10, 0xa3, 0x10,
    0xa3, 0x10, 0xa3, 0x10, 0xa3, 0x10, 0xa3, 0x10, 0xa3, 0x10, 0xa3, 0x10, 0xa3, 0x10, 0xa3, 0x10, 0xa3, 0x10, 0xa3,
    0x10, 0xa3, 0x10, 0xa3, 0x10, 0xa3, 0x10, 0xa3, 0x10, 0xa3, 0x10, 0xa3, 0x10, 0xa3, 0x10, 0xa3, 0x10, 0xa3, 0x10,
    0xa3, 0x10, 0xa3, 0x10, 0xa3, 0x10, 0xa3, 0x10, 0xa3, 0x10, 0xa3, 0x10, 0xa3, 0x10, 0xa3, 0x10, 0xa3, 0x10, 0xa3,
    0x10, 0xa3, 0x10, 0xa3, 0x10, 0xa3, 0x10, 0xa3, 0x10, 0xa3, 0x10, 0xa3, 0x10, 0xa3, 0x10, 0xa3, 0x10, 0xa3, 0x10,
    0xa3, 0x10, 0xa3, 0x10, 0xa3, 0x10, 0xa3, 0x10, 0xa3, 0x10, 0xa3, 0x10, 0xa3, 0x10, 0xa3, 0x10, 0xa3, 0x10, 0xa3,
    0x10, 0xa3, 0x10, 0xa3, 0x10, 0xa3, 0x10, 0xa3, 0x10, 0xa3, 0x10, 0xa3, 0x10, 0xa3, 0x10, 0xa3, 0x10, 0xa3, 0x10,
    0xa3, 0x10, 0xa3, 0x10, 0xa3, 0x10, 0xa3, 0x10, 0xa3, 0x10, 0xa3, 0x10, 0xa3, 0x10, 0xa3, 0x10, 0xa3, 0x10, 0xa3,
    0x10, 0xa3, 0x10, 0xa3, 0x10, 0xa3, 0x10, 0xa3, 0x10, 0xa3, 0x10, 0xa3, 0x10, 0xa3, 0x10, 0xa3, 0x10, 0xa3, 0x10,
    0xa3, 0x10, 0xa3, 0x10, 0xa3, 0x10, 0xa3, 0x10, 0xa3, 0x10, 0xa3, 0x10, 0xa3, 0x10, 0xa3, 0x10, 0xa3, 0x10, 0xa3,
    0x10, 0xa3, 0x10, 0xa3, 0x10, 0xa3, 0x10, 0xa3, 0x10, 0xa3, 0x10, 0xf1, 0x31, 0xf1, 0x31, 0xf1, 0x31, 0xf1, 0x31,
    0xf1, 0x31, 0xf1, 0x31, 0xf1, 0x31, 0xf1, 0x31, 0xf1, 0x31, 0xf1, 0x31, 0xf1, 0x31, 0xf1, 0x31, 0xf1, 0x31, 0xf1,
    0x31, 0xf1, 0x31, 0xf1, 0x31, 0xf1, 0x31, 0xf1, 0x31, 0xf1, 0x31, 0xf1, 0x31, 0xf1, 0x31, 0xf1, 0x31, 0xf1, 0x31,
    0xf1, 0x31, 0xf1, 0x31, 0xf1, 0x31, 0xf1, 0x31, 0xf1, 0x31, 0xf1, 0x31, 0xf1, 0x31, 0xf1, 0x31, 0xf1, 0x31, 0xf1,
    0x31, 0xf1, 0x31, 0xf1, 0x31, 0xf1, 0x31, 0xf1, 0x31, 0xf1, 0x31, 0xf1, 0x31, 0xf1, 0x31, 0xf1, 0x31, 0xf1, 0x31,
    0xf1, 0x31, 0xf1, 0x31, 0xf1, 0x31, 0xf1, 0x31, 0xf1, 0x31, 0xf1, 0x31, 0xf1, 0x31, 0xf1, 0x31, 0xf1, 0x31, 0xf1,
    0x31, 0xf1, 0x31, 0xf1, 0x31, 0xf1, 0x31, 0xf1, 0x31, 0xf1, 0x31, 0xf1, 0x31, 0xf1, 0x31, 0xf1, 0x31, 0xf1, 0x31,
    0xf1, 0x31, 0xf1, 0x31, 0xf1, 0x31, 0xf1, 0x31, 0xf1, 0x31, 0xf1, 0x31, 0xf1, 0x31, 0xf1, 0x31, 0xf1, 0x31, 0xf1,
    0x31, 0xf1, 0x31, 0xf1, 0x31, 0xf1, 0x31, 0xf1, 0x31, 0xf1, 0x31, 0xf1, 0x31, 0xf1, 0x31, 0xf1, 0x31, 0xf1, 0x31,
    0xf1, 0x31, 0xf1, 0x31, 0xf1, 0x31, 0xf1, 0x31, 0xf1, 0x31, 0xf1, 0x31, 0xf1, 0x31, 0xf1, 0x31, 0xf1, 0x31, 0xf1,
    0x31, 0xf1, 0x31, 0xf1, 0x31, 0xf1, 0x31, 0xf1, 0x31, 0xf1, 0x31, 0xf1, 0x31, 0xf1, 0x31, 0xf1, 0x31, 0xf1, 0x31,
    0xf1, 0x31, 0xf1, 0x31, 0xf1, 0x31, 0xf1, 0x31, 0xf1, 0x31, 0xf1, 0x31, 0xf1, 0x31, 0xa3, 0x10, 0xa3, 0x10, 0xa3,
    0x10, 0xa3, 0x10, 0xa3, 0x10, 0xa3, 0x10, 0xa3, 0x10, 0xa3, 0x10, 0xa3, 0x10, 0xa3, 0x10, 0xa3, 0x10, 0xa3, 0x10,
    0xa3, 0x10, 0xa3, 0x10, 0xa3, 0x10, 0xa3, 0x10, 0xa3, 0x10, 0xa3, 0x10, 0xa3, 0x10, 0xa3, 0x10, 0xa3, 0x10, 0xa3,
    0x10, 0xa3, 0x10, 0xa3, 0x10, 0xa3, 0x10, 0xa3, 0x10, 0xa3, 0x10, 0xa3, 0x10, 0xa3, 0x10, 0xa3, 0x10, 0xa3, 0x10,
    0xa3, 0x10, 0xa3, 0x10, 0xa3, 0x10, 0xa3, 0x10, 0xa3, 0x10, 0xa3, 0x10, 0xa3, 0x10, 0xa3, 0x10, 0xa3, 0x10, 0xa3,
    0x10, 0xa3, 0x10, 0xa3, 0x10, 0xa3, 0x10, 0xa3, 0x10, 0xa3, 0x10, 0xa3, 0x10, 0xa3, 0x10, 0xa3, 0x10, 0xa3, 0x10,
    0xa3, 0x10, 0xa3, 0x10, 0xa3, 0x10, 0xa3, 0x10, 0xa3, 0x10, 0xa3, 0x10, 0xa3, 0x10, 0xa3, 0x10, 0xa3, 0x10, 0xa3,
    0x10, 0xa3, 0x10, 0xa3, 0x10, 0xa3, 0x10, 0xa3, 0x10, 0xa3, 0x10, 0xa3, 0x10, 0xa3, 0x10, 0xa3, 0x10, 0xa3, 0x10,
    0xa3, 0x10, 0xa3, 0x10, 0xa3, 0x10, 0xa3, 0x10, 0xa3, 0x10, 0xa3, 0x10, 0xa3, 0x10, 0xa3, 0x10, 0xa3, 0x10, 0xa3,
    0x10, 0xa3, 0x10, 0xa3, 0x10, 0xa3, 0x10, 0xa3, 0x10, 0xa3, 0x10, 0xa3, 0x10, 0xa3, 0x10, 0xa3, 0x10, 0xa3, 0x10,
    0xa3, 0x10, 0xa3, 0x10, 0xa3, 0x10, 0xa3, 0x10, 0xa3, 0x10, 0xa3, 0x10, 0xf1, 0x31, 0xf1, 0x31, 0xf1, 0x31, 0xf1,
    0x31, 0xf1, 0x31, 0xf1, 0x31, 0xf1, 0x31, 0xf1, 0x31, 0xf1, 0x31, 0xf1, 0x31, 0xf1, 0x31, 0xf1, 0x31, 0xf1, 0x31,
    0xf1, 0x31, 0xf1, 0x31, 0xf1, 0x31, 0xf1, 0x31, 0xf1, 0x31, 0xf1, 0x31, 0xf1, 0x31, 0xf1, 0x31, 0xf1, 0x31, 0xf1,
    0x31, 0xf1, 0x31, 0xf1, 0x31, 0xf1, 0x31, 0xf1, 0x31, 0xf1, 0x31, 0xf1, 0x31, 0xf1, 0x31, 0xf1, 0x31, 0x3e, 0x5b,
    0x3e, 0x5b, 0x3e, 0x5b, 0x3e, 0x5b, 0x3e, 0x5b, 0x3e, 0x5b, 0x3e, 0x5b, 0x3e, 0x5b, 0x3e, 0x5b, 0x3e, 0x5b, 0x3e,
    0x5b, 0x3e, 0x5b, 0x3e, 0x5b, 0x3e, 0x5b, 0x3e, 0x5b, 0x3e, 0x5b, 0x3e, 0x5b, 0x3e, 0x5b, 0x3e, 0x5b, 0x3e, 0x5b,
    0x3e, 0x5b, 0x3e, 0x5b, 0x3e, 0x5b, 0x3e, 0x5b, 0x3e, 0x5b, 0x3e, 0x5b, 0x3e, 0x5b, 0x3e, 0x5b, 0x3e, 0x5b, 0x3e,
    0x5b, 0x3e, 0x5b, 0x3e, 0x5b, 0x3e, 0x5b, 0x3e, 0x5b, 0x3e, 0x5b, 0x3e, 0x5b, 0x3e, 0x5b, 0x3e, 0x5b, 0x3e, 0x5b,
    0x3e, 0x5b, 0x3e, 0x5b, 0x3e, 0x5b, 0x3e, 0x5b, 0x3e, 0x5b, 0x3e, 0x5b, 0x3e, 0x5b, 0x3e, 0x5b, 0x3e, 0x5b, 0x3e,
    0x5b, 0x3e, 0x5b, 0x3e, 0x5b, 0x3e, 0x5b, 0x3e, 0x5b, 0x3e, 0x5b, 0x3e, 0x5b, 0x3e, 0x5b, 0x3e, 0x5b, 0x3e, 0x5b,
    0x3e, 0x5b, 0x3e, 0x5b, 0x3e, 0x5b, 0x3e, 0x5b, 0x3e, 0x5b, 0x3e, 0x5b, 0x3e, 0x5b, 0x3e, 0x5b, 0x3e, 0x5b, 0x3e,
    0x5b, 0x3e, 0x5b, 0x3e, 0x5b, 0x3e, 0x5b, 0x3e, 0x5b, 0xf1, 0x31, 0xf1, 0x31, 0xf1, 0x31, 0xa3, 0x10, 0xa3, 0x10,
    0xa3, 0x10, 0xa3, 0x10, 0xa3, 0x10, 0xa3, 0x10, 0xa3, 0x10, 0xa3, 0x10, 0xa3, 0x10, 0xa3, 0x10, 0xa3, 0x10, 0xa3,
    0x10, 0xa3, 0x10, 0xa3, 0x10, 0xa3, 0x10, 0xa3, 0x10, 0xa3, 0x10, 0xa3, 0x10, 0xa3, 0x10, 0xa3, 0x10, 0xa3, 0x10,
    0xa3, 0x10, 0xa3, 0x10, 0xa3, 0x10, 0xa3, 0x10, 0xa3, 0x10, 0xa3, 0x10, 0xa3, 0x10, 0xa3, 0x10, 0xa3, 0x10, 0xa3,
    0x10, 0xa3, 0x10, 0xa3, 0x10, 0xa3, 0x10, 0xa3, 0x10, 0xa3, 0x10, 0xa3, 0x10, 0xa3, 0x10, 0xa3, 0x10, 0xa3, 0x10,
    0xa3, 0x10, 0xa3, 0x10, 0xa3, 0x10, 0xa3, 0x10, 0xa3, 0x10, 0xa3, 0x10, 0xa3, 0x10, 0xa3, 0x10, 0xa3, 0x10, 0xa3,
    0x10, 0xa3, 0x10, 0xa3, 0x10, 0xa3, 0x10, 0xa3, 0x10, 0xa3, 0x10, 0xa3, 0x10, 0xa3, 0x10, 0xa3, 0x10, 0xa3, 0x10,
    0xa3, 0x10, 0xa3, 0x10, 0xa3, 0x10, 0xa3, 0x10, 0xa3, 0x10, 0xa3, 0x10, 0xa3, 0x10, 0xa3, 0x10, 0xa3, 0x10, 0xa3,
    0x10, 0xa3, 0x10, 0xa3, 0x10, 0xa3, 0x10, 0xa3, 0x10, 0xa3, 0x10, 0xa3, 0x10, 0xa3, 0x10, 0xa3, 0x10, 0xa3, 0x10,
    0xa3, 0x10, 0xa3, 0x10, 0xa3, 0x10, 0xa3, 0x10, 0xa3, 0x10, 0xa3, 0x10, 0xa3, 0x10, 0xa3, 0x10, 0xa3, 0x10, 0xa3,
    0x10, 0xa3, 0x10, 0xa3, 0x10, 0xa3, 0x10, 0xa3, 0x10, 0xa3, 0x10, 0xa3, 0x10, 0xf1, 0x31, 0xf1, 0x31, 0xf1, 0x31,
    0xf1, 0x31, 0xf1, 0x31, 0xf1, 0x31, 0xf1, 0x31, 0xf1, 0x31, 0xf1, 0x31, 0xf1, 0x31, 0xf1, 0x31, 0xf1, 0x31, 0xf1,
    0x31, 0xf1, 0x31, 0xf1, 0x31, 0xf1, 0x31, 0xf1, 0x31, 0xf1, 0x31, 0xf1, 0x31, 0xf1, 0x31, 0xf1, 0x31, 0xf1, 0x31,
    0xf1, 0x31, 0xf1, 0x31, 0xf1, 0x31, 0xf1, 0x31, 0x3e, 0x5b, 0x3e, 0x5b, 0x3e, 0x5b, 0x3e, 0x5b, 0x3e, 0x5b, 0x3e,
    0x5b, 0x3e, 0x5b, 0x3e, 0x5b, 0x3e, 0x5b, 0x3e, 0x5b, 0x3e, 0x5b, 0x3e, 0x5b, 0x3e, 0x5b, 0x3e, 0x5b, 0x3e, 0x5b,
    0x3e, 0x5b, 0x3e, 0x5b, 0x3e, 0x5b, 0x3e, 0x5b, 0x3e, 0x5b, 0x3e, 0x5b, 0x3e, 0x5b, 0x3e, 0x5b, 0x3e, 0x5b, 0x3e,
    0x5b, 0x3e, 0x5b, 0x3e, 0x5b, 0x3e, 0x5b, 0x3e, 0x5b, 0x3e, 0x5b, 0x3e, 0x5b, 0x3e, 0x5b, 0x3e, 0x5b, 0x3e, 0x5b,
    0x3e, 0x5b, 0x3e, 0x5b, 0x3e, 0x5b, 0x3e, 0x5b, 0x3e, 0x5b, 0x3e, 0x5b, 0x3e, 0x5b, 0x3e, 0x5b, 0x3e, 0x5b, 0x3e,
    0x5b, 0x3e, 0x5b, 0x3e, 0x5b, 0x3e, 0x5b, 0x3e, 0x5b, 0x3e, 0x5b, 0x3e, 0x5b, 0x3e, 0x5b, 0x3e, 0x5b, 0x3e, 0x5b,
    0x3e, 0x5b, 0x3e, 0x5b, 0x3e, 0x5b, 0x3e, 0x5b, 0x3e, 0x5b, 0x3e, 0x5b, 0x3e, 0x5b, 0x3e, 0x5b, 0x3e, 0x5b, 0x3e,
    0x5b, 0x3e, 0x5b, 0x3e, 0x5b, 0x3e, 0x5b, 0x3e, 0x5b, 0x3e, 0x5b, 0x3e, 0x5b, 0x3e, 0x5b, 0x3e, 0x5b, 0x3e, 0x5b,
    0x3e, 0x5b, 0x3e, 0x5b, 0x3e, 0x5b, 0x3e, 0x5b, 0x3e, 0x5b, 0x3e, 0x5b, 0x3e, 0x5b, 0x3e, 0x5b, 0x3e, 0x5b, 0x3e,
    0x5b, 0xa3, 0x10, 0xa3, 0x10, 0xa3, 0x10, 0xa3, 0x10, 0xa3, 0x10, 0xa3, 0x10, 0xa3, 0x10, 0xa3, 0x10, 0xa3, 0x10,
    0xa3, 0x10, 0xa3, 0x10, 0xa3, 0x10, 0xa3, 0x10, 0xa3, 0x10, 0xa3, 0x10, 0xa3, 0x10, 0xa3, 0x10, 0xa3, 0x10, 0xa3,
    0x10, 0xa3, 0x10, 0xa3, 0x10, 0xa3, 0x10, 0xa3, 0x10, 0xa3, 0x10, 0xa3, 0x10, 0xa3, 0x10, 0xa3, 0x10, 0xa3, 0x10,
    0xa3, 0x10, 0xa3, 0x10, 0xa3, 0x10, 0xa3, 0x10, 0xa3, 0x10, 0xa3, 0x10, 0xa3, 0x10, 0xa3, 0x10, 0xa3, 0x10, 0xa3,
    0x10, 0xa3, 0x10, 0xa3, 0x10, 0xa3, 0x10, 0xa3, 0x10, 0xa3, 0x10, 0xa3, 0x10, 0xa3, 0x10, 0xa3, 0x10, 0xa3, 0x10,
    0xa3, 0x10, 0xa3, 0x10, 0xa3, 0x10, 0xa3, 0x10, 0xa3, 0x10, 0xa3, 0x10, 0xa3, 0x10, 0xa3, 0x10, 0xa3, 0x10, 0xa3,
    0x10, 0xa3, 0x10, 0xa3, 0x10, 0xa3, 0x10, 0xa3, 0x10, 0xa3, 0x10, 0xa3, 0x10, 0xa3, 0x10, 0xa3, 0x10, 0xa3, 0x10,
    0xa3, 0x10, 0xa3, 0x10, 0xa3, 0x10, 0xa3, 0x10, 0xa3, 0x10, 0xa3, 0x10, 0xa3, 0x10, 0xa3, 0x10, 0xa3, 0x10, 0xa3,
    0x10, 0xa3, 0x10, 0xa3, 0x10, 0xa3, 0x10, 0xa3, 0x10, 0xa3, 0x10, 0xa3, 0x10, 0xa3, 0x10, 0xa3, 0x10, 0xa3, 0x10,
    0xa3, 0x10, 0xa3, 0x10, 0xa3, 0x10, 0xa3, 0x10, 0xa3, 0x10, 0xa3, 0x10, 0xa3, 0x10, 0xf1, 0x31, 0xf1, 0x31, 0xf1,
    0x31, 0xf1, 0x31, 0xf1, 0x31, 0xf1, 0x31, 0xf1, 0x31, 0xf1, 0x31, 0xf1, 0x31, 0xf1, 0x31, 0xf1, 0x31, 0xf1, 0x31,
    0xf1, 0x31, 0xf1, 0x31, 0xf1, 0x31, 0xf1, 0x31, 0xf1, 0x31, 0xf1, 0x31, 0xf1, 0x31, 0xf1, 0x31, 0xf1, 0x31, 0xf1,
    0x31, 0xf1, 0x31, 0x3e, 0x5b, 0x3e, 0x5b, 0x3e, 0x5b, 0x3e, 0x5b, 0x3e, 0x5b, 0x3e, 0x5b, 0x3e, 0x5b, 0x3e, 0x5b,
    0x3e, 0x5b, 0x3e, 0x5b, 0x3e, 0x5b, 0x3e, 0x5b, 0x3e, 0x5b, 0x3e, 0x5b, 0x3e, 0x5b, 0x3e, 0x5b, 0x3e, 0x5b, 0x3e,
    0x5b, 0x3e, 0x5b, 0x3e, 0x5b, 0x3e, 0x5b, 0x3e, 0x5b, 0x3e, 0x5b, 0x3e, 0x5b, 0x3e, 0x5b, 0x3e, 0x5b, 0x3e, 0x5b,
    0x3e, 0x5b, 0x3e, 0x5b, 0x3e, 0x5b, 0x3e, 0x5b, 0x3e, 0x5b, 0x3e, 0x5b, 0x3e, 0x5b, 0x3e, 0x5b, 0x3e, 0x5b, 0x3e,
    0x5b, 0x3e, 0x5b, 0x3e, 0x5b, 0x3e, 0x5b, 0x3e, 0x5b, 0x3e, 0x5b, 0x3e, 0x5b, 0x3e, 0x5b, 0x3e, 0x5b, 0x3e, 0x5b,
    0x3e, 0x5b, 0x3e, 0x5b, 0x3e, 0x5b, 0x3e, 0x5b, 0x3e, 0x5b, 0x3e, 0x5b, 0x3e, 0x5b, 0x3e, 0x5b, 0x3e, 0x5b, 0x3e,
    0x5b, 0x3e, 0x5b, 0x3e, 0x5b, 0x3e, 0x5b, 0x3e, 0x5b, 0x3e, 0x5b, 0x3e, 0x5b, 0x3e, 0x5b, 0x3e, 0x5b, 0x3e, 0x5b,
    0x3e, 0x5b, 0x3e, 0x5b, 0x3e, 0x5b, 0x3e, 0x5b, 0x3e, 0x5b, 0x3e, 0x5b, 0x3e, 0x5b, 0x3e, 0x5b, 0x3e, 0x5b, 0x3e,
    0x5b, 0x3e, 0x5b, 0x3e, 0x5b, 0x3e, 0x5b, 0x3e, 0x5b, 0x3e, 0x5b, 0x3e, 0x5b, 0x3e, 0x5b, 0x3e, 0x5b, 0x3e, 0x5b,
    0x3e, 0x5b, 0x3e, 0x5b, 0x3e, 0x5b, 0x3e, 0x5b, 0xa3, 0x10, 0xa3, 0x10, 0xa3, 0x10, 0xa3, 0x10, 0xa3, 0x10, 0xa3,
    0x10, 0xa3, 0x10, 0xa3, 0x10, 0xa3, 0x10, 0xa3, 0x10, 0xa3, 0x10, 0xa3, 0x10, 0xa3, 0x10, 0xa3, 0x10, 0xa3, 0x10,
    0xa3, 0x10, 0xa3, 0x10, 0xa3, 0x10, 0xa3, 0x10, 0xa3, 0x10, 0xa3, 0x10, 0xa3, 0x10, 0xa3, 0x10, 0xa3, 0x10, 0xa3,
    0x10, 0xa3, 0x10, 0xa3, 0x10, 0xa3, 0x10, 0xa3, 0x10, 0xa3, 0x10, 0xa3, 0x10, 0xa3, 0x10, 0xa3, 0x10, 0xa3, 0x10,
    0xa3, 0x10, 0xa3, 0x10, 0xa3, 0x10, 0xa3, 0x10, 0xa3, 0x10, 0xa3, 0x10, 0xa3, 0x10, 0xa3, 0x10, 0xa3, 0x10, 0xa3,
    0x10, 0xa3, 0x10, 0xa3, 0x10, 0xa3, 0x10, 0xa3, 0x10, 0xa3, 0x10, 0xa3, 0x10, 0xa3, 0x10, 0xa3, 0x10, 0xa3, 0x10,
    0xa3, 0x10, 0xa3, 0x10, 0xa3, 0x10, 0xa3, 0x10, 0xa3, 0x10, 0xa3, 0x10, 0xa3, 0x10, 0xa3, 0x10, 0xa3, 0x10, 0xa3,
    0x10, 0xa3, 0x10, 0xa3, 0x10, 0xa3, 0x10, 0xa3, 0x10, 0xa3, 0x10, 0xa3, 0x10, 0xa3, 0x10, 0xa3, 0x10, 0xa3, 0x10,
    0xa3, 0x10, 0xa3, 0x10, 0xa3, 0x10, 0xa3, 0x10, 0xa3, 0x10, 0xa3, 0x10, 0xa3, 0x10, 0xa3, 0x10, 0xa3, 0x10, 0xa3,
    0x10, 0xa3, 0x10, 0xa3, 0x10, 0xa3, 0x10, 0xa3, 0x10, 0xa3, 0x10, 0xa3, 0x10, 0xa3, 0x10, 0xf1, 0x31, 0xf1, 0x31,
    0xf1, 0x31, 0xf1, 0x31, 0xf1, 0x31, 0xf1, 0x31, 0xf1, 0x31, 0xf1, 0x31, 0xf1, 0x31, 0xf1, 0x31, 0xf1, 0x31, 0xf1,
    0x31, 0xf1, 0x31, 0xf1, 0x31, 0xf1, 0x31, 0xf1, 0x31, 0xf1, 0x31, 0xf1, 0x31, 0xf1, 0x31, 0xf1, 0x31, 0xf1, 0x31,
    0xf1, 0x31, 0x3e, 0x5b, 0x3e, 0x5b, 0x3e, 0x5b, 0x3e, 0x5b, 0x3e, 0x5b, 0x3e, 0x5b, 0x3e, 0x5b, 0x3e, 0x5b, 0x3e,
    0x5b, 0x3e, 0x5b, 0x3e, 0x5b, 0x3e, 0x5b, 0x3e, 0x5b, 0x3e, 0x5b, 0x3e, 0x5b, 0x3e, 0x5b, 0x3e, 0x5b, 0x3e, 0x5b,
    0x3e, 0x5b, 0x3e, 0x5b, 0x3e, 0x5b, 0x3e, 0x5b, 0x3e, 0x5b, 0x3e, 0x5b, 0x3e, 0x5b, 0x3e, 0x5b, 0x3e, 0x5b, 0x3e,
    0x5b, 0x3e, 0x5b, 0x3e, 0x5b, 0x3e, 0x5b, 0x3e, 0x5b, 0x3e, 0x5b, 0x3e, 0x5b, 0x3e, 0x5b, 0x3e, 0x5b, 0x3e, 0x5b,
    0x3e, 0x5b, 0x3e, 0x5b, 0x3e, 0x5b, 0x3e, 0x5b, 0x3e, 0x5b, 0x3e, 0x5b, 0x3e, 0x5b, 0x3e, 0x5b, 0x3e, 0x5b, 0x3e,
    0x5b, 0x3e, 0x5b, 0x3e, 0x5b, 0x3e, 0x5b, 0x3e, 0x5b, 0x3e, 0x5b, 0x3e, 0x5b, 0x3e, 0x5b, 0x3e, 0x5b, 0x3e, 0x5b,
    0x3e, 0x5b, 0x3e, 0x5b, 0x3e, 0x5b, 0x3e, 0x5b, 0x3e, 0x5b, 0x3e, 0x5b, 0x3e, 0x5b, 0x3e, 0x5b, 0x3e, 0x5b, 0x3e,
    0x5b, 0x3e, 0x5b, 0x3e, 0x5b, 0x3e, 0x5b, 0x3e, 0x5b, 0x3e, 0x5b, 0x3e, 0x5b, 0x3e, 0x5b, 0x3e, 0x5b, 0x3e, 0x5b,
    0x3e, 0x5b, 0x3e, 0x5b, 0x3e, 0x5b, 0x3e, 0x5b, 0x3e, 0x5b, 0x3e, 0x5b, 0x3e, 0x5b, 0x3e, 0x5b, 0x3e, 0x5b, 0x3e,
    0x5b, 0x3e, 0x5b, 0x3e, 0x5b, 0x3e, 0x5b, 0x3e, 0x5b, 0x3e, 0x5b, 0xa3, 0x10, 0xa3, 0x10, 0xa3, 0x10, 0xa3, 0x10,
    0xa3, 0x10, 0xa3, 0x10, 0xa3, 0x10, 0xa3, 0x10, 0xa3, 0x10, 0xa3, 0x10, 0xa3, 0x10, 0xa3, 0x10, 0xa3, 0x10, 0xa3,
    0x10, 0xa3, 0x10, 0xa3, 0x10, 0xa3, 0x10, 0xa3, 0x10, 0xa3, 0x10, 0xa3, 0x10, 0xa3, 0x10, 0xa3, 0x10, 0xa3, 0x10,
    0xa3, 0x10, 0xa3, 0x10, 0xa3, 0x10, 0xa3, 0x10, 0xa3, 0x10, 0xa3, 0x10, 0xa3, 0x10, 0xa3, 0x10, 0xa3, 0x10, 0xa3,
    0x10, 0xa3, 0x10, 0xa3, 0x10, 0xa3, 0x10, 0xa3, 0x10, 0xa3, 0x10, 0xa3, 0x10, 0xa3, 0x10, 0xa3, 0x10, 0xa3, 0x10,
    0xa3, 0x10, 0xa3, 0x10, 0xa3, 0x10, 0xa3, 0x10, 0xa3, 0x10, 0xa3, 0x10, 0xa3, 0x10, 0xa3, 0x10, 0xa3, 0x10, 0xa3,
    0x10, 0xa3, 0x10, 0xa3, 0x10, 0xa3, 0x10, 0xa3, 0x10, 0xa3, 0x10, 0xa3, 0x10, 0xa3, 0x10, 0xa3, 0x10, 0xa3, 0x10,
    0xa3, 0x10, 0xa3, 0x10, 0xa3, 0x10, 0xa3, 0x10, 0xa3, 0x10, 0xa3, 0x10, 0xa3, 0x10, 0xa3, 0x10, 0xa3, 0x10, 0xa3,
    0x10, 0xa3, 0x10, 0xa3, 0x10, 0xa3, 0x10, 0xa3, 0x10, 0xa3, 0x10, 0xa3, 0x10, 0xa3, 0x10, 0xa3, 0x10, 0xa3, 0x10,
    0xa3, 0x10, 0xa3, 0x10, 0xa3, 0x10, 0xa3, 0x10, 0xa3, 0x10, 0xa3, 0x10, 0xa3, 0x10, 0xf1, 0x31, 0xf1, 0x31, 0xf1,
    0x31, 0xf1, 0x31, 0xf1, 0x31, 0xf1, 0x31, 0xf1, 0x31, 0xf1, 0x31, 0xf1, 0x31, 0xf1, 0x31, 0xf1, 0x31, 0xf1, 0x31,
    0xf1, 0x31, 0xf1, 0x31, 0xf1, 0x31, 0xf1, 0x31, 0xf1, 0x31, 0xf1, 0x31, 0xf1, 0x31, 0xf1, 0x31, 0xf1, 0x31, 0x3e,
    0x5b, 0x3e, 0x5b, 0x3e, 0x5b, 0x3e, 0x5b, 0x3e, 0x5b, 0x3e, 0x5b, 0x3e, 0x5b, 0x3e, 0x5b, 0x3e, 0x5b, 0x3e, 0x5b,
    0x3e, 0x5b, 0x3e, 0x5b, 0x3e, 0x5b, 0x3e, 0x5b, 0x3e, 0x5b, 0x3e, 0x5b, 0x3e, 0x5b, 0x3e, 0x5b, 0x3e, 0x5b, 0x3e,
    0x5b, 0x3e, 0x5b, 0x3e, 0x5b, 0x3e, 0x5b, 0x3e, 0x5b, 0x3e, 0x5b, 0x3e, 0x5b, 0x3e, 0x5b, 0x3e, 0x5b, 0x3e, 0x5b,
    0x3e, 0x5b, 0x3e, 0x5b, 0x3e, 0x5b, 0x3e, 0x5b, 0x3e, 0x5b, 0x3e, 0x5b, 0x3e, 0x5b, 0x3e, 0x5b, 0x3e, 0x5b, 0x3e,
    0x5b, 0x3e, 0x5b, 0x3e, 0x5b, 0x3e, 0x5b, 0x3e, 0x5b, 0x3e, 0x5b, 0x3e, 0x5b, 0x3e, 0x5b, 0x3e, 0x5b, 0x3e, 0x5b,
    0x3e, 0x5b, 0x3e, 0x5b, 0x3e, 0x5b, 0x3e, 0x5b, 0x3e, 0x5b, 0x3e, 0x5b, 0x3e, 0x5b, 0x3e, 0x5b, 0x3e, 0x5b, 0x3e,
    0x5b, 0x3e, 0x5b, 0x3e, 0x5b, 0x3e, 0x5b, 0x3e, 0x5b, 0x3e, 0x5b, 0x3e, 0x5b, 0x3e, 0x5b, 0x3e, 0x5b, 0x3e, 0x5b,
    0x3e, 0x5b, 0x3e, 0x5b, 0x3e, 0x5b, 0x3e, 0x5b, 0x3e, 0x5b, 0x3e, 0x5b, 0x3e, 0x5b, 0x3e, 0x5b, 0x3e, 0x5b, 0x3e,
    0x5b, 0x3e, 0x5b, 0x3e, 0x5b, 0x3e, 0x5b, 0x3e, 0x5b, 0x3e, 0x5b, 0x3e, 0x5b, 0x3e, 0x5b, 0x3e, 0x5b, 0x3e, 0x5b,
    0x3e, 0x5b, 0x3e, 0x5b, 0x3e, 0x5b, 0x3e, 0x5b, 0x3e, 0x5b, 0x3e, 0x5b, 0x3e, 0x5b, 0x3e, 0x5b, 0xa3, 0x10, 0xa3,
    0x10, 0xa3, 0x10, 0xa3, 0x10, 0xa3, 0x10, 0xa3, 0x10, 0xa3, 0x10, 0xa3, 0x10, 0xa3, 0x10, 0xa3, 0x10, 0xa3, 0x10,
    0xa3, 0x10, 0xa3, 0x10, 0xa3, 0x10, 0xa3, 0x10, 0xa3, 0x10, 0xa3, 0x10, 0xa3, 0x10, 0xa3, 0x10, 0xa3, 0x10, 0xa3,
    0x10, 0xa3, 0x10, 0xa3, 0x10, 0xa3, 0x10, 0xa3, 0x10, 0xa3, 0x10, 0xa3, 0x10, 0xa3, 0x10, 0xa3, 0x10, 0xa3, 0x10,
    0xa3, 0x10, 0xa3, 0x10, 0xa3, 0x10, 0xa3, 0x10, 0xa3, 0x10, 0xa3, 0x10, 0xa3, 0x10, 0xa3, 0x10, 0xa3, 0x10, 0xa3,
    0x10, 0xa3, 0x10, 0xa3, 0x10, 0xa3, 0x10, 0xa3, 0x10, 0xa3, 0x10, 0xa3, 0x10, 0xa3, 0x10, 0xa3, 0x10, 0xa3, 0x10,
    0xa3, 0x10, 0xa3, 0x10, 0xa3, 0x10, 0xa3, 0x10, 0xa3, 0x10, 0xa3, 0x10, 0xa3, 0x10, 0xa3, 0x10, 0xa3, 0x10, 0xa3,
    0x10, 0xa3, 0x10, 0xa3, 0x10, 0xa3, 0x10, 0xa3, 0x10, 0xa3, 0x10, 0xa3, 0x10, 0xa3, 0x10, 0xa3, 0x10, 0xa3, 0x10,
    0xa3, 0x10, 0xa3, 0x10, 0xa3, 0x10, 0xa3, 0x10, 0xa3, 0x10, 0xa3, 0x10, 0xa3, 0x10, 0xa3, 0x10, 0xa3, 0x10, 0xa3,
    0x10, 0xa3, 0x10, 0xa3, 0x10, 0xa3, 0x10, 0xa3, 0x10, 0xa3, 0x10, 0xa3, 0x10, 0xa3, 0x10, 0xf1, 0x31, 0xf1, 0x31,
    0xf1, 0x31, 0xf1, 0x31, 0xf1, 0x31, 0xf1, 0x31, 0xf1, 0x31, 0xf1, 0x31, 0xf1, 0x31, 0xf1, 0x31, 0xf1, 0x31, 0xf1,
    0x31, 0xf1, 0x31, 0xf1, 0x31, 0xf1, 0x31, 0xf1, 0x31, 0xf1, 0x31, 0xf1, 0x31, 0xf1, 0x31, 0xf1, 0x31, 0x3e, 0x5b,
    0x3e, 0x5b, 0x3e, 0x5b, 0x3e, 0x5b, 0x3e, 0x5b, 0x3e, 0x5b, 0x3e, 0x5b, 0x3e, 0x5b, 0x3e, 0x5b, 0x3e, 0x5b, 0x3e,
    0x5b, 0x3e, 0x5b, 0x3e, 0x5b, 0x3e, 0x5b, 0x3e, 0x5b, 0x3e, 0x5b, 0x3e, 0x5b, 0x3e, 0x5b, 0x3e, 0x5b, 0x3e, 0x5b,
    0x3e, 0x5b, 0x3e, 0x5b, 0x3e, 0x5b, 0x3e, 0x5b, 0x3e, 0x5b, 0x3e, 0x5b, 0x3e, 0x5b, 0x3e, 0x5b, 0x3e, 0x5b, 0x3e,
    0x5b, 0x3e, 0x5b, 0x3e, 0x5b, 0x3e, 0x5b, 0x3e, 0x5b, 0x3e, 0x5b, 0x3e, 0x5b, 0x3e, 0x5b, 0x3e, 0x5b, 0x3e, 0x5b,
    0x3e, 0x5b, 0x3e, 0x5b, 0x3e, 0x5b, 0x3e, 0x5b, 0x3e, 0x5b, 0x3e, 0x5b, 0x3e, 0x5b, 0x3e, 0x5b, 0x3e, 0x5b, 0x3e,
    0x5b, 0x3e, 0x5b, 0x3e, 0x5b, 0x3e, 0x5b, 0x3e, 0x5b, 0x3e, 0x5b, 0x3e, 0x5b, 0x3e, 0x5b, 0x3e, 0x5b, 0x3e, 0x5b,
    0x3e, 0x5b, 0x3e, 0x5b, 0x3e, 0x5b, 0x3e, 0x5b, 0x3e, 0x5b, 0x3e, 0x5b, 0x3e, 0x5b, 0x3e, 0x5b, 0x3e, 0x5b, 0x3e,
    0x5b, 0x3e, 0x5b, 0x3e, 0x5b, 0x3e, 0x5b, 0x3e, 0x5b, 0x3e, 0x5b, 0x3e, 0x5b, 0x3e, 0x5b, 0x3e, 0x5b, 0x3e, 0x5b,
    0x3e, 0x5b, 0x3e, 0x5b, 0x3e, 0x5b, 0x3e, 0x5b, 0x3e, 0x5b, 0x3e, 0x5b, 0x3e, 0x5b, 0x3e, 0x5b, 0x3e, 0x5b, 0x3e,
    0x5b, 0x3e, 0x5b, 0x3e, 0x5b, 0x3e, 0x5b, 0x3e, 0x5b, 0x3e, 0x5b, 0x3e, 0x5b, 0x3e, 0x5b, 0x3e, 0x5b, 0x3e, 0x5b,
    0xa3, 0x10, 0xa3, 0x10, 0xa3, 0x10, 0xa3, 0x10, 0xa3, 0x10, 0xa3, 0x10, 0xa3, 0x10, 0xa3, 0x10, 0xa3, 0x10, 0xa3,
    0x10, 0xa3, 0x10, 0xa3, 0x10, 0xa3, 0x10, 0xa3, 0x10, 0xa3, 0x10, 0xa3, 0x10, 0xa3, 0x10, 0xa3, 0x10, 0xa3, 0x10,
    0xa3, 0x10, 0xa3, 0x10, 0xa3, 0x10, 0xa3, 0x10, 0xa3, 0x10, 0xa3, 0x10, 0xa3, 0x10, 0xa3, 0x10, 0xa3, 0x10, 0xa3,
    0x10, 0xa3, 0x10, 0xa3, 0x10, 0xa3, 0x10, 0xa3, 0x10, 0xa3, 0x10, 0xa3, 0x10, 0xa3, 0x10, 0xa3, 0x10, 0xa3, 0x10,
    0xa3, 0x10, 0xa3, 0x10, 0xa3, 0x10, 0xa3, 0x10, 0xa3, 0x10, 0xa3, 0x10, 0xa3, 0x10, 0xa3, 0x10, 0xa3, 0x10, 0xa3,
    0x10, 0xa3, 0x10, 0xa3, 0x10, 0xa3, 0x10, 0xa3, 0x10, 0xa3, 0x10, 0xa3, 0x10, 0xa3, 0x10, 0xa3, 0x10, 0xa3, 0x10,
    0xa3, 0x10, 0xa3, 0x10, 0xa3, 0x10, 0xa3, 0x10, 0xa3, 0x10, 0xa3, 0x10, 0xa3, 0x10, 0xa3, 0x10, 0xa3, 0x10, 0xa3,
    0x10, 0xa3, 0x10, 0xa3, 0x10, 0xa3, 0x10, 0xa3, 0x10, 0xa3, 0x10, 0xa3, 0x10, 0xa3, 0x10, 0xa3, 0x10, 0xa3, 0x10,
    0xa3, 0x10, 0xa3, 0x10, 0xa3, 0x10, 0xa3, 0x10, 0xa3, 0x10, 0xa3, 0x10, 0xa3, 0x10, 0xa3, 0x10, 0xf1, 0x31, 0xf1,
    0x31, 0xf1, 0x31, 0xf1, 0x31, 0xf1, 0x31, 0xf1, 0x31, 0xf1, 0x31, 0xf1, 0x31, 0xf1, 0x31, 0xf1, 0x31, 0xf1, 0x31,
    0xf1, 0x31, 0xf1, 0x31, 0xf1, 0x31, 0xf1, 0x31, 0xf1, 0x31, 0xf1, 0x31, 0xf1, 0x31, 0xf1, 0x31, 0x3e, 0x5b, 0x3e,
    0x5b, 0x3e, 0x5b, 0x3e, 0x5b, 0x3e, 0x5b, 0x3e, 0x5b, 0x3e, 0x5b, 0x3e, 0x5b, 0x3e, 0x5b, 0x3e, 0x5b, 0x3e, 0x5b,
    0x3e, 0x5b, 0x3e, 0x5b, 0x3e, 0x5b, 0x3e, 0x5b, 0x3e, 0x5b, 0x3e, 0x5b, 0x3e, 0x5b, 0x3e, 0x5b, 0x3e, 0x5b, 0x3e,
    0x5b, 0x3e, 0x5b, 0x3e, 0x5b, 0x3e, 0x5b, 0x3e, 0x5b, 0x3e, 0x5b, 0x3e, 0x5b, 0x3e, 0x5b, 0x3e, 0x5b, 0x3e, 0x5b,
    0x3e, 0x5b, 0x3e, 0x5b, 0x3e, 0x5b, 0x3e, 0x5b, 0x3e, 0x5b, 0x3e, 0x5b, 0x3e, 0x5b, 0x3e, 0x5b, 0x3e, 0x5b, 0x3e,
    0x5b, 0x3e, 0x5b, 0x3e, 0x5b, 0x3e, 0x5b, 0x3e, 0x5b, 0x3e, 0x5b, 0x3e, 0x5b, 0x3e, 0x5b, 0x3e, 0x5b, 0x3e, 0x5b,
    0x3e, 0x5b, 0x3e, 0x5b, 0x3e, 0x5b, 0x3e, 0x5b, 0x3e, 0x5b, 0x3e, 0x5b, 0x3e, 0x5b, 0x3e, 0x5b, 0x3e, 0x5b, 0x3e,
    0x5b, 0x3e, 0x5b, 0x3e, 0x5b, 0x3e, 0x5b, 0x3e, 0x5b, 0x3e, 0x5b, 0x3e, 0x5b, 0x3e, 0x5b, 0x3e, 0x5b, 0x3e, 0x5b,
    0x3e, 0x5b, 0x3e, 0x5b, 0x3e, 0x5b, 0x3e, 0x5b, 0x3e, 0x5b, 0x3e, 0x5b, 0x3e, 0x5b, 0x3e, 0x5b, 0x3e, 0x5b, 0x3e,
    0x5b, 0x3e, 0x5b, 0x3e, 0x5b, 0x3e, 0x5b, 0x3e, 0x5b, 0x3e, 0x5b, 0x3e, 0x5b, 0x3e, 0x5b, 0x3e, 0x5b, 0x3e, 0x5b,
    0x3e, 0x5b, 0x3e, 0x5b, 0x3e, 0x5b, 0x3e, 0x5b, 0x3e, 0x5b, 0x3e, 0x5b, 0x3e, 0x5b, 0x3e, 0x5b, 0x3e, 0x5b, 0x3e,
    0x5b, 0x3e, 0x5b, 0xa3, 0x10, 0xa3, 0x10, 0xa3, 0x10, 0xa3, 0x10, 0xa3, 0x10, 0xa3, 0x10, 0xa3, 0x10, 0xa3, 0x10,
    0xa3, 0x10, 0xa3, 0x10, 0xa3, 0x10, 0xa3, 0x10, 0xa3, 0x10, 0xa3, 0x10, 0xa3, 0x10, 0xa3, 0x10, 0xa3, 0x10, 0xa3,
    0x10, 0xa3, 0x10, 0xa3, 0x10, 0xa3, 0x10, 0xa3, 0x10, 0xa3, 0x10, 0xa3, 0x10, 0xa3, 0x10, 0xa3, 0x10, 0xa3, 0x10,
    0xa3, 0x10, 0xa3, 0x10, 0xa3, 0x10, 0xa3, 0x10, 0xa3, 0x10, 0xa3, 0x10, 0xa3, 0x10, 0xa3, 0x10, 0xa3, 0x10, 0xa3,
    0x10, 0xa3, 0x10, 0xa3, 0x10, 0xa3, 0x10, 0xa3, 0x10, 0xa3, 0x10, 0xa3, 0x10, 0xa3, 0x10, 0xa3, 0x10, 0xa3, 0x10,
    0xa3, 0x10, 0xa3, 0x10, 0xa3, 0x10, 0xa3, 0x10, 0xa3, 0x10, 0xa3, 0x10, 0xa3, 0x10, 0xa3, 0x10, 0xa3, 0x10, 0xa3,
    0x10, 0xa3, 0x10, 0xa3, 0x10, 0xa3, 0x10, 0xa3, 0x10, 0xa3, 0x10, 0xa3, 0x10, 0xa3, 0x10, 0xa3, 0x10, 0xa3, 0x10,
    0xa3, 0x10, 0xa3, 0x10, 0xa3, 0x10, 0xa3, 0x10, 0xa3, 0x10, 0xa3, 0x10, 0xa3, 0x10, 0xa3, 0x10, 0xa3, 0x10, 0xa3,
    0x10, 0xa3, 0x10, 0xa3, 0x10, 0xa3, 0x10, 0xa3, 0x10, 0xa3, 0x10, 0xa3, 0x10, 0xa3, 0x10, 0xa3, 0x10, 0xf1, 0x31,
    0xf1, 0x31, 0xf1, 0x31, 0xf1, 0x31, 0xf1, 0x31, 0xf1, 0x31, 0xf1, 0x31, 0xf1, 0x31, 0xf1, 0x31, 0xf1, 0x31, 0xf1,
    0x31, 0xf1, 0x31, 0xf1, 0x31, 0xf1, 0x31, 0xf1, 0x31, 0xf1, 0x31, 0xf1, 0x31, 0xf1, 0x31, 0x3e, 0x5b, 0x3e, 0x5b,
    0x3e, 0x5b, 0x3e, 0x5b, 0x3e, 0x5b, 0x3e, 0x5b, 0x3e, 0x5b, 0x3e, 0x5b, 0x3e, 0x5b, 0x3e, 0x5b, 0x3e, 0x5b, 0x3e,
    0x5b, 0x3e, 0x5b, 0x3e, 0x5b, 0x3e, 0x5b, 0x3e, 0x5b, 0x3e, 0x5b, 0x3e, 0x5b, 0x3e, 0x5b, 0x3e, 0x5b, 0x3e, 0x5b,
    0x3e, 0x5b, 0x3e, 0x5b, 0x3e, 0x5b, 0x3e, 0x5b, 0x3e, 0x5b, 0x3e, 0x5b, 0x3e, 0x5b, 0x3e, 0x5b, 0x3e, 0x5b, 0x3e,
    0x5b, 0x3e, 0x5b, 0x3e, 0x5b, 0x3e, 0x5b, 0x3e, 0x5b, 0x3e, 0x5b, 0x3e, 0x5b, 0x3e, 0x5b, 0x3e, 0x5b, 0x3e, 0x5b,
    0x3e, 0x5b, 0x3e, 0x5b, 0x3e, 0x5b, 0x3e, 0x5b, 0x3e, 0x5b, 0x3e, 0x5b, 0x3e, 0x5b, 0x3e, 0x5b, 0x3e, 0x5b, 0x3e,
    0x5b, 0x3e, 0x5b, 0x3e, 0x5b, 0x3e, 0x5b, 0x3e, 0x5b, 0x3e, 0x5b, 0x3e, 0x5b, 0x3e, 0x5b, 0x3e, 0x5b, 0x3e, 0x5b,
    0x3e, 0x5b, 0x3e, 0x5b, 0x3e, 0x5b, 0x3e, 0x5b, 0x3e, 0x5b, 0x3e, 0x5b, 0x3e, 0x5b, 0x3e, 0x5b, 0x3e, 0x5b, 0x3e,
    0x5b, 0x3e, 0x5b, 0x3e, 0x5b, 0x3e, 0x5b, 0x3e, 0x5b, 0x3e, 0x5b, 0x3e, 0x5b, 0x3e, 0x5b, 0x3e, 0x5b, 0x3e, 0x5b,
    0x3e, 0x5b, 0x3e, 0x5b, 0x3e, 0x5b, 0x3e, 0x5b, 0x3e, 0x5b, 0x3e, 0x5b, 0x3e, 0x5b, 0x3e, 0x5b, 0x3e, 0x5b, 0x3e,
    0x5b, 0x3e, 0x5b, 0x3e, 0x5b, 0x3e, 0x5b, 0x3e, 0x5b, 0x3e, 0x5b, 0x3e, 0x5b, 0x3e, 0x5b, 0x3e, 0x5b, 0x3e, 0x5b,
    0x3e, 0x5b, 0x3e, 0x5b, 0x3e, 0x5b, 0xa3, 0x10, 0xa3, 0x10, 0xa3, 0x10, 0xa3, 0x10, 0xa3, 0x10, 0xa3, 0x10, 0xa3,
    0x10, 0xa3, 0x10, 0xa3, 0x10, 0xa3, 0x10, 0xa3, 0x10, 0xa3, 0x10, 0xa3, 0x10, 0xa3, 0x10, 0xa3, 0x10, 0xa3, 0x10,
    0xa3, 0x10, 0xa3, 0x10, 0xa3, 0x10, 0xa3, 0x10, 0xa3, 0x10, 0xa3, 0x10, 0xa3, 0x10, 0xa3, 0x10, 0xa3, 0x10, 0xa3,
    0x10, 0xa3, 0x10, 0xa3, 0x10, 0xa3, 0x10, 0xa3, 0x10, 0xa3, 0x10, 0xa3, 0x10, 0xa3, 0x10, 0xa3, 0x10, 0xa3, 0x10,
    0xa3, 0x10, 0xa3, 0x10, 0xa3, 0x10, 0xa3, 0x10, 0xa3, 0x10, 0xa3, 0x10, 0xa3, 0x10, 0xa3, 0x10, 0xa3, 0x10, 0xa3,
    0x10, 0xa3, 0x10, 0xa3, 0x10, 0xa3, 0x10, 0xa3, 0x10, 0xa3, 0x10, 0xa3, 0x10, 0xa3, 0x10, 0xa3, 0x10, 0xa3, 0x10,
    0xa3, 0x10, 0xa3, 0x10, 0xa3, 0x10, 0xa3, 0x10, 0xa3, 0x10, 0xa3, 0x10, 0xa3, 0x10, 0xa3, 0x10, 0xa3, 0x10, 0xa3,
    0x10, 0xa3, 0x10, 0xa3, 0x10, 0xa3, 0x10, 0xa3, 0x10, 0xa3, 0x10, 0xa3, 0x10, 0xa3, 0x10, 0xa3, 0x10, 0xa3, 0x10,
    0xa3, 0x10, 0xa3, 0x10, 0xa3, 0x10, 0xa3, 0x10, 0xa3, 0x10, 0xa3, 0x10, 0xa3, 0x10, 0xa3, 0x10, 0xa3, 0x10, 0xf1,
    0x31, 0xf1, 0x31, 0xf1, 0x31, 0xf1, 0x31, 0xf1, 0x31, 0xf1, 0x31, 0xf1, 0x31, 0xf1, 0x31, 0xf1, 0x31, 0xf1, 0x31,
    0xf1, 0x31, 0xf1, 0x31, 0xf1, 0x31, 0xf1, 0x31, 0xf1, 0x31, 0xf1, 0x31, 0xf1, 0x31, 0xf1, 0x31, 0x3e, 0x5b, 0x3e,
    0x5b, 0x3e, 0x5b, 0x3e, 0x5b, 0x3e, 0x5b, 0x3e, 0x5b, 0x3e, 0x5b, 0x3e, 0x5b, 0x3e, 0x5b, 0x3e, 0x5b, 0x3e, 0x5b,
    0x3e, 0x5b, 0x3e, 0x5b, 0x3e, 0x5b, 0x3e, 0x5b, 0x3e, 0x5b, 0x3e, 0x5b, 0x3e, 0x5b, 0x3e, 0x5b, 0x3e, 0x5b, 0x3e,
    0x5b, 0x3e, 0x5b, 0x3e, 0x5b, 0x3e, 0x5b, 0x3e, 0x5b, 0x3e, 0x5b, 0x3e, 0x5b, 0x3e, 0x5b, 0x3e, 0x5b, 0x3e, 0x5b,
    0x3e, 0x5b, 0x3e, 0x5b, 0x3e, 0x5b, 0x3e, 0x5b, 0x3e, 0x5b, 0x3e, 0x5b, 0x3e, 0x5b, 0x3e, 0x5b, 0x3e, 0x5b, 0x3e,
    0x5b, 0x3e, 0x5b, 0x3e, 0x5b, 0x3e, 0x5b, 0x3e, 0x5b, 0x3e, 0x5b, 0x3e, 0x5b, 0x3e, 0x5b, 0x3e, 0x5b, 0x3e, 0x5b,
    0x3e, 0x5b, 0x3e, 0x5b, 0x3e, 0x5b, 0x3e, 0x5b, 0x3e, 0x5b, 0x3e, 0x5b, 0x3e, 0x5b, 0x3e, 0x5b, 0x3e, 0x5b, 0x3e,
    0x5b, 0x3e, 0x5b, 0x3e, 0x5b, 0x3e, 0x5b, 0x3e, 0x5b, 0x3e, 0x5b, 0x3e, 0x5b, 0x3e, 0x5b, 0x3e, 0x5b, 0x3e, 0x5b,
    0x3e, 0x5b, 0x3e, 0x5b, 0x3e, 0x5b, 0x3e, 0x5b, 0x3e, 0x5b, 0x3e, 0x5b, 0x3e, 0x5b, 0x3e, 0x5b, 0x3e, 0x5b, 0x3e,
    0x5b, 0x3e, 0x5b, 0x3e, 0x5b, 0x3e, 0x5b, 0x3e, 0x5b, 0x3e, 0x5b, 0x3e, 0x5b, 0x3e, 0x5b, 0x3e, 0x5b, 0x3e, 0x5b,
    0x3e, 0x5b, 0x3e, 0x5b, 0x3e, 0x5b, 0x3e, 0x5b, 0x3e, 0x5b, 0x3e, 0x5b, 0x3e, 0x5b, 0x3e, 0x5b, 0x3e, 0x5b, 0x3e,
    0x5b, 0x3e, 0x5b, 0x3e, 0x5b, 0x3e, 0x5b, 0xa3, 0x10, 0xa3, 0x10, 0xa3, 0x10, 0xa3, 0x10, 0xa3, 0x10, 0xa3, 0x10,
    0xa3, 0x10, 0xa3, 0x10, 0xa3, 0x10, 0xa3, 0x10, 0xa3, 0x10, 0xa3, 0x10, 0xa3, 0x10, 0xa3, 0x10, 0xa3, 0x10, 0xa3,
    0x10, 0xa3, 0x10, 0xa3, 0x10, 0xa3, 0x10, 0xa3, 0x10, 0xa3, 0x10, 0xa3, 0x10, 0xa3, 0x10, 0xa3, 0x10, 0xa3, 0x10,
    0xa3, 0x10, 0xa3, 0x10, 0xa3, 0x10, 0xa3, 0x10, 0xa3, 0x10, 0xa3, 0x10, 0xa3, 0x10, 0xa3, 0x10, 0xa3, 0x10, 0xa3,
    0x10, 0xa3, 0x10, 0xa3, 0x10, 0xa3, 0x10, 0xa3, 0x10, 0xa3, 0x10, 0xa3, 0x10, 0xa3, 0x10, 0xa3, 0x10, 0xa3, 0x10,
    0xa3, 0x10, 0xa3, 0x10, 0xa3, 0x10, 0xa3, 0x10, 0xa3, 0x10, 0xa3, 0x10, 0xa3, 0x10, 0xa3, 0x10, 0xa3, 0x10, 0xa3,
    0x10, 0xa3, 0x10, 0xa3, 0x10, 0xa3, 0x10, 0xa3, 0x10, 0xa3, 0x10, 0xa3, 0x10, 0xa3, 0x10, 0xa3, 0x10, 0xa3, 0x10,
    0xa3, 0x10, 0xa3, 0x10, 0xa3, 0x10, 0xa3, 0x10, 0xa3, 0x10, 0xa3, 0x10, 0xa3, 0x10, 0xa3, 0x10, 0xa3, 0x10, 0xa3,
    0x10, 0xa3, 0x10, 0xa3, 0x10, 0xa3, 0x10, 0xa3, 0x10, 0xa3, 0x10, 0xa3, 0x10, 0xa3, 0x10, 0xa3, 0x10, 0xa3, 0x10,
    0xf1, 0x31, 0xf1, 0x31, 0xf1, 0x31, 0xf1, 0x31, 0xf1, 0x31, 0xf1, 0x31, 0xf1, 0x31, 0xf1, 0x31, 0xf1, 0x31, 0xf1,
    0x31, 0xf1, 0x31, 0xf1, 0x31, 0xf1, 0x31, 0xf1, 0x31, 0xf1, 0x31, 0xf1, 0x31, 0xf1, 0x31, 0x3e, 0x5b, 0x3e, 0x5b,
    0x3e, 0x5b, 0x3e, 0x5b, 0x3e, 0x5b, 0x3e, 0x5b, 0x3e, 0x5b, 0x3e, 0x5b, 0x3e, 0x5b, 0x3e, 0x5b, 0x3e, 0x5b, 0x3e,
    0x5b, 0x3e, 0x5b, 0x3e, 0x5b, 0x3e, 0x5b, 0x3e, 0x5b, 0x3e, 0x5b, 0x3e, 0x5b, 0x3e, 0x5b, 0x3e, 0x5b, 0x3e, 0x5b,
    0x3e, 0x5b, 0x3e, 0x5b, 0x3e, 0x5b, 0x3e, 0x5b, 0x3e, 0x5b, 0x3e, 0x5b, 0x3e, 0x5b, 0x3e, 0x5b, 0x3e, 0x5b, 0x3e,
    0x5b, 0x3e, 0x5b, 0x3e, 0x5b, 0x3e, 0x5b, 0x3e, 0x5b, 0x3e, 0x5b, 0x3e, 0x5b, 0x3e, 0x5b, 0x3e, 0x5b, 0x3e, 0x5b,
    0x3e, 0x5b, 0x3e, 0x5b, 0x3e, 0x5b, 0x3e, 0x5b, 0x3e, 0x5b, 0x3e, 0x5b, 0x3e, 0x5b, 0x3e, 0x5b, 0x3e, 0x5b, 0x3e,
    0x5b, 0x3e, 0x5b, 0x3e, 0x5b, 0x3e, 0x5b, 0x3e, 0x5b, 0x3e, 0x5b, 0x3e, 0x5b, 0x3e, 0x5b, 0x3e, 0x5b, 0x3e, 0x5b,
    0x3e, 0x5b, 0x3e, 0x5b, 0x3e, 0x5b, 0x3e, 0x5b, 0x3e, 0x5b, 0x3e, 0x5b, 0x3e, 0x5b, 0x3e, 0x5b, 0x3e, 0x5b, 0x3e,
    0x5b, 0x3e, 0x5b, 0x3e, 0x5b, 0x3e, 0x5b, 0x3e, 0x5b, 0x3e, 0x5b, 0x3e, 0x5b, 0x3e, 0x5b, 0x3e, 0x5b, 0x3e, 0x5b,
    0x3e, 0x5b, 0x3e, 0x5b, 0x3e, 0x5b, 0x3e, 0x5b, 0x3e, 0x5b, 0x3e, 0x5b, 0x3e, 0x5b, 0x3e, 0x5b, 0x3e, 0x5b, 0x3e,
    0x5b, 0x3e, 0x5b, 0x3e, 0x5b, 0x3e, 0x5b, 0x3e, 0x5b, 0x3e, 0x5b, 0x3e, 0x5b, 0x3e, 0x5b, 0x3e, 0x5b, 0x3e, 0x5b,
    0x3e, 0x5b, 0x3e, 0x5b, 0x3e, 0x5b, 0x3e, 0x5b, 0x3e, 0x5b, 0xa3, 0x10, 0xa3, 0x10, 0xa3, 0x10, 0xa3, 0x10, 0xa3,
    0x10, 0xa3, 0x10, 0xa3, 0x10, 0xa3, 0x10, 0xa3, 0x10, 0xa3, 0x10, 0xa3, 0x10, 0xa3, 0x10, 0xa3, 0x10, 0xa3, 0x10,
    0xa3, 0x10, 0xa3, 0x10, 0xa3, 0x10, 0xa3, 0x10, 0xa3, 0x10, 0xa3, 0x10, 0xa3, 0x10, 0xa3, 0x10, 0xa3, 0x10, 0xa3,
    0x10, 0xa3, 0x10, 0xa3, 0x10, 0xa3, 0x10, 0xa3, 0x10, 0xa3, 0x10, 0xa3, 0x10, 0xa3, 0x10, 0xa3, 0x10, 0xa3, 0x10,
    0xa3, 0x10, 0xa3, 0x10, 0xa3, 0x10, 0xa3, 0x10, 0xa3, 0x10, 0xa3, 0x10, 0xa3, 0x10, 0xa3, 0x10, 0xa3, 0x10, 0xa3,
    0x10, 0xa3, 0x10, 0xa3, 0x10, 0xa3, 0x10, 0xa3, 0x10, 0xa3, 0x10, 0xa3, 0x10, 0xa3, 0x10, 0xa3, 0x10, 0xa3, 0x10,
    0xa3, 0x10, 0xa3, 0x10, 0xa3, 0x10, 0xa3, 0x10, 0xa3, 0x10, 0xa3, 0x10, 0xa3, 0x10, 0xa3, 0x10, 0xa3, 0x10, 0xa3,
    0x10, 0xa3, 0x10, 0xa3, 0x10, 0xa3, 0x10, 0xa3, 0x10, 0xa3, 0x10, 0xa3, 0x10, 0xa3, 0x10, 0xa3, 0x10, 0xa3, 0x10,
    0xa3, 0x10, 0xa3, 0x10, 0xa3, 0x10, 0xa3, 0x10, 0xa3, 0x10, 0xa3, 0x10, 0xa3, 0x10, 0xa3, 0x10, 0xa3, 0x10, 0xa3,
    0x10, 0xf1, 0x31, 0xf1, 0x31, 0xf1, 0x31, 0xf1, 0x31, 0xf1, 0x31, 0xf1, 0x31, 0xf1, 0x31, 0xf1, 0x31, 0xf1, 0x31,
    0xf1, 0x31, 0xf1, 0x31, 0xf1, 0x31, 0xf1, 0x31, 0xf1, 0x31, 0xf1, 0x31, 0xf1, 0x31, 0x3e, 0x5b, 0x3e, 0x5b, 0x3e,
    0x5b, 0x3e, 0x5b, 0x3e, 0x5b, 0x3e, 0x5b, 0x3e, 0x5b, 0x3e, 0x5b, 0x3e, 0x5b, 0x3e, 0x5b, 0x3e, 0x5b, 0x3e, 0x5b,
    0x3e, 0x5b, 0x3e, 0x5b, 0x3e, 0x5b, 0x3e, 0x5b, 0x3e, 0x5b, 0x3e, 0x5b, 0x3e, 0x5b, 0x3e, 0x5b, 0x3e, 0x5b, 0x3e,
    0x5b, 0x3e, 0x5b, 0x3e, 0x5b, 0x3e, 0x5b, 0x3e, 0x5b, 0x3e, 0x5b, 0x3e, 0x5b, 0x3e, 0x5b, 0x3e, 0x5b, 0x3e, 0x5b,
    0x3e, 0x5b, 0x3e, 0x5b, 0x3e, 0x5b, 0x3e, 0x5b, 0x3e, 0x5b, 0x3e, 0x5b, 0x3e, 0x5b, 0x3e, 0x5b, 0x3e, 0x5b, 0x3e,
    0x5b, 0x3e, 0x5b, 0x3e, 0x5b, 0x3e, 0x5b, 0x3e, 0x5b, 0x3e, 0x5b, 0x3e, 0x5b, 0x3e, 0x5b, 0x3e, 0x5b, 0x3e, 0x5b,
    0x3e, 0x5b, 0x3e, 0x5b, 0x3e, 0x5b, 0x3e, 0x5b, 0x3e, 0x5b, 0x3e, 0x5b, 0x3e, 0x5b, 0x3e, 0x5b, 0x3e, 0x5b, 0x3e,
    0x5b, 0x3e, 0x5b, 0x3e, 0x5b, 0x3e, 0x5b, 0x3e, 0x5b, 0x3e, 0x5b, 0x3e, 0x5b, 0x3e, 0x5b, 0x3e, 0x5b, 0x3e, 0x5b,
    0x3e, 0x5b, 0x3e, 0x5b, 0x3e, 0x5b, 0x3e, 0x5b, 0x3e, 0x5b, 0x3e, 0x5b, 0x3e, 0x5b, 0x3e, 0x5b, 0x3e, 0x5b, 0x3e,
    0x5b, 0x3e, 0x5b, 0x3e, 0x5b, 0x3e, 0x5b, 0x3e, 0x5b, 0x3e, 0x5b, 0x3e, 0x5b, 0x3e, 0x5b, 0x3e, 0x5b, 0x3e, 0x5b,
    0x3e, 0x5b, 0x3e, 0x5b, 0x3e, 0x5b, 0x3e, 0x5b, 0x3e, 0x5b, 0x3e, 0x5b, 0x3e, 0x5b, 0x3e, 0x5b, 0x3e, 0x5b, 0x3e,
    0x5b, 0x3e, 0x5b, 0x3e, 0x5b, 0x3e, 0x5b, 0x3e, 0x5b, 0x3e, 0x5b, 0x3e, 0x5b, 0xa3, 0x10, 0xa3, 0x10, 0xa3, 0x10,
    0xa3, 0x10, 0xa3, 0x10, 0xa3, 0x10, 0xa3, 0x10, 0xa3, 0x10, 0xa3, 0x10, 0xa3, 0x10, 0xa3, 0x10, 0xa3, 0x10, 0xa3,
    0x10, 0xa3, 0x10, 0xa3, 0x10, 0xa3, 0x10, 0xa3, 0x10, 0xa3, 0x10, 0xa3, 0x10, 0xa3, 0x10, 0xa3, 0x10, 0xa3, 0x10,
    0xa3, 0x10, 0xa3, 0x10, 0xa3, 0x10, 0xa3, 0x10, 0xa3, 0x10, 0xa3, 0x10, 0xa3, 0x10, 0xa3, 0x10, 0xa3, 0x10, 0xa3,
    0x10, 0xa3, 0x10, 0xa3, 0x10, 0xa3, 0x10, 0xa3, 0x10, 0xa3, 0x10, 0xa3, 0x10, 0xa3, 0x10, 0xa3, 0x10, 0xa3, 0x10,
    0xa3, 0x10, 0xa3, 0x10, 0xa3, 0x10, 0xa3, 0x10, 0xa3, 0x10, 0xa3, 0x10, 0xa3, 0x10, 0xa3, 0x10, 0xa3, 0x10, 0xa3,
    0x10, 0xa3, 0x10, 0xa3, 0x10, 0xa3, 0x10, 0xa3, 0x10, 0xa3, 0x10, 0xa3, 0x10, 0xa3, 0x10, 0xa3, 0x10, 0xa3, 0x10,
    0xa3, 0x10, 0xa3, 0x10, 0xa3, 0x10, 0xa3, 0x10, 0xa3, 0x10, 0xa3, 0x10, 0xa3, 0x10, 0xa3, 0x10, 0xa3, 0x10, 0xa3,
    0x10, 0xa3, 0x10, 0xa3, 0x10, 0xa3, 0x10, 0xa3, 0x10, 0xa3, 0x10, 0xa3, 0x10, 0xa3, 0x10, 0xa3, 0x10, 0xa3, 0x10,
    0xa3, 0x10, 0xf1, 0x31, 0xf1, 0x31, 0xf1, 0x31, 0xf1, 0x31, 0xf1, 0x31, 0xf1, 0x31, 0xf1, 0x31, 0xf1, 0x31, 0xf1,
    0x31, 0xf1, 0x31, 0xf1, 0x31, 0xf1, 0x31, 0xf1, 0x31, 0xf1, 0x31, 0xf1, 0x31, 0xf1, 0x31, 0x3e, 0x5b, 0x3e, 0x5b,
    0x3e, 0x5b, 0x3e, 0x5b, 0x3e, 0x5b, 0x3e, 0x5b, 0x3e, 0x5b, 0x3e, 0x5b, 0x3e, 0x5b, 0x3e, 0x5b, 0x3e, 0x5b, 0x3e,
    0x5b, 0x3e, 0x5b, 0x3e, 0x5b, 0x3e, 0x5b, 0x3e, 0x5b, 0x3e, 0x5b, 0x3e, 0x5b, 0x3e, 0x5b, 0x3e, 0x5b, 0x3e, 0x5b,
    0x3e, 0x5b, 0x3e, 0x5b, 0x3e, 0x5b, 0x3e, 0x5b, 0x3e, 0x5b, 0x3e, 0x5b, 0x3e, 0x5b, 0x3e, 0x5b, 0x3e, 0x5b, 0x3e,
    0x5b, 0x3e, 0x5b, 0x3e, 0x5b, 0x3e, 0x5b, 0x3e, 0x5b, 0x3e, 0x5b, 0x3e, 0x5b, 0x3e, 0x5b, 0x3e, 0x5b, 0x3e, 0x5b,
    0x3e, 0x5b, 0x3e, 0x5b, 0x3e, 0x5b, 0x3e, 0x5b, 0x3e, 0x5b, 0x3e, 0x5b, 0x3e, 0x5b, 0x3e, 0x5b, 0x3e, 0x5b, 0x3e,
    0x5b, 0x3e, 0x5b, 0x3e, 0x5b, 0x3e, 0x5b, 0x3e, 0x5b, 0x3e, 0x5b, 0x3e, 0x5b, 0x3e, 0x5b, 0x3e, 0x5b, 0x3e, 0x5b,
    0x3e, 0x5b, 0x3e, 0x5b, 0x3e, 0x5b, 0x3e, 0x5b, 0x3e, 0x5b, 0x3e, 0x5b, 0x3e, 0x5b, 0x3e, 0x5b, 0x3e, 0x5b, 0x3e,
    0x5b, 0x3e, 0x5b, 0x3e, 0x5b, 0x3e, 0x5b, 0x3e, 0x5b, 0x3e, 0x5b, 0x3e, 0x5b, 0x3e, 0x5b, 0x3e, 0x5b, 0x3e, 0x5b,
    0x3e, 0x5b, 0x3e, 0x5b, 0x3e, 0x5b, 0x3e, 0x5b, 0x3e, 0x5b, 0x3e, 0x5b, 0x3e, 0x5b, 0x3e, 0x5b, 0x3e, 0x5b, 0x3e,
    0x5b, 0x3e, 0x5b, 0x3e, 0x5b, 0x3e, 0x5b, 0x3e, 0x5b, 0x3e, 0x5b, 0x3e, 0x5b, 0x3e, 0x5b, 0x3e, 0x5b, 0x3e, 0x5b,
    0x3e, 0x5b, 0x3e, 0x5b, 0x3e, 0x5b, 0x3e, 0x5b, 0x3e, 0x5b, 0x3e, 0x5b, 0x3e, 0x5b, 0xa3, 0x10, 0xa3, 0x10, 0xa3,
    0x10, 0xa3, 0x10, 0xa3, 0x10, 0xa3, 0x10, 0xa3, 0x10, 0xa3, 0x10, 0xa3, 0x10, 0xa3, 0x10, 0xa3, 0x10, 0xa3, 0x10,
    0xa3, 0x10, 0xa3, 0x10, 0xa3, 0x10, 0xa3, 0x10, 0xa3, 0x10, 0xa3, 0x10, 0xa3, 0x10, 0xa3, 0x10, 0xa3, 0x10, 0xa3,
    0x10, 0xa3, 0x10, 0xa3, 0x10, 0xa3, 0x10, 0xa3, 0x10, 0xa3, 0x10, 0xa3, 0x10, 0xa3, 0x10, 0xa3, 0x10, 0xa3, 0x10,
    0xa3, 0x10, 0xa3, 0x10, 0xa3, 0x10, 0xa3, 0x10, 0xa3, 0x10, 0xa3, 0x10, 0xa3, 0x10, 0xa3, 0x10, 0xa3, 0x10, 0xa3,
    0x10, 0xa3, 0x10, 0xa3, 0x10, 0xa3, 0x10, 0xa3, 0x10, 0xa3, 0x10, 0xa3, 0x10, 0xa3, 0x10, 0xa3, 0x10, 0xa3, 0x10,
    0xa3, 0x10, 0xa3, 0x10, 0xa3, 0x10, 0xa3, 0x10, 0xa3, 0x10, 0xa3, 0x10, 0xa3, 0x10, 0xa3, 0x10, 0xa3, 0x10, 0xa3,
    0x10, 0xa3, 0x10, 0xa3, 0x10, 0xa3, 0x10, 0xa3, 0x10, 0xa3, 0x10, 0xa3, 0x10, 0xa3, 0x10, 0xa3, 0x10, 0xa3, 0x10,
    0xa3, 0x10, 0xa3, 0x10, 0xa3, 0x10, 0xa3, 0x10, 0xa3, 0x10, 0xa3, 0x10, 0xa3, 0x10, 0xa3, 0x10, 0xa3, 0x10, 0xa3,
    0x10, 0xa3, 0x10, 0xf1, 0x31, 0xf1, 0x31, 0xf1, 0x31, 0xf1, 0x31, 0xf1, 0x31, 0xf1, 0x31, 0xf1, 0x31, 0xf1, 0x31,
    0xf1, 0x31, 0xf1, 0x31, 0xf1, 0x31, 0xf1, 0x31, 0xf1, 0x31, 0xf1, 0x31, 0xf1, 0x31, 0xf1, 0x31, 0x3e, 0x5b, 0x3e,
    0x5b, 0x3e, 0x5b, 0x3e, 0x5b, 0x3e, 0x5b, 0x3e, 0x5b, 0x3e, 0x5b, 0x3e, 0x5b, 0x3e, 0x5b, 0x3e, 0x5b, 0x3e, 0x5b,
    0x3e, 0x5b, 0x3e, 0x5b, 0x3e, 0x5b, 0x3e, 0x5b, 0x3e, 0x5b, 0x3e, 0x5b, 0x3e, 0x5b, 0x3e, 0x5b, 0x3e, 0x5b, 0x3e,
    0x5b, 0x3e, 0x5b, 0x3e, 0x5b, 0x3e, 0x5b, 0x3e, 0x5b, 0x3e, 0x5b, 0x3e, 0x5b, 0x3e, 0x5b, 0x3e, 0x5b, 0x3e, 0x5b,
    0x3e, 0x5b, 0x3e, 0x5b, 0x3e, 0x5b, 0x3e, 0x5b, 0x3e, 0x5b, 0x3e, 0x5b, 0x3e, 0x5b, 0x3e, 0x5b, 0x3e, 0x5b, 0x3e,
    0x5b, 0x3e, 0x5b, 0x3e, 0x5b, 0x3e, 0x5b, 0x3e, 0x5b, 0x3e, 0x5b, 0x3e, 0x5b, 0x3e, 0x5b, 0x3e, 0x5b, 0x3e, 0x5b,
    0x3e, 0x5b, 0x3e, 0x5b, 0x3e, 0x5b, 0x3e, 0x5b, 0x3e, 0x5b, 0x3e, 0x5b, 0x3e, 0x5b, 0x3e, 0x5b, 0x3e, 0x5b, 0x3e,
    0x5b, 0x3e, 0x5b, 0x3e, 0x5b, 0x3e, 0x5b, 0x3e, 0x5b, 0x3e, 0x5b, 0x3e, 0x5b, 0x3e, 0x5b, 0x3e, 0x5b, 0x3e, 0x5b,
    0x3e, 0x5b, 0x3e, 0x5b, 0x3e, 0x5b, 0x3e, 0x5b, 0x3e, 0x5b, 0x3e, 0x5b, 0x3e, 0x5b, 0x3e, 0x5b, 0x3e, 0x5b, 0x3e,
    0x5b, 0x3e, 0x5b, 0x3e, 0x5b, 0x3e, 0x5b, 0x3e, 0x5b, 0x3e, 0x5b, 0x3e, 0x5b, 0x3e, 0x5b, 0x3e, 0x5b, 0x3e, 0x5b,
    0x3e, 0x5b, 0x3e, 0x5b, 0x3e, 0x5b, 0x3e, 0x5b, 0x3e, 0x5b, 0x3e, 0x5b, 0x3e, 0x5b, 0x3e, 0x5b, 0x3e, 0x5b, 0x3e,
    0x5b, 0x3e, 0x5b, 0x3e, 0x5b, 0x3e, 0x5b, 0x3e, 0x5b, 0x3e, 0x5b, 0x3e, 0x5b, 0x3e, 0x5b, 0xa3, 0x10, 0xa3, 0x10,
    0xa3, 0x10, 0xa3, 0x10, 0xa3, 0x10, 0xa3, 0x10, 0xa3, 0x10, 0xa3, 0x10, 0xa3, 0x10, 0xa3, 0x10, 0xa3, 0x10, 0xa3,
    0x10, 0xa3, 0x10, 0xa3, 0x10, 0xa3, 0x10, 0xa3, 0x10, 0xa3, 0x10, 0xa3, 0x10, 0xa3, 0x10, 0xa3, 0x10, 0xa3, 0x10,
    0xa3, 0x10, 0xa3, 0x10, 0xa3, 0x10, 0xa3, 0x10, 0xa3, 0x10, 0xa3, 0x10, 0xa3, 0x10, 0xa3, 0x10, 0xa3, 0x10, 0xa3,
    0x10, 0xa3, 0x10, 0xa3, 0x10, 0xa3, 0x10, 0xa3, 0x10, 0xa3, 0x10, 0xa3, 0x10, 0xa3, 0x10, 0xa3, 0x10, 0xa3, 0x10,
    0xa3, 0x10, 0xa3, 0x10, 0xa3, 0x10, 0xa3, 0x10, 0xa3, 0x10, 0xa3, 0x10, 0xa3, 0x10, 0xa3, 0x10, 0xa3, 0x10, 0xa3,
    0x10, 0xa3, 0x10, 0xa3, 0x10, 0xa3, 0x10, 0xa3, 0x10, 0xa3, 0x10, 0xa3, 0x10, 0xa3, 0x10, 0xa3, 0x10, 0xa3, 0x10,
    0xa3, 0x10, 0xa3, 0x10, 0xa3, 0x10, 0xa3, 0x10, 0xa3, 0x10, 0xa3, 0x10, 0xa3, 0x10, 0xa3, 0x10, 0xa3, 0x10, 0xa3,
    0x10, 0xa3, 0x10, 0xa3, 0x10, 0xa3, 0x10, 0xa3, 0x10, 0xa3, 0x10, 0xa3, 0x10, 0xa3, 0x10, 0xa3, 0x10, 0xa3, 0x10,
    0xa3, 0x10, 0xa3, 0x10, 0xf1, 0x31, 0xf1, 0x31, 0xf1, 0x31, 0xf1, 0x31, 0xf1, 0x31, 0xf1, 0x31, 0xf1, 0x31, 0xf1,
    0x31, 0xf1, 0x31, 0xf1, 0x31, 0xf1, 0x31, 0xf1, 0x31, 0xf1, 0x31, 0xf1, 0x31, 0xf1, 0x31, 0x3e, 0x5b, 0x3e, 0x5b,
    0x3e, 0x5b, 0x3e, 0x5b, 0x3e, 0x5b, 0x3e, 0x5b, 0x3e, 0x5b, 0x3e, 0x5b, 0x3e, 0x5b, 0x3e, 0x5b, 0x3e, 0x5b, 0x3e,
    0x5b, 0x3e, 0x5b, 0x3e, 0x5b, 0x3e, 0x5b, 0x3e, 0x5b, 0x3e, 0x5b, 0x3e, 0x5b, 0x3e, 0x5b, 0x3e, 0x5b, 0x3e, 0x5b,
    0x3e, 0x5b, 0x3e, 0x5b, 0x3e, 0x5b, 0x3e, 0x5b, 0x3e, 0x5b, 0x3e, 0x5b, 0x3e, 0x5b, 0x3e, 0x5b, 0x3e, 0x5b, 0x3e,
    0x5b, 0x3e, 0x5b, 0x3e, 0x5b, 0x3e, 0x5b, 0x3e, 0x5b, 0x3e, 0x5b, 0x3e, 0x5b, 0x3e, 0x5b, 0x3e, 0x5b, 0x3e, 0x5b,
    0x3e, 0x5b, 0x3e, 0x5b, 0x3e, 0x5b, 0x3e, 0x5b, 0x3e, 0x5b, 0x3e, 0x5b, 0x3e, 0x5b, 0x3e, 0x5b, 0x3e, 0x5b, 0x3e,
    0x5b, 0x3e, 0x5b, 0x3e, 0x5b, 0x3e, 0x5b, 0x3e, 0x5b, 0x3e, 0x5b, 0x3e, 0x5b, 0x3e, 0x5b, 0x3e, 0x5b, 0x3e, 0x5b,
    0x3e, 0x5b, 0x3e, 0x5b, 0x3e, 0x5b, 0x3e, 0x5b, 0x3e, 0x5b, 0x3e, 0x5b, 0x3e, 0x5b, 0x3e, 0x5b, 0x3e, 0x5b, 0x3e,
    0x5b, 0x3e, 0x5b, 0x3e, 0x5b, 0x3e, 0x5b, 0x3e, 0x5b, 0x3e, 0x5b, 0x3e, 0x5b, 0x3e, 0x5b, 0x3e, 0x5b, 0x3e, 0x5b,
    0x3e, 0x5b, 0x3e, 0x5b, 0x3e, 0x5b, 0x3e, 0x5b, 0x3e, 0x5b, 0x3e, 0x5b, 0x3e, 0x5b, 0x3e, 0x5b, 0x3e, 0x5b, 0x3e,
    0x5b, 0x3e, 0x5b, 0x3e, 0x5b, 0x3e, 0x5b, 0x3e, 0x5b, 0x3e, 0x5b, 0x3e, 0x5b, 0x3e, 0x5b, 0x3e, 0x5b, 0x3e, 0x5b,
    0x3e, 0x5b, 0x3e, 0x5b, 0x3e, 0x5b, 0x3e, 0x5b, 0x3e, 0x5b, 0x3e, 0x5b, 0x3e, 0x5b, 0x3e, 0x5b, 0x3e, 0x5b, 0xa3,
    0x10, 0xa3, 0x10, 0xa3, 0x10, 0xa3, 0x10, 0xa3, 0x10, 0xa3, 0x10, 0xa3, 0x10, 0xa3, 0x10, 0xa3, 0x10, 0xa3, 0x10,
    0xa3, 0x10, 0xa3, 0x10, 0xa3, 0x10, 0xa3, 0x10, 0xa3, 0x10, 0xa3, 0x10, 0xa3, 0x10, 0xa3, 0x10, 0xa3, 0x10, 0xa3,
    0x10, 0xa3, 0x10, 0xa3, 0x10, 0xa3, 0x10, 0xa3, 0x10, 0xa3, 0x10, 0xa3, 0x10, 0xa3, 0x10, 0xa3, 0x10, 0xa3, 0x10,
    0xa3, 0x10, 0xa3, 0x10, 0xa3, 0x10, 0xa3, 0x10, 0xa3, 0x10, 0xa3, 0x10, 0xa3, 0x10, 0xa3, 0x10, 0xa3, 0x10, 0xa3,
    0x10, 0xa3, 0x10, 0xa3, 0x10, 0xa3, 0x10, 0xa3, 0x10, 0xa3, 0x10, 0xa3, 0x10, 0xa3, 0x10, 0xa3, 0x10, 0xa3, 0x10,
    0xa3, 0x10, 0xa3, 0x10, 0xa3, 0x10, 0xa3, 0x10, 0xa3, 0x10, 0xa3, 0x10, 0xa3, 0x10, 0xa3, 0x10, 0xa3, 0x10, 0xa3,
    0x10, 0xa3, 0x10, 0xa3, 0x10, 0xa3, 0x10, 0xa3, 0x10, 0xa3, 0x10, 0xa3, 0x10, 0xa3, 0x10, 0xa3, 0x10, 0xa3, 0x10,
    0xa3, 0x10, 0xa3, 0x10, 0xa3, 0x10, 0xa3, 0x10, 0xa3, 0x10, 0xa3, 0x10, 0xa3, 0x10, 0xa3, 0x10, 0xa3, 0x10, 0xa3,
    0x10, 0xa3, 0x10, 0xa3, 0x10, 0xf1, 0x31, 0xf1, 0x31, 0xf1, 0x31, 0xf1, 0x31, 0xf1, 0x31, 0xf1, 0x31, 0xf1, 0x31,
    0xf1, 0x31, 0xf1, 0x31, 0xf1, 0x31, 0xf1, 0x31, 0xf1, 0x31, 0xf1, 0x31, 0xf1, 0x31, 0xf1, 0x31, 0x3e, 0x5b, 0x3e,
    0x5b, 0x3e, 0x5b, 0x3e, 0x5b, 0x3e, 0x5b, 0x3e, 0x5b, 0x3e, 0x5b, 0x3e, 0x5b, 0x3e, 0x5b, 0x3e, 0x5b, 0x3e, 0x5b,
    0x3e, 0x5b, 0x3e, 0x5b, 0x3e, 0x5b, 0x3e, 0x5b, 0x3e, 0x5b, 0x3e, 0x5b, 0x3e, 0x5b, 0x3e, 0x5b, 0x3e, 0x5b, 0x3e,
    0x5b, 0x3e, 0x5b, 0x3e, 0x5b, 0x3e, 0x5b, 0x3e, 0x5b, 0x3e, 0x5b, 0x3e, 0x5b, 0x3e, 0x5b, 0x3e, 0x5b, 0x3e, 0x5b,
    0x3e, 0x5b, 0x3e, 0x5b, 0x3e, 0x5b, 0x3e, 0x5b, 0x3e, 0x5b, 0x3e, 0x5b, 0x3e, 0x5b, 0x3e, 0x5b, 0x3e, 0x5b, 0x3e,
    0x5b, 0x3e, 0x5b, 0x3e, 0x5b, 0x3e, 0x5b, 0x3e, 0x5b, 0x3e, 0x5b, 0x3e, 0x5b, 0x3e, 0x5b, 0x3e, 0x5b, 0x3e, 0x5b,
    0x3e, 0x5b, 0x3e, 0x5b, 0x3e, 0x5b, 0x3e, 0x5b, 0x3e, 0x5b, 0x3e, 0x5b, 0x3e, 0x5b, 0x3e, 0x5b, 0x3e, 0x5b, 0x3e,
    0x5b, 0x3e, 0x5b, 0x3e, 0x5b, 0x3e, 0x5b, 0x3e, 0x5b, 0x3e, 0x5b, 0x3e, 0x5b, 0x3e, 0x5b, 0x3e, 0x5b, 0x3e, 0x5b,
    0x3e, 0x5b, 0x3e, 0x5b, 0x3e, 0x5b, 0x3e, 0x5b, 0x3e, 0x5b, 0x3e, 0x5b, 0x3e, 0x5b, 0x3e, 0x5b, 0x3e, 0x5b, 0x3e,
    0x5b, 0x3e, 0x5b, 0x3e, 0x5b, 0x3e, 0x5b, 0x3e, 0x5b, 0x3e, 0x5b, 0x3e, 0x5b, 0x3e, 0x5b, 0x3e, 0x5b, 0x3e, 0x5b,
    0x3e, 0x5b, 0x3e, 0x5b, 0x3e, 0x5b, 0x3e, 0x5b, 0x3e, 0x5b, 0x3e, 0x5b, 0x3e, 0x5b, 0x3e, 0x5b, 0x3e, 0x5b, 0x3e,
    0x5b, 0x3e, 0x5b, 0x3e, 0x5b, 0x3e, 0x5b, 0x3e, 0x5b, 0x3e, 0x5b, 0x3e, 0x5b, 0x3e, 0x5b, 0x3e, 0x5b, 0x3e, 0x5b,
    0xa3, 0x10, 0xa3, 0x10, 0xa3, 0x10, 0xa3, 0x10, 0xa3, 0x10, 0xa3, 0x10, 0xa3, 0x10, 0xa3, 0x10, 0xa3, 0x10, 0xa3,
    0x10, 0xa3, 0x10, 0xa3, 0x10, 0xa3, 0x10, 0xa3, 0x10, 0xa3, 0x10, 0xa3, 0x10, 0xa3, 0x10, 0xa3, 0x10, 0xa3, 0x10,
    0xa3, 0x10, 0xa3, 0x10, 0xa3, 0x10, 0xa3, 0x10, 0xa3, 0x10, 0xa3, 0x10, 0xa3, 0x10, 0xa3, 0x10, 0xa3, 0x10, 0xa3,
    0x10, 0xa3, 0x10, 0xa3, 0x10, 0xa3, 0x10, 0xa3, 0x10, 0xa3, 0x10, 0xa3, 0x10, 0xa3, 0x10, 0xa3, 0x10, 0xa3, 0x10,
    0xa3, 0x10, 0xa3, 0x10, 0xa3, 0x10, 0xa3, 0x10, 0xa3, 0x10, 0xa3, 0x10, 0xa3, 0x10, 0xa3, 0x10, 0xa3, 0x10, 0xa3,
    0x10, 0xa3, 0x10, 0xa3, 0x10, 0xa3, 0x10, 0xa3, 0x10, 0xa3, 0x10, 0xa3, 0x10, 0xa3, 0x10, 0xa3, 0x10, 0xa3, 0x10,
    0xa3, 0x10, 0xa3, 0x10, 0xa3, 0x10, 0xa3, 0x10, 0xa3, 0x10, 0xa3, 0x10, 0xa3, 0x10, 0xa3, 0x10, 0xa3, 0x10, 0xa3,
    0x10, 0xa3, 0x10, 0xa3, 0x10, 0xa3, 0x10, 0xa3, 0x10, 0xa3, 0x10, 0xa3, 0x10, 0xa3, 0x10, 0xa3, 0x10, 0xa3, 0x10,
    0xa3, 0x10, 0xa3, 0x10, 0xa3, 0x10, 0xf1, 0x31, 0xf1, 0x31, 0xf1, 0x31, 0xf1, 0x31, 0xf1, 0x31, 0xf1, 0x31, 0xf1,
    0x31, 0xf1, 0x31, 0xf1, 0x31, 0xf1, 0x31, 0xf1, 0x31, 0xf1, 0x31, 0xf1, 0x31, 0xf1, 0x31, 0xf1, 0x31, 0x3e, 0x5b,
    0x3e, 0x5b, 0x3e, 0x5b, 0x3e, 0x5b, 0x3e, 0x5b, 0x3e, 0x5b, 0x3e, 0x5b, 0x3e, 0x5b, 0x3e, 0x5b, 0x3e, 0x5b, 0x3e,
    0x5b, 0x3e, 0x5b, 0x3e, 0x5b, 0x3e, 0x5b, 0x3e, 0x5b, 0x3e, 0x5b, 0x3e, 0x5b, 0x3e, 0x5b, 0x3e, 0x5b, 0x3e, 0x5b,
    0x3e, 0x5b, 0x3e, 0x5b, 0x3e, 0x5b, 0x3e, 0x5b, 0x3e, 0x5b, 0x3e, 0x5b, 0x3e, 0x5b, 0x3e, 0x5b, 0x3e, 0x5b, 0x3e,
    0x5b, 0x3e, 0x5b, 0x3e, 0x5b, 0x3e, 0x5b, 0x3e, 0x5b, 0x3e, 0x5b, 0x3e, 0x5b, 0x3e, 0x5b, 0x3e, 0x5b, 0x3e, 0x5b,
    0x3e, 0x5b, 0x3e, 0x5b, 0x3e, 0x5b, 0x3e, 0x5b, 0x3e, 0x5b, 0x3e, 0x5b, 0x3e, 0x5b, 0x3e, 0x5b, 0x3e, 0x5b, 0x3e,
    0x5b, 0x3e, 0x5b, 0x3e, 0x5b, 0x3e, 0x5b, 0x3e, 0x5b, 0x3e, 0x5b, 0x3e, 0x5b, 0x3e, 0x5b, 0x3e, 0x5b, 0x3e, 0x5b,
    0x3e, 0x5b, 0x3e, 0x5b, 0x3e, 0x5b, 0x3e, 0x5b, 0x3e, 0x5b, 0x3e, 0x5b, 0x3e, 0x5b, 0x3e, 0x5b, 0x3e, 0x5b, 0x3e,
    0x5b, 0x3e, 0x5b, 0x3e, 0x5b, 0x3e, 0x5b, 0x3e, 0x5b, 0x3e, 0x5b, 0x3e, 0x5b, 0x3e, 0x5b, 0x3e, 0x5b, 0x3e, 0x5b,
    0x3e, 0x5b, 0x3e, 0x5b, 0x3e, 0x5b, 0x3e, 0x5b, 0x3e, 0x5b, 0x3e, 0x5b, 0x3e, 0x5b, 0x3e, 0x5b, 0x3e, 0x5b, 0x3e,
    0x5b, 0x3e, 0x5b, 0x3e, 0x5b, 0x3e, 0x5b, 0x3e, 0x5b, 0x3e, 0x5b, 0x3e, 0x5b, 0x3e, 0x5b, 0x3e, 0x5b, 0x3e, 0x5b,
    0x3e, 0x5b, 0x3e, 0x5b, 0x3e, 0x5b, 0x3e, 0x5b, 0x3e, 0x5b, 0x3e, 0x5b, 0x3e, 0x5b, 0x3e, 0x5b, 0x3e, 0x5b, 0x3e,
    0x5b, 0xa3, 0x10, 0xa3, 0x10, 0xa3, 0x10, 0xa3, 0x10, 0xa3, 0x10, 0xa3, 0x10, 0xa3, 0x10, 0xa3, 0x10, 0xa3, 0x10,
    0xa3, 0x10, 0xa3, 0x10, 0xa3, 0x10, 0xa3, 0x10, 0xa3, 0x10, 0xa3, 0x10, 0xa3, 0x10, 0xa3, 0x10, 0xa3, 0x10, 0xa3,
    0x10, 0xa3, 0x10, 0xa3, 0x10, 0xa3, 0x10, 0xa3, 0x10, 0xa3, 0x10, 0xa3, 0x10, 0xa3, 0x10, 0xa3, 0x10, 0xa3, 0x10,
    0xa3, 0x10, 0xa3, 0x10, 0xa3, 0x10, 0xa3, 0x10, 0xa3, 0x10, 0xa3, 0x10, 0xa3, 0x10, 0xa3, 0x10, 0xa3, 0x10, 0xa3,
    0x10, 0xa3, 0x10, 0xa3, 0x10, 0xa3, 0x10, 0xa3, 0x10, 0xa3, 0x10, 0xa3, 0x10, 0xa3, 0x10, 0xa3, 0x10, 0xa3, 0x10,
    0xa3, 0x10, 0xa3, 0x10, 0xa3, 0x10, 0xa3, 0x10, 0xa3, 0x10, 0xa3, 0x10, 0xa3, 0x10, 0xa3, 0x10, 0xa3, 0x10, 0xa3,
    0x10, 0xa3, 0x10, 0xa3, 0x10, 0xa3, 0x10, 0xa3, 0x10, 0xa3, 0x10, 0xa3, 0x10, 0xa3, 0x10, 0xa3, 0x10, 0xa3, 0x10,
    0xa3, 0x10, 0xa3, 0x10, 0xa3, 0x10, 0xa3, 0x10, 0xa3, 0x10, 0xa3, 0x10, 0xa3, 0x10, 0xa3, 0x10, 0xa3, 0x10, 0xa3,
    0x10, 0xa3, 0x10, 0xa3, 0x10, 0xa3, 0x10, 0xf1, 0x31, 0xf1, 0x31, 0xf1, 0x31, 0xf1, 0x31, 0xf1, 0x31, 0xf1, 0x31,
    0xf1, 0x31, 0xf1, 0x31, 0xf1, 0x31, 0xf1, 0x31, 0xf1, 0x31, 0xf1, 0x31, 0xf1, 0x31, 0xf1, 0x31, 0xf1, 0x31, 0x3e,
    0x5b, 0x3e, 0x5b, 0x3e, 0x5b, 0x3e, 0x5b, 0x3e, 0x5b, 0x3e, 0x5b, 0x3e, 0x5b, 0x3e, 0x5b, 0x3e, 0x5b, 0x3e, 0x5b,
    0x3e, 0x5b, 0x3e, 0x5b, 0x3e, 0x5b, 0x3e, 0x5b, 0x3e, 0x5b, 0x3e, 0x5b, 0x3e, 0x5b, 0x3e, 0x5b, 0x3e, 0x5b, 0x3e,
    0x5b, 0x3e, 0x5b, 0x3e, 0x5b, 0x3e, 0x5b, 0x3e, 0x5b, 0x3e, 0x5b, 0x3e, 0x5b, 0x3e, 0x5b, 0x3e, 0x5b, 0x3e, 0x5b,
    0x3e, 0x5b, 0x3e, 0x5b, 0x3e, 0x5b, 0x3e, 0x5b, 0x3e, 0x5b, 0x3e, 0x5b, 0x3e, 0x5b, 0x3e, 0x5b, 0x3e, 0x5b, 0x3e,
    0x5b, 0x3e, 0x5b, 0x3e, 0x5b, 0x3e, 0x5b, 0x3e, 0x5b, 0x3e, 0x5b, 0x3e, 0x5b, 0x3e, 0x5b, 0x3e, 0x5b, 0x3e, 0x5b,
    0x3e, 0x5b, 0x3e, 0x5b, 0x3e, 0x5b, 0x3e, 0x5b, 0x3e, 0x5b, 0x3e, 0x5b, 0x3e, 0x5b, 0x3e, 0x5b, 0x3e, 0x5b, 0x3e,
    0x5b, 0x3e, 0x5b, 0x3e, 0x5b, 0x3e, 0x5b, 0x3e, 0x5b, 0x3e, 0x5b, 0x3e, 0x5b, 0x3e, 0x5b, 0x3e, 0x5b, 0x3e, 0x5b,
    0x3e, 0x5b, 0x3e, 0x5b, 0x3e, 0x5b, 0x3e, 0x5b, 0x3e, 0x5b, 0x3e, 0x5b, 0x3e, 0x5b, 0x3e, 0x5b, 0x3e, 0x5b, 0x3e,
    0x5b, 0x3e, 0x5b, 0x3e, 0x5b, 0x3e, 0x5b, 0x3e, 0x5b, 0x3e, 0x5b, 0x3e, 0x5b, 0x3e, 0x5b, 0x3e, 0x5b, 0x3e, 0x5b,
    0x3e, 0x5b, 0x3e, 0x5b, 0x3e, 0x5b, 0x3e, 0x5b, 0x3e, 0x5b, 0x3e, 0x5b, 0x3e, 0x5b, 0x3e, 0x5b, 0x3e, 0x5b, 0x3e,
    0x5b, 0x3e, 0x5b, 0x3e, 0x5b, 0x3e, 0x5b, 0x3e, 0x5b, 0x3e, 0x5b, 0x3e, 0x5b, 0x3e, 0x5b, 0x3e, 0x5b, 0x3e, 0x5b,
    0x3e, 0x5b, 0xa3, 0x10, 0xa3, 0x10, 0xa3, 0x10, 0xa3, 0x10, 0xa3, 0x10, 0xa3, 0x10, 0xa3, 0x10, 0xa3, 0x10, 0xa3,
    0x10, 0xa3, 0x10, 0xa3, 0x10, 0xa3, 0x10, 0xa3, 0x10, 0xa3, 0x10, 0xa3, 0x10, 0xa3, 0x10, 0xa3, 0x10, 0xa3, 0x10,
    0xa3, 0x10, 0xa3, 0x10, 0xa3, 0x10, 0xa3, 0x10, 0xa3, 0x10, 0xa3, 0x10, 0xa3, 0x10, 0xa3, 0x10, 0xa3, 0x10, 0xa3,
    0x10, 0xa3, 0x10, 0xa3, 0x10, 0xa3, 0x10, 0xa3, 0x10, 0xa3, 0x10, 0xa3, 0x10, 0xa3, 0x10, 0xa3, 0x10, 0xa3, 0x10,
    0xa3, 0x10, 0xa3, 0x10, 0xa3, 0x10, 0xa3, 0x10, 0xa3, 0x10, 0xa3, 0x10, 0xa3, 0x10, 0xa3, 0x10, 0xa3, 0x10, 0xa3,
    0x10, 0xa3, 0x10, 0xa3, 0x10, 0xa3, 0x10, 0xa3, 0x10, 0xa3, 0x10, 0xa3, 0x10, 0xa3, 0x10, 0xa3, 0x10, 0xa3, 0x10,
    0xa3, 0x10, 0xa3, 0x10, 0xa3, 0x10, 0xa3, 0x10, 0xa3, 0x10, 0xa3, 0x10, 0xa3, 0x10, 0xa3, 0x10, 0xa3, 0x10, 0xa3,
    0x10, 0xa3, 0x10, 0xa3, 0x10, 0xa3, 0x10, 0xa3, 0x10, 0xa3, 0x10, 0xa3, 0x10, 0xa3, 0x10, 0xa3, 0x10, 0xa3, 0x10,
    0xa3, 0x10, 0xa3, 0x10, 0xa3, 0x10, 0xa3, 0x10, 0xf1, 0x31, 0xf1, 0x31, 0xf1, 0x31, 0xf1, 0x31, 0xf1, 0x31, 0xf1,
    0x31, 0xf1, 0x31, 0xf1, 0x31, 0xf1, 0x31, 0xf1, 0x31, 0xf1, 0x31, 0xf1, 0x31, 0xf1, 0x31, 0xf1, 0x31, 0xf1, 0x31,
    0x3e, 0x5b, 0x3e, 0x5b, 0x3e, 0x5b, 0x3e, 0x5b, 0x3e, 0x5b, 0x3e, 0x5b, 0x3e, 0x5b, 0x3e, 0x5b, 0x3e, 0x5b, 0x3e,
    0x5b, 0x3e, 0x5b, 0x3e, 0x5b, 0x3e, 0x5b, 0x3e, 0x5b, 0x3e, 0x5b, 0x3e, 0x5b, 0x3e, 0x5b, 0x3e, 0x5b, 0x3e, 0x5b,
    0x3e, 0x5b, 0x3e, 0x5b, 0x3e, 0x5b, 0x3e, 0x5b, 0x3e, 0x5b, 0x3e, 0x5b, 0x3e, 0x5b, 0x3e, 0x5b, 0x3e, 0x5b, 0x3e,
    0x5b, 0x3e, 0x5b, 0x3e, 0x5b, 0x3e, 0x5b, 0x3e, 0x5b, 0x3e, 0x5b, 0x3e, 0x5b, 0x3e, 0x5b, 0x3e, 0x5b, 0x3e, 0x5b,
    0x3e, 0x5b, 0x3e, 0x5b, 0x3e, 0x5b, 0x3e, 0x5b, 0x3e, 0x5b, 0x3e, 0x5b, 0x3e, 0x5b, 0x3e, 0x5b, 0x3e, 0x5b, 0x3e,
    0x5b, 0x3e, 0x5b, 0x3e, 0x5b, 0x3e, 0x5b, 0x3e, 0x5b, 0x3e, 0x5b, 0x3e, 0x5b, 0x3e, 0x5b, 0x3e, 0x5b, 0x3e, 0x5b,
    0x3e, 0x5b, 0x3e, 0x5b, 0x3e, 0x5b, 0x3e, 0x5b, 0x3e, 0x5b, 0x3e, 0x5b, 0x3e, 0x5b, 0x3e, 0x5b, 0x3e, 0x5b, 0x3e,
    0x5b, 0x3e, 0x5b, 0x3e, 0x5b, 0x3e, 0x5b, 0x3e, 0x5b, 0x3e, 0x5b, 0x3e, 0x5b, 0x3e, 0x5b, 0x3e, 0x5b, 0x3e, 0x5b,
    0x3e, 0x5b, 0x3e, 0x5b, 0x3e, 0x5b, 0x3e, 0x5b, 0x3e, 0x5b, 0x3e, 0x5b, 0x3e, 0x5b, 0x3e, 0x5b, 0x3e, 0x5b, 0x3e,
    0x5b, 0x3e, 0x5b, 0x3e, 0x5b, 0x3e, 0x5b, 0x3e, 0x5b, 0x3e, 0x5b, 0x3e, 0x5b, 0x3e, 0x5b, 0x3e, 0x5b, 0x3e, 0x5b,
    0x3e, 0x5b, 0x3e, 0x5b, 0x3e, 0x5b, 0x3e, 0x5b, 0x3e, 0x5b, 0x3e, 0x5b, 0x3e, 0x5b, 0x3e, 0x5b, 0x3e, 0x5b, 0x3e,
    0x5b, 0x3e, 0x5b, 0xa3, 0x10, 0xa3, 0x10, 0xa3, 0x10, 0xa3, 0x10, 0xa3, 0x10, 0xa3, 0x10, 0xa3, 0x10, 0xa3, 0x10,
    0xa3, 0x10, 0xa3, 0x10, 0xa3, 0x10, 0xa3, 0x10, 0xa3, 0x10, 0xa3, 0x10, 0xa3, 0x10, 0xa3, 0x10, 0xa3, 0x10, 0xa3,
    0x10, 0xa3, 0x10, 0xa3, 0x10, 0xa3, 0x10, 0xa3, 0x10, 0xa3, 0x10, 0xa3, 0x10, 0xa3, 0x10, 0xa3, 0x10, 0xa3, 0x10,
    0xa3, 0x10, 0xa3, 0x10, 0xa3, 0x10, 0xa3, 0x10, 0xa3, 0x10, 0xa3, 0x10, 0xa3, 0x10, 0xa3, 0x10, 0xa3, 0x10, 0xa3,
    0x10, 0xa3, 0x10, 0xa3, 0x10, 0xa3, 0x10, 0xa3, 0x10, 0xa3, 0x10, 0xa3, 0x10, 0xa3, 0x10, 0xa3, 0x10, 0xa3, 0x10,
    0xa3, 0x10, 0xa3, 0x10, 0xa3, 0x10, 0xa3, 0x10, 0xa3, 0x10, 0xa3, 0x10, 0xa3, 0x10, 0xa3, 0x10, 0xa3, 0x10, 0xa3,
    0x10, 0xa3, 0x10, 0xa3, 0x10, 0xa3, 0x10, 0xa3, 0x10, 0xa3, 0x10, 0xa3, 0x10, 0xa3, 0x10, 0xa3, 0x10, 0xa3, 0x10,
    0xa3, 0x10, 0xa3, 0x10, 0xa3, 0x10, 0xa3, 0x10, 0xa3, 0x10, 0xa3, 0x10, 0xa3, 0x10, 0xa3, 0x10, 0xa3, 0x10, 0xa3,
    0x10, 0xa3, 0x10, 0xa3, 0x10, 0xa3, 0x10, 0xa3, 0x10, 0xf1, 0x31, 0xf1, 0x31, 0xf1, 0x31, 0xf1, 0x31, 0xf1, 0x31,
    0xf1, 0x31, 0xf1, 0x31, 0xf1, 0x31, 0xf1, 0x31, 0xf1, 0x31, 0xf1, 0x31, 0xf1, 0x31, 0xf1, 0x31, 0xf1, 0x31, 0x3e,
    0x5b, 0x3e, 0x5b, 0x3e, 0x5b, 0x3e, 0x5b, 0x3e, 0x5b, 0x3e, 0x5b, 0x3e, 0x5b, 0x3e, 0x5b, 0x3e, 0x5b, 0x3e, 0x5b,
    0x3e, 0x5b, 0x3e, 0x5b, 0x3e, 0x5b, 0x3e, 0x5b, 0x3e, 0x5b, 0x3e, 0x5b, 0x3e, 0x5b, 0x3e, 0x5b, 0x3e, 0x5b, 0x3e,
    0x5b, 0x3e, 0x5b, 0x3e, 0x5b, 0x3e, 0x5b, 0x3e, 0x5b, 0x3e, 0x5b, 0x3e, 0x5b, 0x3e, 0x5b, 0x3e, 0x5b, 0x3e, 0x5b,
    0x3e, 0x5b, 0x3e, 0x5b, 0x3e, 0x5b, 0x3e, 0x5b, 0x3e, 0x5b, 0x3e, 0x5b, 0x3e, 0x5b, 0x3e, 0x5b, 0x3e, 0x5b, 0x3e,
    0x5b, 0x3e, 0x5b, 0x3e, 0x5b, 0x3e, 0x5b, 0x3e, 0x5b, 0x3e, 0x5b, 0x3e, 0x5b, 0x3e, 0x5b, 0x3e, 0x5b, 0x3e, 0x5b,
    0x3e, 0x5b, 0x3e, 0x5b, 0x3e, 0x5b, 0x3e, 0x5b, 0x3e, 0x5b, 0x3e, 0x5b, 0x3e, 0x5b, 0x3e, 0x5b, 0x3e, 0x5b, 0x3e,
    0x5b, 0x3e, 0x5b, 0x3e, 0x5b, 0x3e, 0x5b, 0x3e, 0x5b, 0x3e, 0x5b, 0x3e, 0x5b, 0x3e, 0x5b, 0x3e, 0x5b, 0x3e, 0x5b,
    0x3e, 0x5b, 0x3e, 0x5b, 0x3e, 0x5b, 0x3e, 0x5b, 0x3e, 0x5b, 0x3e, 0x5b, 0x3e, 0x5b, 0x3e, 0x5b, 0x3e, 0x5b, 0x3e,
    0x5b, 0x3e, 0x5b, 0x3e, 0x5b, 0x3e, 0x5b, 0x3e, 0x5b, 0x3e, 0x5b, 0x3e, 0x5b, 0x3e, 0x5b, 0x3e, 0x5b, 0x3e, 0x5b,
    0x3e, 0x5b, 0x3e, 0x5b, 0x3e, 0x5b, 0x3e, 0x5b, 0x3e, 0x5b, 0x3e, 0x5b, 0x3e, 0x5b, 0x3e, 0x5b, 0x3e, 0x5b, 0x3e,
    0x5b, 0x3e, 0x5b, 0x3e, 0x5b, 0x3e, 0x5b, 0x3e, 0x5b, 0x3e, 0x5b, 0x3e, 0x5b, 0x3e, 0x5b, 0x3e, 0x5b, 0x3e, 0x5b,
    0x3e, 0x5b, 0x3e, 0x5b, 0x3e, 0x5b, 0xa3, 0x10, 0xa3, 0x10, 0xa3, 0x10, 0xa3, 0x10, 0xa3, 0x10, 0xa3, 0x10, 0xa3,
    0x10, 0xa3, 0x10, 0xa3, 0x10, 0xa3, 0x10, 0xa3, 0x10, 0xa3, 0x10, 0xa3, 0x10, 0xa3, 0x10, 0xa3, 0x10, 0xa3, 0x10,
    0xa3, 0x10, 0xa3, 0x10, 0xa3, 0x10, 0xa3, 0x10, 0xa3, 0x10, 0xa3, 0x10, 0xa3, 0x10, 0xa3, 0x10, 0xa3, 0x10, 0xa3,
    0x10, 0xa3, 0x10, 0xa3, 0x10, 0xa3, 0x10, 0xa3, 0x10, 0xa3, 0x10, 0xa3, 0x10, 0xa3, 0x10, 0xa3, 0x10, 0xa3, 0x10,
    0xa3, 0x10, 0xa3, 0x10, 0xa3, 0x10, 0xa3, 0x10, 0xa3, 0x10, 0xa3, 0x10, 0xa3, 0x10, 0xa3, 0x10, 0xa3, 0x10, 0xa3,
    0x10, 0xa3, 0x10, 0xa3, 0x10, 0xa3, 0x10, 0xa3, 0x10, 0xa3, 0x10, 0xa3, 0x10, 0xa3, 0x10, 0xa3, 0x10, 0xa3, 0x10,
    0xa3, 0x10, 0xa3, 0x10, 0xa3, 0x10, 0xa3, 0x10, 0xa3, 0x10, 0xa3, 0x10, 0xa3, 0x10, 0xa3, 0x10, 0xa3, 0x10, 0xa3,
    0x10, 0xa3, 0x10, 0xa3, 0x10, 0xa3, 0x10, 0xa3, 0x10, 0xa3, 0x10, 0xa3, 0x10, 0xa3, 0x10, 0xa3, 0x10, 0xa3, 0x10,
    0xa3, 0x10, 0xa3, 0x10, 0xa3, 0x10, 0xa3, 0x10, 0xa3, 0x10, 0xf1, 0x31, 0xf1, 0x31, 0xf1, 0x31, 0xf1, 0x31, 0xf1,
    0x31, 0xf1, 0x31, 0xf1, 0x31, 0xf1, 0x31, 0xf1, 0x31, 0xf1, 0x31, 0xf1, 0x31, 0xf1, 0x31, 0xf1, 0x31, 0xf1, 0x31,
    0x3e, 0x5b, 0x3e, 0x5b, 0x3e, 0x5b, 0x3e, 0x5b, 0x3e, 0x5b, 0x3e, 0x5b, 0x3e, 0x5b, 0x3e, 0x5b, 0x3e, 0x5b, 0x3e,
    0x5b, 0x3e, 0x5b, 0x3e, 0x5b, 0x3e, 0x5b, 0x3e, 0x5b, 0x3e, 0x5b, 0x3e, 0x5b, 0x3e, 0x5b, 0x3e, 0x5b, 0x3e, 0x5b,
    0x3e, 0x5b, 0x3e, 0x5b, 0x3e, 0x5b, 0x3e, 0x5b, 0x3e, 0x5b, 0x3e, 0x5b, 0x3e, 0x5b, 0x3e, 0x5b, 0x3e, 0x5b, 0x3e,
    0x5b, 0x3e, 0x5b, 0x3e, 0x5b, 0x3e, 0x5b, 0x3e, 0x5b, 0x3e, 0x5b, 0x3e, 0x5b, 0x3e, 0x5b, 0x3e, 0x5b, 0x3e, 0x5b,
    0x3e, 0x5b, 0x3e, 0x5b, 0x3e, 0x5b, 0x3e, 0x5b, 0x3e, 0x5b, 0x3e, 0x5b, 0x3e, 0x5b, 0x3e, 0x5b, 0x3e, 0x5b, 0x3e,
    0x5b, 0x3e, 0x5b, 0x3e, 0x5b, 0x3e, 0x5b, 0x3e, 0x5b, 0x3e, 0x5b, 0x3e, 0x5b, 0x3e, 0x5b, 0x3e, 0x5b, 0x3e, 0x5b,
    0x3e, 0x5b, 0x3e, 0x5b, 0x3e, 0x5b, 0x3e, 0x5b, 0x3e, 0x5b, 0x3e, 0x5b, 0x3e, 0x5b, 0x3e, 0x5b, 0x3e, 0x5b, 0x3e,
    0x5b, 0x3e, 0x5b, 0x3e, 0x5b, 0x3e, 0x5b, 0x3e, 0x5b, 0x3e, 0x5b, 0x3e, 0x5b, 0x3e, 0x5b, 0x3e, 0x5b, 0x3e, 0x5b,
    0x3e, 0x5b, 0x3e, 0x5b, 0x3e, 0x5b, 0x3e, 0x5b, 0x3e, 0x5b, 0x3e, 0x5b, 0x3e, 0x5b, 0x3e, 0x5b, 0x3e, 0x5b, 0x3e,
    0x5b, 0x3e, 0x5b, 0x3e, 0x5b, 0x3e, 0x5b, 0x3e, 0x5b, 0x3e, 0x5b, 0x3e, 0x5b, 0x3e, 0x5b, 0x3e, 0x5b, 0x3e, 0x5b,
    0x3e, 0x5b, 0x3e, 0x5b, 0x3e, 0x5b, 0x3e, 0x5b, 0x3e, 0x5b, 0x3e, 0x5b, 0x3e, 0x5b, 0x3e, 0x5b, 0x3e, 0x5b, 0x3e,
    0x5b, 0x3e, 0x5b, 0x3e, 0x5b, 0x3e, 0x5b, 0xa3, 0x10, 0xa3, 0x10, 0xa3, 0x10, 0xa3, 0x10, 0xa3, 0x10, 0xa3, 0x10,
    0xa3, 0x10, 0xa3, 0x10, 0xa3, 0x10, 0xa3, 0x10, 0xa3, 0x10, 0xa3, 0x10, 0xa3, 0x10, 0xa3, 0x10, 0xa3, 0x10, 0xa3,
    0x10, 0xa3, 0x10, 0xa3, 0x10, 0xa3, 0x10, 0xa3, 0x10, 0xa3, 0x10, 0xa3, 0x10, 0xa3, 0x10, 0xa3, 0x10, 0xa3, 0x10,
    0xa3, 0x10, 0xa3, 0x10, 0xa3, 0x10, 0xa3, 0x10, 0xa3, 0x10, 0xa3, 0x10, 0xa3, 0x10, 0xa3, 0x10, 0xa3, 0x10, 0xa3,
    0x10, 0xa3, 0x10, 0xa3, 0x10, 0xa3, 0x10, 0xa3, 0x10, 0xa3, 0x10, 0xa3, 0x10, 0xa3, 0x10, 0xa3, 0x10, 0xa3, 0x10,
    0xa3, 0x10, 0xa3, 0x10, 0xa3, 0x10, 0xa3, 0x10, 0xa3, 0x10, 0xa3, 0x10, 0xa3, 0x10, 0xa3, 0x10, 0xa3, 0x10, 0xa3,
    0x10, 0xa3, 0x10, 0xa3, 0x10, 0xa3, 0x10, 0xa3, 0x10, 0xa3, 0x10, 0xa3, 0x10, 0xa3, 0x10, 0xa3, 0x10, 0xa3, 0x10,
    0xa3, 0x10, 0xa3, 0x10, 0xa3, 0x10, 0xa3, 0x10, 0xa3, 0x10, 0xa3, 0x10, 0xa3, 0x10, 0xa3, 0x10, 0xa3, 0x10, 0xa3,
    0x10, 0xa3, 0x10, 0xa3, 0x10, 0xa3, 0x10, 0xa3, 0x10, 0xa3, 0x10, 0xf1, 0x31, 0xf1, 0x31, 0xf1, 0x31, 0xf1, 0x31,
    0xf1, 0x31, 0xf1, 0x31, 0xf1, 0x31, 0xf1, 0x31, 0xf1, 0x31, 0xf1, 0x31, 0xf1, 0x31, 0xf1, 0x31, 0xf1, 0x31, 0xf1,
    0x31, 0x3e, 0x5b, 0x3e, 0x5b, 0x3e, 0x5b, 0x3e, 0x5b, 0x3e, 0x5b, 0x3e, 0x5b, 0x3e, 0x5b, 0x3e, 0x5b, 0x3e, 0x5b,
    0x3e, 0x5b, 0x3e, 0x5b, 0x3e, 0x5b, 0x3e, 0x5b, 0x3e, 0x5b, 0x3e, 0x5b, 0x3e, 0x5b, 0x3e, 0x5b, 0x3e, 0x5b, 0x3e,
    0x5b, 0x3e, 0x5b, 0x3e, 0x5b, 0x3e, 0x5b, 0x3e, 0x5b, 0x3e, 0x5b, 0x3e, 0x5b, 0x3e, 0x5b, 0x3e, 0x5b, 0x3e, 0x5b,
    0x3e, 0x5b, 0x3e, 0x5b, 0x3e, 0x5b, 0x3e, 0x5b, 0x3e, 0x5b, 0x3e, 0x5b, 0x3e, 0x5b, 0x3e, 0x5b, 0x3e, 0x5b, 0x3e,
    0x5b, 0x3e, 0x5b, 0x3e, 0x5b, 0x3e, 0x5b, 0x3e, 0x5b, 0x3e, 0x5b, 0x3e, 0x5b, 0x3e, 0x5b, 0x3e, 0x5b, 0x3e, 0x5b,
    0x3e, 0x5b, 0x3e, 0x5b, 0x3e, 0x5b, 0x3e, 0x5b, 0x3e, 0x5b, 0x3e, 0x5b, 0x3e, 0x5b, 0x3e, 0x5b, 0x3e, 0x5b, 0x3e,
    0x5b, 0x3e, 0x5b, 0x3e, 0x5b, 0x3e, 0x5b, 0x3e, 0x5b, 0x3e, 0x5b, 0x3e, 0x5b, 0x3e, 0x5b, 0x3e, 0x5b, 0x3e, 0x5b,
    0x3e, 0x5b, 0x3e, 0x5b, 0x3e, 0x5b, 0x3e, 0x5b, 0x3e, 0x5b, 0x3e, 0x5b, 0x3e, 0x5b, 0x3e, 0x5b, 0x3e, 0x5b, 0x3e,
    0x5b, 0x3e, 0x5b, 0x3e, 0x5b, 0x3e, 0x5b, 0x3e, 0x5b, 0x3e, 0x5b, 0x3e, 0x5b, 0x3e, 0x5b, 0x3e, 0x5b, 0x3e, 0x5b,
    0x3e, 0x5b, 0x3e, 0x5b, 0x3e, 0x5b, 0x3e, 0x5b, 0x3e, 0x5b, 0x3e, 0x5b, 0x3e, 0x5b, 0x3e, 0x5b, 0x3e, 0x5b, 0x3e,
    0x5b, 0x3e, 0x5b, 0x3e, 0x5b, 0x3e, 0x5b, 0x3e, 0x5b, 0x3e, 0x5b, 0x3e, 0x5b, 0x3e, 0x5b, 0x3e, 0x5b, 0x3e, 0x5b,
    0x3e, 0x5b, 0x3e, 0x5b, 0x3e, 0x5b, 0x3e, 0x5b, 0xa3, 0x10, 0xa3, 0x10, 0xa3, 0x10, 0xa3, 0x10, 0xa3, 0x10, 0xa3,
    0x10, 0xa3, 0x10, 0xa3, 0x10, 0xa3, 0x10, 0xa3, 0x10, 0xa3, 0x10, 0xa3, 0x10, 0xa3, 0x10, 0xa3, 0x10, 0xa3, 0x10,
    0xa3, 0x10, 0xa3, 0x10, 0xa3, 0x10, 0xa3, 0x10, 0xa3, 0x10, 0xa3, 0x10, 0xa3, 0x10, 0xa3, 0x10, 0xa3, 0x10, 0xa3,
    0x10, 0xa3, 0x10, 0xa3, 0x10, 0xa3, 0x10, 0xa3, 0x10, 0xa3, 0x10, 0xa3, 0x10, 0xa3, 0x10, 0xa3, 0x10, 0xa3, 0x10,
    0xa3, 0x10, 0xa3, 0x10, 0xa3, 0x10, 0xa3, 0x10, 0xa3, 0x10, 0xa3, 0x10, 0xa3, 0x10, 0xa3, 0x10, 0xa3, 0x10, 0xa3,
    0x10, 0xa3, 0x10, 0xa3, 0x10, 0xa3, 0x10, 0xa3, 0x10, 0xa3, 0x10, 0xa3, 0x10, 0xa3, 0x10, 0xa3, 0x10, 0xa3, 0x10,
    0xa3, 0x10, 0xa3, 0x10, 0xa3, 0x10, 0xa3, 0x10, 0xa3, 0x10, 0xa3, 0x10, 0xa3, 0x10, 0xa3, 0x10, 0xa3, 0x10, 0xa3,
    0x10, 0xa3, 0x10, 0xa3, 0x10, 0xa3, 0x10, 0xa3, 0x10, 0xa3, 0x10, 0xa3, 0x10, 0xa3, 0x10, 0xa3, 0x10, 0xa3, 0x10,
    0xa3, 0x10, 0xa3, 0x10, 0xa3, 0x10, 0xa3, 0x10, 0xa3, 0x10, 0xa3, 0x10, 0xf1, 0x31, 0xf1, 0x31, 0xf1, 0x31, 0xf1,
    0x31, 0xf1, 0x31, 0xf1, 0x31, 0xf1, 0x31, 0xf1, 0x31, 0xf1, 0x31, 0xf1, 0x31, 0xf1, 0x31, 0xf1, 0x31, 0xf1, 0x31,
    0xf1, 0x31, 0x3e, 0x5b, 0x3e, 0x5b, 0x3e, 0x5b, 0x3e, 0x5b, 0x3e, 0x5b, 0x3e, 0x5b, 0x3e, 0x5b, 0x3e, 0x5b, 0x3e,
    0x5b, 0x3e, 0x5b, 0x3e, 0x5b, 0x3e, 0x5b, 0x3e, 0x5b, 0x3e, 0x5b, 0x3e, 0x5b, 0x3e, 0x5b, 0x3e, 0x5b, 0x3e, 0x5b,
    0x3e, 0x5b, 0x3e, 0x5b, 0x3e, 0x5b, 0x3e, 0x5b, 0x3e, 0x5b, 0x3e, 0x5b, 0x3e, 0x5b, 0x3e, 0x5b, 0x3e, 0x5b, 0x3e,
    0x5b, 0x3e, 0x5b, 0x3e, 0x5b, 0x3e, 0x5b, 0x3e, 0x5b, 0x3e, 0x5b, 0x3e, 0x5b, 0x3e, 0x5b, 0x3e, 0x5b, 0x3e, 0x5b,
    0x3e, 0x5b, 0x3e, 0x5b, 0x3e, 0x5b, 0x3e, 0x5b, 0x3e, 0x5b, 0x3e, 0x5b, 0x3e, 0x5b, 0x3e, 0x5b, 0x3e, 0x5b, 0x3e,
    0x5b, 0x3e, 0x5b, 0x3e, 0x5b, 0x3e, 0x5b, 0x3e, 0x5b, 0x3e, 0x5b, 0x3e, 0x5b, 0x3e, 0x5b, 0x3e, 0x5b, 0x3e, 0x5b,
    0x3e, 0x5b, 0x3e, 0x5b, 0x3e, 0x5b, 0x3e, 0x5b, 0x3e, 0x5b, 0x3e, 0x5b, 0x3e, 0x5b, 0x3e, 0x5b, 0x3e, 0x5b, 0x3e,
    0x5b, 0x3e, 0x5b, 0x3e, 0x5b, 0x3e, 0x5b, 0x3e, 0x5b, 0x3e, 0x5b, 0x3e, 0x5b, 0x3e, 0x5b, 0x3e, 0x5b, 0x3e, 0x5b,
    0x3e, 0x5b, 0x3e, 0x5b, 0x3e, 0x5b, 0x3e, 0x5b, 0x3e, 0x5b, 0x3e, 0x5b, 0x3e, 0x5b, 0x3e, 0x5b, 0x3e, 0x5b, 0x3e,
    0x5b, 0x3e, 0x5b, 0x3e, 0x5b, 0x3e, 0x5b, 0x3e, 0x5b, 0x3e, 0x5b, 0x3e, 0x5b, 0x3e, 0x5b, 0x3e, 0x5b, 0x3e, 0x5b,
    0x3e, 0x5b, 0x3e, 0x5b, 0x3e, 0x5b, 0x3e, 0x5b, 0x3e, 0x5b, 0x3e, 0x5b, 0x3e, 0x5b, 0x3e, 0x5b, 0x3e, 0x5b, 0x3e,
    0x5b, 0x3e, 0x5b, 0x3e, 0x5b, 0x3e, 0x5b, 0x3e, 0x5b, 0xa3, 0x10, 0xa3, 0x10, 0xa3, 0x10, 0xa3, 0x10, 0xa3, 0x10,
    0xa3, 0x10, 0xa3, 0x10, 0xa3, 0x10, 0xa3, 0x10, 0xa3, 0x10, 0xa3, 0x10, 0xa3, 0x10, 0xa3, 0x10, 0xa3, 0x10, 0xa3,
    0x10, 0xa3, 0x10, 0xa3, 0x10, 0xa3, 0x10, 0xa3, 0x10, 0xa3, 0x10, 0xa3, 0x10, 0xa3, 0x10, 0xa3, 0x10, 0xa3, 0x10,
    0xa3, 0x10, 0xa3, 0x10, 0xa3, 0x10, 0xa3, 0x10, 0xa3, 0x10, 0xa3, 0x10, 0xa3, 0x10, 0xa3, 0x10, 0xa3, 0x10, 0xa3,
    0x10, 0xa3, 0x10, 0xa3, 0x10, 0xa3, 0x10, 0xa3, 0x10, 0xa3, 0x10, 0xa3, 0x10, 0xa3, 0x10, 0xa3, 0x10, 0xa3, 0x10,
    0xa3, 0x10, 0xa3, 0x10, 0xa3, 0x10, 0xa3, 0x10, 0xa3, 0x10, 0xa3, 0x10, 0xa3, 0x10, 0xa3, 0x10, 0xa3, 0x10, 0xa3,
    0x10, 0xa3, 0x10, 0xa3, 0x10, 0xa3, 0x10, 0xa3, 0x10, 0xa3, 0x10, 0xa3, 0x10, 0xa3, 0x10, 0xa3, 0x10, 0xa3, 0x10,
    0xa3, 0x10, 0xa3, 0x10, 0xa3, 0x10, 0xa3, 0x10, 0xa3, 0x10, 0xa3, 0x10, 0xa3, 0x10, 0xa3, 0x10, 0xa3, 0x10, 0xa3,
    0x10, 0xa3, 0x10, 0xa3, 0x10, 0xa3, 0x10, 0xa3, 0x10, 0xa3, 0x10, 0xa3, 0x10, 0xf1, 0x31, 0xf1, 0x31, 0xf1, 0x31,
    0xf1, 0x31, 0xf1, 0x31, 0xf1, 0x31, 0xf1, 0x31, 0xf1, 0x31, 0xf1, 0x31, 0xf1, 0x31, 0xf1, 0x31, 0xf1, 0x31, 0xf1,
    0x31, 0xf1, 0x31, 0x3e, 0x5b, 0x3e, 0x5b, 0x3e, 0x5b, 0x3e, 0x5b, 0x3e, 0x5b, 0x3e, 0x5b, 0x3e, 0x5b, 0x3e, 0x5b,
    0x3e, 0x5b, 0x3e, 0x5b, 0x3e, 0x5b, 0x3e, 0x5b, 0x3e, 0x5b, 0x3e, 0x5b, 0x3e, 0x5b, 0x3e, 0x5b, 0x3e, 0x5b, 0x3e,
    0x5b, 0x3e, 0x5b, 0x3e, 0x5b, 0x3e, 0x5b, 0x3e, 0x5b, 0x3e, 0x5b, 0x3e, 0x5b, 0x3e, 0x5b, 0x3e, 0x5b, 0x3e, 0x5b,
    0x3e, 0x5b, 0x3e, 0x5b, 0x3e, 0x5b, 0x3e, 0x5b, 0x3e, 0x5b, 0x3e, 0x5b, 0x3e, 0x5b, 0x3e, 0x5b, 0x3e, 0x5b, 0x3e,
    0x5b, 0x3e, 0x5b, 0x3e, 0x5b, 0x3e, 0x5b, 0x3e, 0x5b, 0x3e, 0x5b, 0x3e, 0x5b, 0x3e, 0x5b, 0x3e, 0x5b, 0x3e, 0x5b,
    0x3e, 0x5b, 0x3e, 0x5b, 0x3e, 0x5b, 0x3e, 0x5b, 0x3e, 0x5b, 0x3e, 0x5b, 0x3e, 0x5b, 0x3e, 0x5b, 0x3e, 0x5b, 0x3e,
    0x5b, 0x3e, 0x5b, 0x3e, 0x5b, 0x3e, 0x5b, 0x3e, 0x5b, 0x3e, 0x5b, 0x3e, 0x5b, 0x3e, 0x5b, 0x3e, 0x5b, 0x3e, 0x5b,
    0x3e, 0x5b, 0x3e, 0x5b, 0x3e, 0x5b, 0x3e, 0x5b, 0x3e, 0x5b, 0x3e, 0x5b, 0x3e, 0x5b, 0x3e, 0x5b, 0x3e, 0x5b, 0x3e,
    0x5b, 0x3e, 0x5b, 0x3e, 0x5b, 0x3e, 0x5b, 0x3e, 0x5b, 0x3e, 0x5b, 0x3e, 0x5b, 0x3e, 0x5b, 0x3e, 0x5b, 0x3e, 0x5b,
    0x3e, 0x5b, 0x3e, 0x5b, 0x3e, 0x5b, 0x3e, 0x5b, 0x3e, 0x5b, 0x3e, 0x5b, 0x3e, 0x5b, 0x3e, 0x5b, 0x3e, 0x5b, 0x3e,
    0x5b, 0x3e, 0x5b, 0x3e, 0x5b, 0x3e, 0x5b, 0x3e, 0x5b, 0x3e, 0x5b, 0x3e, 0x5b, 0x3e, 0x5b, 0x3e, 0x5b, 0x3e, 0x5b,
    0x3e, 0x5b, 0x3e, 0x5b, 0x3e, 0x5b, 0x3e, 0x5b, 0x3e, 0x5b, 0xa3, 0x10, 0xa3, 0x10, 0xa3, 0x10, 0xa3, 0x10, 0xa3,
    0x10, 0xa3, 0x10, 0xa3, 0x10, 0xa3, 0x10, 0xa3, 0x10, 0xa3, 0x10, 0xa3, 0x10, 0xa3, 0x10, 0xa3, 0x10, 0xa3, 0x10,
    0xa3, 0x10, 0xa3, 0x10, 0xa3, 0x10, 0xa3, 0x10, 0xa3, 0x10, 0xa3, 0x10, 0xa3, 0x10, 0xa3, 0x10, 0xa3, 0x10, 0xa3,
    0x10, 0xa3, 0x10, 0xa3, 0x10, 0xa3, 0x10, 0xa3, 0x10, 0xa3, 0x10, 0xa3, 0x10, 0xa3, 0x10, 0xa3, 0x10, 0xa3, 0x10,
    0xa3, 0x10, 0xa3, 0x10, 0xa3, 0x10, 0xa3, 0x10, 0xa3, 0x10, 0xa3, 0x10, 0xa3, 0x10, 0xa3, 0x10, 0xa3, 0x10, 0xa3,
    0x10, 0xa3, 0x10, 0xa3, 0x10, 0xa3, 0x10, 0xa3, 0x10, 0xa3, 0x10, 0xa3, 0x10, 0xa3, 0x10, 0xa3, 0x10, 0xa3, 0x10,
    0xa3, 0x10, 0xa3, 0x10, 0xa3, 0x10, 0xa3, 0x10, 0xa3, 0x10, 0xa3, 0x10, 0xa3, 0x10, 0xa3, 0x10, 0xa3, 0x10, 0xa3,
    0x10, 0xa3, 0x10, 0xa3, 0x10, 0xa3, 0x10, 0xa3, 0x10, 0xa3, 0x10, 0xa3, 0x10, 0xa3, 0x10, 0xa3, 0x10, 0xa3, 0x10,
    0xa3, 0x10, 0xa3, 0x10, 0xa3, 0x10, 0xa3, 0x10, 0xa3, 0x10, 0xa3, 0x10, 0xa3, 0x10, 0xf1, 0x31, 0xf1, 0x31, 0xf1,
    0x31, 0xf1, 0x31, 0xf1, 0x31, 0xf1, 0x31, 0xf1, 0x31, 0xf1, 0x31, 0xf1, 0x31, 0xf1, 0x31, 0xf1, 0x31, 0xf1, 0x31,
    0xf1, 0x31, 0xf1, 0x31, 0x3e, 0x5b, 0x3e, 0x5b, 0x3e, 0x5b, 0x3e, 0x5b, 0x3e, 0x5b, 0x3e, 0x5b, 0x3e, 0x5b, 0x3e,
    0x5b, 0x3e, 0x5b, 0x3e, 0x5b, 0x3e, 0x5b, 0x3e, 0x5b, 0x3e, 0x5b, 0x3e, 0x5b, 0x3e, 0x5b, 0x3e, 0x5b, 0x3e, 0x5b,
    0x3e, 0x5b, 0x3e, 0x5b, 0x3e, 0x5b, 0x3e, 0x5b, 0x3e, 0x5b, 0x3e, 0x5b, 0x3e, 0x5b, 0x3e, 0x5b, 0x3e, 0x5b, 0x3e,
    0x5b, 0x3e, 0x5b, 0x3e, 0x5b, 0x3e, 0x5b, 0x3e, 0x5b, 0x3e, 0x5b, 0x3e, 0x5b, 0x3e, 0x5b, 0x3e, 0x5b, 0x3e, 0x5b,
    0x3e, 0x5b, 0x3e, 0x5b, 0x3e, 0x5b, 0x3e, 0x5b, 0x3e, 0x5b, 0x3e, 0x5b, 0x3e, 0x5b, 0x3e, 0x5b, 0x3e, 0x5b, 0x3e,
    0x5b, 0x3e, 0x5b, 0x3e, 0x5b, 0x3e, 0x5b, 0x3e, 0x5b, 0x3e, 0x5b, 0x3e, 0x5b, 0x3e, 0x5b, 0x3e, 0x5b, 0x3e, 0x5b,
    0x3e, 0x5b, 0x3e, 0x5b, 0x3e, 0x5b, 0x3e, 0x5b, 0x3e, 0x5b, 0x3e, 0x5b, 0x3e, 0x5b, 0x3e, 0x5b, 0x3e, 0x5b, 0x3e,
    0x5b, 0x3e, 0x5b, 0x3e, 0x5b, 0x3e, 0x5b, 0x3e, 0x5b, 0x3e, 0x5b, 0x3e, 0x5b, 0x3e, 0x5b, 0x3e, 0x5b, 0x3e, 0x5b,
    0x3e, 0x5b, 0x3e, 0x5b, 0x3e, 0x5b, 0x3e, 0x5b, 0x3e, 0x5b, 0x3e, 0x5b, 0x3e, 0x5b, 0x3e, 0x5b, 0x3e, 0x5b, 0x3e,
    0x5b, 0x3e, 0x5b, 0x3e, 0x5b, 0x3e, 0x5b, 0x3e, 0x5b, 0x3e, 0x5b, 0x3e, 0x5b, 0x3e, 0x5b, 0x3e, 0x5b, 0x3e, 0x5b,
    0x3e, 0x5b, 0x3e, 0x5b, 0x3e, 0x5b, 0x3e, 0x5b, 0x3e, 0x5b, 0x3e, 0x5b, 0x3e, 0x5b, 0x3e, 0x5b, 0x3e, 0x5b, 0x3e,
    0x5b, 0x3e, 0x5b, 0x3e, 0x5b, 0x3e, 0x5b, 0x3e, 0x5b, 0x3e, 0x5b, 0xa3, 0x10, 0xa3, 0x10, 0xa3, 0x10, 0xa3, 0x10,
    0xa3, 0x10, 0xa3, 0x10, 0xa3, 0x10, 0xa3, 0x10, 0xa3, 0x10, 0xa3, 0x10, 0xa3, 0x10, 0xa3, 0x10, 0xa3, 0x10, 0xa3,
    0x10, 0xa3, 0x10, 0xa3, 0x10, 0xa3, 0x10, 0xa3, 0x10, 0xa3, 0x10, 0xa3, 0x10, 0xa3, 0x10, 0xa3, 0x10, 0xa3, 0x10,
    0xa3, 0x10, 0xa3, 0x10, 0xa3, 0x10, 0xa3, 0x10, 0xa3, 0x10, 0xa3, 0x10, 0xa3, 0x10, 0xa3, 0x10, 0xa3, 0x10, 0xa3,
    0x10, 0xa3, 0x10, 0xa3, 0x10, 0xa3, 0x10, 0xa3, 0x10, 0xa3, 0x10, 0xa3, 0x10, 0xa3, 0x10, 0xa3, 0x10, 0xa3, 0x10,
    0xa3, 0x10, 0xa3, 0x10, 0xa3, 0x10, 0xa3, 0x10, 0xa3, 0x10, 0xa3, 0x10, 0xa3, 0x10, 0xa3, 0x10, 0xa3, 0x10, 0xa3,
    0x10, 0xa3, 0x10, 0xa3, 0x10, 0xa3, 0x10, 0xa3, 0x10, 0xa3, 0x10, 0xa3, 0x10, 0xa3, 0x10, 0xa3, 0x10, 0xa3, 0x10,
    0xa3, 0x10, 0xa3, 0x10, 0xa3, 0x10, 0xa3, 0x10, 0xa3, 0x10, 0xa3, 0x10, 0xa3, 0x10, 0xa3, 0x10, 0xa3, 0x10, 0xa3,
    0x10, 0xa3, 0x10, 0xa3, 0x10, 0xa3, 0x10, 0xa3, 0x10, 0xa3, 0x10, 0xa3, 0x10, 0xa3, 0x10, 0xf1, 0x31, 0xf1, 0x31,
    0xf1, 0x31, 0xf1, 0x31, 0xf1, 0x31, 0xf1, 0x31, 0xf1, 0x31, 0xf1, 0x31, 0xf1, 0x31, 0xf1, 0x31, 0xf1, 0x31, 0xf1,
    0x31, 0xf1, 0x31, 0xf1, 0x31, 0x3e, 0x5b, 0x3e, 0x5b, 0x3e, 0x5b, 0x3e, 0x5b, 0x3e, 0x5b, 0x3e, 0x5b, 0x3e, 0x5b,
    0x3e, 0x5b, 0x3e, 0x5b, 0x3e, 0x5b, 0x3e, 0x5b, 0x3e, 0x5b, 0x3e, 0x5b, 0x3e, 0x5b, 0x3e, 0x5b, 0x3e, 0x5b, 0x3e,
    0x5b, 0x3e, 0x5b, 0x3e, 0x5b, 0x3e, 0x5b, 0x3e, 0x5b, 0x3e, 0x5b, 0x3e, 0x5b, 0x3e, 0x5b, 0x3e, 0x5b, 0x3e, 0x5b,
    0x3e, 0x5b, 0x3e, 0x5b, 0x3e, 0x5b, 0x3e, 0x5b, 0x3e, 0x5b, 0x3e, 0x5b, 0x3e, 0x5b, 0x3e, 0x5b, 0x3e, 0x5b, 0x3e,
    0x5b, 0x3e, 0x5b, 0x3e, 0x5b, 0x3e, 0x5b, 0x3e, 0x5b, 0x3e, 0x5b, 0x3e, 0x5b, 0x3e, 0x5b, 0x3e, 0x5b, 0x3e, 0x5b,
    0x3e, 0x5b, 0x3e, 0x5b, 0x3e, 0x5b, 0x3e, 0x5b, 0x3e, 0x5b, 0x3e, 0x5b, 0x3e, 0x5b, 0x3e, 0x5b, 0x3e, 0x5b, 0x3e,
    0x5b, 0x3e, 0x5b, 0x3e, 0x5b, 0x3e, 0x5b, 0x3e, 0x5b, 0x3e, 0x5b, 0x3e, 0x5b, 0x3e, 0x5b, 0x3e, 0x5b, 0x3e, 0x5b,
    0x3e, 0x5b, 0x3e, 0x5b, 0x3e, 0x5b, 0x3e, 0x5b, 0x3e, 0x5b, 0x3e, 0x5b, 0x3e, 0x5b, 0x3e, 0x5b, 0x3e, 0x5b, 0x3e,
    0x5b, 0x3e, 0x5b, 0x3e, 0x5b, 0x3e, 0x5b, 0x3e, 0x5b, 0x3e, 0x5b, 0x3e, 0x5b, 0x3e, 0x5b, 0x3e, 0x5b, 0x3e, 0x5b,
    0x3e, 0x5b, 0x3e, 0x5b, 0x3e, 0x5b, 0x3e, 0x5b, 0x3e, 0x5b, 0x3e, 0x5b, 0x3e, 0x5b, 0x3e, 0x5b, 0x3e, 0x5b, 0x3e,
    0x5b, 0x3e, 0x5b, 0x3e, 0x5b, 0x3e, 0x5b, 0x3e, 0x5b, 0x3e, 0x5b, 0x3e, 0x5b, 0x3e, 0x5b, 0x3e, 0x5b, 0x3e, 0x5b,
    0x3e, 0x5b, 0x3e, 0x5b, 0x3e, 0x5b, 0x3e, 0x5b, 0x3e, 0x5b, 0x3e, 0x5b, 0xa3, 0x10, 0xa3, 0x10, 0xa3, 0x10, 0xa3,
    0x10, 0xa3, 0x10, 0xa3, 0x10, 0xa3, 0x10, 0xa3, 0x10, 0xa3, 0x10, 0xa3, 0x10, 0xa3, 0x10, 0xa3, 0x10, 0xa3, 0x10,
    0xa3, 0x10, 0xa3, 0x10, 0xa3, 0x10, 0xa3, 0x10, 0xa3, 0x10, 0xa3, 0x10, 0xa3, 0x10, 0xa3, 0x10, 0xa3, 0x10, 0xa3,
    0x10, 0xa3, 0x10, 0xa3, 0x10, 0xa3, 0x10, 0xa3, 0x10, 0xa3, 0x10, 0xa3, 0x10, 0xa3, 0x10, 0xa3, 0x10, 0xa3, 0x10,
    0xa3, 0x10, 0xa3, 0x10, 0xa3, 0x10, 0xa3, 0x10, 0xa3, 0x10, 0xa3, 0x10, 0xa3, 0x10, 0xa3, 0x10, 0xa3, 0x10, 0xa3,
    0x10, 0xa3, 0x10, 0xa3, 0x10, 0xa3, 0x10, 0xa3, 0x10, 0xa3, 0x10, 0xa3, 0x10, 0xa3, 0x10, 0xa3, 0x10, 0xa3, 0x10,
    0xa3, 0x10, 0xa3, 0x10, 0xa3, 0x10, 0xa3, 0x10, 0xa3, 0x10, 0xa3, 0x10, 0xa3, 0x10, 0xa3, 0x10, 0xa3, 0x10, 0xa3,
    0x10, 0xa3, 0x10, 0xa3, 0x10, 0xa3, 0x10, 0xa3, 0x10, 0xa3, 0x10, 0xa3, 0x10, 0xa3, 0x10, 0xa3, 0x10, 0xa3, 0x10,
    0xa3, 0x10, 0xa3, 0x10, 0xa3, 0x10, 0xa3, 0x10, 0xa3, 0x10, 0xa3, 0x10, 0xa3, 0x10, 0xa3, 0x10, 0xf1, 0x31, 0xf1,
    0x31, 0xf1, 0x31, 0xf1, 0x31, 0xf1, 0x31, 0xf1, 0x31, 0xf1, 0x31, 0xf1, 0x31, 0xf1, 0x31, 0xf1, 0x31, 0xf1, 0x31,
    0xf1, 0x31, 0xf1, 0x31, 0xf1, 0x31, 0x3e, 0x5b, 0x3e, 0x5b, 0x3e, 0x5b, 0x3e, 0x5b, 0x3e, 0x5b, 0x3e, 0x5b, 0x3e,
    0x5b, 0x3e, 0x5b, 0x3e, 0x5b, 0x3e, 0x5b, 0x3e, 0x5b, 0x3e, 0x5b, 0x3e, 0x5b, 0x3e, 0x5b, 0x3e, 0x5b, 0x3e, 0x5b,
    0x3e, 0x5b, 0x3e, 0x5b, 0x3e, 0x5b, 0x3e, 0x5b, 0x3e, 0x5b, 0x3e, 0x5b, 0x3e, 0x5b, 0x3e, 0x5b, 0x3e, 0x5b, 0x3e,
    0x5b, 0x3e, 0x5b, 0x3e, 0x5b, 0x3e, 0x5b, 0x3e, 0x5b, 0x3e, 0x5b, 0x3e, 0x5b, 0x3e, 0x5b, 0x3e, 0x5b, 0x3e, 0x5b,
    0x3e, 0x5b, 0x3e, 0x5b, 0x3e, 0x5b, 0x3e, 0x5b, 0x3e, 0x5b, 0x3e, 0x5b, 0x3e, 0x5b, 0x3e, 0x5b, 0x3e, 0x5b, 0x3e,
    0x5b, 0x3e, 0x5b, 0x3e, 0x5b, 0x3e, 0x5b, 0x3e, 0x5b, 0x3e, 0x5b, 0x3e, 0x5b, 0x3e, 0x5b, 0x3e, 0x5b, 0x3e, 0x5b,
    0x3e, 0x5b, 0x3e, 0x5b, 0x3e, 0x5b, 0x3e, 0x5b, 0x3e, 0x5b, 0x3e, 0x5b, 0x3e, 0x5b, 0x3e, 0x5b, 0x3e, 0x5b, 0x3e,
    0x5b, 0x3e, 0x5b, 0x3e, 0x5b, 0x3e, 0x5b, 0x3e, 0x5b, 0x3e, 0x5b, 0x3e, 0x5b, 0x3e, 0x5b, 0x3e, 0x5b, 0x3e, 0x5b,
    0x3e, 0x5b, 0x3e, 0x5b, 0x3e, 0x5b, 0x3e, 0x5b, 0x3e, 0x5b, 0x3e, 0x5b, 0x3e, 0x5b, 0x3e, 0x5b, 0x3e, 0x5b, 0x3e,
    0x5b, 0x3e, 0x5b, 0x3e, 0x5b, 0x3e, 0x5b, 0x3e, 0x5b, 0x3e, 0x5b, 0x3e, 0x5b, 0x3e, 0x5b, 0x3e, 0x5b, 0x3e, 0x5b,
    0x3e, 0x5b, 0x3e, 0x5b, 0x3e, 0x5b, 0x3e, 0x5b, 0x3e, 0x5b, 0x3e, 0x5b, 0x3e, 0x5b, 0x3e, 0x5b, 0x3e, 0x5b, 0x3e,
    0x5b, 0x3e, 0x5b, 0x3e, 0x5b, 0x3e, 0x5b, 0x3e, 0x5b, 0x3e, 0x5b, 0x3e, 0x5b, 0xa3, 0x10, 0xa3, 0x10, 0xa3, 0x10,
    0xa3, 0x10, 0xa3, 0x10, 0xa3, 0x10, 0xa3, 0x10, 0xa3, 0x10, 0xa3, 0x10, 0xa3, 0x10, 0xa3, 0x10, 0xa3, 0x10, 0xa3,
    0x10, 0xa3, 0x10, 0xa3, 0x10, 0xa3, 0x10, 0xa3, 0x10, 0xa3, 0x10, 0xa3, 0x10, 0xa3, 0x10, 0xa3, 0x10, 0xa3, 0x10,
    0xa3, 0x10, 0xa3, 0x10, 0xa3, 0x10, 0xa3, 0x10, 0xa3, 0x10, 0xa3, 0x10, 0xa3, 0x10, 0xa3, 0x10, 0xa3, 0x10, 0xa3,
    0x10, 0xa3, 0x10, 0xa3, 0x10, 0xa3, 0x10, 0xa3, 0x10, 0xa3, 0x10, 0xa3, 0x10, 0xa3, 0x10, 0xa3, 0x10, 0xa3, 0x10,
    0xa3, 0x10, 0xa3, 0x10, 0xa3, 0x10, 0xa3, 0x10, 0xa3, 0x10, 0xa3, 0x10, 0xa3, 0x10, 0xa3, 0x10, 0xa3, 0x10, 0xa3,
    0x10, 0xa3, 0x10, 0xa3, 0x10, 0xa3, 0x10, 0xa3, 0x10, 0xa3, 0x10, 0xa3, 0x10, 0xa3, 0x10, 0xa3, 0x10, 0xa3, 0x10,
    0xa3, 0x10, 0xa3, 0x10, 0xa3, 0x10, 0xa3, 0x10, 0xa3, 0x10, 0xa3, 0x10, 0xa3, 0x10, 0xa3, 0x10, 0xa3, 0x10, 0xa3,
    0x10, 0xa3, 0x10, 0xa3, 0x10, 0xa3, 0x10, 0xa3, 0x10, 0xa3, 0x10, 0xa3, 0x10, 0xa3, 0x10, 0xa3, 0x10, 0xf1, 0x31,
    0xf1, 0x31, 0xf1, 0x31, 0xf1, 0x31, 0xf1, 0x31, 0xf1, 0x31, 0xf1, 0x31, 0xf1, 0x31, 0xf1, 0x31, 0xf1, 0x31, 0xf1,
    0x31, 0xf1, 0x31, 0xf1, 0x31, 0xf1, 0x31, 0x3e, 0x5b, 0x3e, 0x5b, 0x3e, 0x5b, 0x3e, 0x5b, 0x3e, 0x5b, 0x3e, 0x5b,
    0x3e, 0x5b, 0x3e, 0x5b, 0x3e, 0x5b, 0x3e, 0x5b, 0x3e, 0x5b, 0x3e, 0x5b, 0x3e, 0x5b, 0x3e, 0x5b, 0x3e, 0x5b, 0x3e,
    0x5b, 0x3e, 0x5b, 0x3e, 0x5b, 0x3e, 0x5b, 0x3e, 0x5b, 0x3e, 0x5b, 0x3e, 0x5b, 0x3e, 0x5b, 0x3e, 0x5b, 0x3e, 0x5b,
    0x3e, 0x5b, 0x3e, 0x5b, 0x3e, 0x5b, 0x3e, 0x5b, 0x3e, 0x5b, 0x3e, 0x5b, 0x3e, 0x5b, 0x3e, 0x5b, 0x3e, 0x5b, 0x3e,
    0x5b, 0x3e, 0x5b, 0x3e, 0x5b, 0x3e, 0x5b, 0x3e, 0x5b, 0x3e, 0x5b, 0x3e, 0x5b, 0x3e, 0x5b, 0x3e, 0x5b, 0x3e, 0x5b,
    0x3e, 0x5b, 0x3e, 0x5b, 0x3e, 0x5b, 0x3e, 0x5b, 0x3e, 0x5b, 0x3e, 0x5b, 0x3e, 0x5b, 0x3e, 0x5b, 0x3e, 0x5b, 0x3e,
    0x5b, 0x3e, 0x5b, 0x3e, 0x5b, 0x3e, 0x5b, 0x3e, 0x5b, 0x3e, 0x5b, 0x3e, 0x5b, 0x3e, 0x5b, 0x3e, 0x5b, 0x3e, 0x5b,
    0x3e, 0x5b, 0x3e, 0x5b, 0x3e, 0x5b, 0x3e, 0x5b, 0x3e, 0x5b, 0x3e, 0x5b, 0x3e, 0x5b, 0x3e, 0x5b, 0x3e, 0x5b, 0x3e,
    0x5b, 0x3e, 0x5b, 0x3e, 0x5b, 0x3e, 0x5b, 0x3e, 0x5b, 0x3e, 0x5b, 0x3e, 0x5b, 0x3e, 0x5b, 0x3e, 0x5b, 0x3e, 0x5b,
    0x3e, 0x5b, 0x3e, 0x5b, 0x3e, 0x5b, 0x3e, 0x5b, 0x3e, 0x5b, 0x3e, 0x5b, 0x3e, 0x5b, 0x3e, 0x5b, 0x3e, 0x5b, 0x3e,
    0x5b, 0x3e, 0x5b, 0x3e, 0x5b, 0x3e, 0x5b, 0x3e, 0x5b, 0x3e, 0x5b, 0x3e, 0x5b, 0x3e, 0x5b, 0x3e, 0x5b, 0x3e, 0x5b,
    0x3e, 0x5b, 0x3e, 0x5b, 0x3e, 0x5b, 0x3e, 0x5b, 0x3e, 0x5b, 0x3e, 0x5b, 0x3e, 0x5b, 0xa3, 0x10, 0xa3, 0x10, 0xa3,
    0x10, 0xa3, 0x10, 0xa3, 0x10, 0xa3, 0x10, 0xa3, 0x10, 0xa3, 0x10, 0xa3, 0x10, 0xa3, 0x10, 0xa3, 0x10, 0xa3, 0x10,
    0xa3, 0x10, 0xa3, 0x10, 0xa3, 0x10, 0xa3, 0x10, 0xa3, 0x10, 0xa3, 0x10, 0xa3, 0x10, 0xa3, 0x10, 0xa3, 0x10, 0xa3,
    0x10, 0xa3, 0x10, 0xa3, 0x10, 0xa3, 0x10, 0xa3, 0x10, 0xa3, 0x10, 0xa3, 0x10, 0xa3, 0x10, 0xa3, 0x10, 0xa3, 0x10,
    0xa3, 0x10, 0xa3, 0x10, 0xa3, 0x10, 0xa3, 0x10, 0xa3, 0x10, 0xa3, 0x10, 0xa3, 0x10, 0xa3, 0x10, 0xa3, 0x10, 0xa3,
    0x10, 0xa3, 0x10, 0xa3, 0x10, 0xa3, 0x10, 0xa3, 0x10, 0xa3, 0x10, 0xa3, 0x10, 0xa3, 0x10, 0xa3, 0x10, 0xa3, 0x10,
    0xa3, 0x10, 0xa3, 0x10, 0xa3, 0x10, 0xa3, 0x10, 0xa3, 0x10, 0xa3, 0x10, 0xa3, 0x10, 0xa3, 0x10, 0xa3, 0x10, 0xa3,
    0x10, 0xa3, 0x10, 0xa3, 0x10, 0xa3, 0x10, 0xa3, 0x10, 0xa3, 0x10, 0xa3, 0x10, 0xa3, 0x10, 0xa3, 0x10, 0xa3, 0x10,
    0xa3, 0x10, 0xa3, 0x10, 0xa3, 0x10, 0xa3, 0x10, 0xa3, 0x10, 0xa3, 0x10, 0xa3, 0x10, 0xa3, 0x10, 0xa3, 0x10, 0xf1,
    0x31, 0xf1, 0x31, 0xf1, 0x31, 0xf1, 0x31, 0xf1, 0x31, 0xf1, 0x31, 0xf1, 0x31, 0xf1, 0x31, 0xf1, 0x31, 0xf1, 0x31,
    0xf1, 0x31, 0xf1, 0x31, 0xf1, 0x31, 0xf1, 0x31, 0x3e, 0x5b, 0x3e, 0x5b, 0x3e, 0x5b, 0x3e, 0x5b, 0x3e, 0x5b, 0x3e,
    0x5b, 0x3e, 0x5b, 0x3e, 0x5b, 0x3e, 0x5b, 0x3e, 0x5b, 0x3e, 0x5b, 0x3e, 0x5b, 0x3e, 0x5b, 0x3e, 0x5b, 0x3e, 0x5b,
    0x3e, 0x5b, 0x3e, 0x5b, 0x3e, 0x5b, 0x3e, 0x5b, 0x3e, 0x5b, 0x3e, 0x5b, 0x3e, 0x5b, 0x3e, 0x5b, 0x3e, 0x5b, 0x3e,
    0x5b, 0x3e, 0x5b, 0x3e, 0x5b, 0x3e, 0x5b, 0x3e, 0x5b, 0x3e, 0x5b, 0x3e, 0x5b, 0x3e, 0x5b, 0x3e, 0x5b, 0x3e, 0x5b,
    0x3e, 0x5b, 0x3e, 0x5b, 0x3e, 0x5b, 0x3e, 0x5b, 0x3e, 0x5b, 0x3e, 0x5b, 0x3e, 0x5b, 0x3e, 0x5b, 0x3e, 0x5b, 0x3e,
    0x5b, 0x3e, 0x5b, 0x3e, 0x5b, 0x3e, 0x5b, 0x3e, 0x5b, 0x3e, 0x5b, 0x3e, 0x5b, 0x3e, 0x5b, 0x3e, 0x5b, 0x3e, 0x5b,
    0x3e, 0x5b, 0x3e, 0x5b, 0x3e, 0x5b, 0x3e, 0x5b, 0x3e, 0x5b, 0x3e, 0x5b, 0x3e, 0x5b, 0x3e, 0x5b, 0x3e, 0x5b, 0x3e,
    0x5b, 0x3e, 0x5b, 0x3e, 0x5b, 0x3e, 0x5b, 0x3e, 0x5b, 0x3e, 0x5b, 0x3e, 0x5b, 0x3e, 0x5b, 0x3e, 0x5b, 0x3e, 0x5b,
    0x3e, 0x5b, 0x3e, 0x5b, 0x3e, 0x5b, 0x3e, 0x5b, 0x3e, 0x5b, 0x3e, 0x5b, 0x3e, 0x5b, 0x3e, 0x5b, 0x3e, 0x5b, 0x3e,
    0x5b, 0x3e, 0x5b, 0x3e, 0x5b, 0x3e, 0x5b, 0x3e, 0x5b, 0x3e, 0x5b, 0x3e, 0x5b, 0x3e, 0x5b, 0x3e, 0x5b, 0x3e, 0x5b,
    0x3e, 0x5b, 0x3e, 0x5b, 0x3e, 0x5b, 0x3e, 0x5b, 0x3e, 0x5b, 0x3e, 0x5b, 0x3e, 0x5b, 0x3e, 0x5b, 0x3e, 0x5b, 0x3e,
    0x5b, 0x3e, 0x5b, 0x3e, 0x5b, 0x3e, 0x5b, 0x3e, 0x5b, 0x3e, 0x5b, 0x3e, 0x5b, 0x3e, 0x5b, 0xa3, 0x10, 0xa3, 0x10,
    0xa3, 0x10, 0xa3, 0x10, 0xa3, 0x10, 0xa3, 0x10, 0xa3, 0x10, 0xa3, 0x10, 0xa3, 0x10, 0xa3, 0x10, 0xa3, 0x10, 0xa3,
    0x10, 0xa3, 0x10, 0xa3, 0x10, 0xa3, 0x10, 0xa3, 0x10, 0xa3, 0x10, 0xa3, 0x10, 0xa3, 0x10, 0xa3, 0x10, 0xa3, 0x10,
    0xa3, 0x10, 0xa3, 0x10, 0xa3, 0x10, 0xa3, 0x10, 0xa3, 0x10, 0xa3, 0x10, 0xa3, 0x10, 0xa3, 0x10, 0xa3, 0x10, 0xa3,
    0x10, 0xa3, 0x10, 0xa3, 0x10, 0xa3, 0x10, 0xa3, 0x10, 0xa3, 0x10, 0xa3, 0x10, 0xa3, 0x10, 0xa3, 0x10, 0xa3, 0x10,
    0xa3, 0x10, 0xa3, 0x10, 0xa3, 0x10, 0xa3, 0x10, 0xa3, 0x10, 0xa3, 0x10, 0xa3, 0x10, 0xa3, 0x10, 0xa3, 0x10, 0xa3,
    0x10, 0xa3, 0x10, 0xa3, 0x10, 0xa3, 0x10, 0xa3, 0x10, 0xa3, 0x10, 0xa3, 0x10, 0xa3, 0x10, 0xa3, 0x10, 0xa3, 0x10,
    0xa3, 0x10, 0xa3, 0x10, 0xa3, 0x10, 0xa3, 0x10, 0xa3, 0x10, 0xa3, 0x10, 0xa3, 0x10, 0xa3, 0x10, 0xa3, 0x10, 0xa3,
    0x10, 0xa3, 0x10, 0xa3, 0x10, 0xa3, 0x10, 0xa3, 0x10, 0xa3, 0x10, 0xa3, 0x10, 0xa3, 0x10, 0xa3, 0x10, 0xa3, 0x10,
    0xf1, 0x31, 0xf1, 0x31, 0xf1, 0x31, 0xf1, 0x31, 0xf1, 0x31, 0xf1, 0x31, 0xf1, 0x31, 0xf1, 0x31, 0xf1, 0x31, 0xf1,
    0x31, 0xf1, 0x31, 0xf1, 0x31, 0xf1, 0x31, 0xf1, 0x31, 0x3e, 0x5b, 0x3e, 0x5b, 0x3e, 0x5b, 0x3e, 0x5b, 0x3e, 0x5b,
    0x3e, 0x5b, 0x3e, 0x5b, 0x3e, 0x5b, 0x3e, 0x5b, 0x3e, 0x5b, 0x3e, 0x5b, 0x3e, 0x5b, 0x3e, 0x5b, 0x3e, 0x5b, 0x3e,
    0x5b, 0x3e, 0x5b, 0x3e, 0x5b, 0x3e, 0x5b, 0x3e, 0x5b, 0x3e, 0x5b, 0x3e, 0x5b, 0x3e, 0x5b, 0x3e, 0x5b, 0x3e, 0x5b,
    0x3e, 0x5b, 0x3e, 0x5b, 0x3e, 0x5b, 0x3e, 0x5b, 0x3e, 0x5b, 0x3e, 0x5b, 0x3e, 0x5b, 0x3e, 0x5b, 0x3e, 0x5b, 0x3e,
    0x5b, 0x3e, 0x5b, 0x3e, 0x5b, 0x3e, 0x5b, 0x3e, 0x5b, 0x3e, 0x5b, 0x3e, 0x5b, 0x3e, 0x5b, 0x3e, 0x5b, 0x3e, 0x5b,
    0x3e, 0x5b, 0x3e, 0x5b, 0x3e, 0x5b, 0x3e, 0x5b, 0x3e, 0x5b, 0x3e, 0x5b, 0x3e, 0x5b, 0x3e, 0x5b, 0x3e, 0x5b, 0x3e,
    0x5b, 0x3e, 0x5b, 0x3e, 0x5b, 0x3e, 0x5b, 0x3e, 0x5b, 0x3e, 0x5b, 0x3e, 0x5b, 0x3e, 0x5b, 0x3e, 0x5b, 0x3e, 0x5b,
    0x3e, 0x5b, 0x3e, 0x5b, 0x3e, 0x5b, 0x3e, 0x5b, 0x3e, 0x5b, 0x3e, 0x5b, 0x3e, 0x5b, 0x3e, 0x5b, 0x3e, 0x5b, 0x3e,
    0x5b, 0x3e, 0x5b, 0x3e, 0x5b, 0x3e, 0x5b, 0x3e, 0x5b, 0x3e, 0x5b, 0x3e, 0x5b, 0x3e, 0x5b, 0x3e, 0x5b, 0x3e, 0x5b,
    0x3e, 0x5b, 0x3e, 0x5b, 0x3e, 0x5b, 0x3e, 0x5b, 0x3e, 0x5b, 0x3e, 0x5b, 0x3e, 0x5b, 0x3e, 0x5b, 0x3e, 0x5b, 0x3e,
    0x5b, 0x3e, 0x5b, 0x3e, 0x5b, 0x3e, 0x5b, 0x3e, 0x5b, 0x3e, 0x5b, 0x3e, 0x5b, 0x3e, 0x5b, 0x3e, 0x5b, 0x3e, 0x5b,
    0x3e, 0x5b, 0x3e, 0x5b, 0x3e, 0x5b, 0x3e, 0x5b, 0x3e, 0x5b, 0x3e, 0x5b, 0x3e, 0x5b, 0x3e, 0x5b, 0xa3, 0x10, 0xa3,
    0x10, 0xa3, 0x10, 0xa3, 0x10, 0xa3, 0x10, 0xa3, 0x10, 0xa3, 0x10, 0xa3, 0x10, 0xa3, 0x10, 0xa3, 0x10, 0xa3, 0x10,
    0xa3, 0x10, 0xa3, 0x10, 0xa3, 0x10, 0xa3, 0x10, 0xa3, 0x10, 0xa3, 0x10, 0xa3, 0x10, 0xa3, 0x10, 0xa3, 0x10, 0xa3,
    0x10, 0xa3, 0x10, 0xa3, 0x10, 0xa3, 0x10, 0xa3, 0x10, 0xa3, 0x10, 0xa3, 0x10, 0xa3, 0x10, 0xa3, 0x10, 0xa3, 0x10,
    0xa3, 0x10, 0xa3, 0x10, 0xa3, 0x10, 0xa3, 0x10, 0xa3, 0x10, 0xa3, 0x10, 0xa3, 0x10, 0xa3, 0x10, 0xa3, 0x10, 0xa3,
    0x10, 0xa3, 0x10, 0xa3, 0x10, 0xa3, 0x10, 0xa3, 0x10, 0xa3, 0x10, 0xa3, 0x10, 0xa3, 0x10, 0xa3, 0x10, 0xa3, 0x10,
    0xa3, 0x10, 0xa3, 0x10, 0xa3, 0x10, 0xa3, 0x10, 0xa3, 0x10, 0xa3, 0x10, 0xa3, 0x10, 0xa3, 0x10, 0xa3, 0x10, 0xa3,
    0x10, 0xa3, 0x10, 0xa3, 0x10, 0xa3, 0x10, 0xa3, 0x10, 0xa3, 0x10, 0xa3, 0x10, 0xa3, 0x10, 0xa3, 0x10, 0xa3, 0x10,
    0xa3, 0x10, 0xa3, 0x10, 0xa3, 0x10, 0xa3, 0x10, 0xa3, 0x10, 0xa3, 0x10, 0xa3, 0x10, 0xa3, 0x10, 0xa3, 0x10, 0xa3,
    0x10, 0xf1, 0x31, 0xf1, 0x31, 0xf1, 0x31, 0xf1, 0x31, 0xf1, 0x31, 0xf1, 0x31, 0xf1, 0x31, 0xf1, 0x31, 0xf1, 0x31,
    0xf1, 0x31, 0xf1, 0x31, 0xf1, 0x31, 0xf1, 0x31, 0xf1, 0x31, 0x3e, 0x5b, 0x3e, 0x5b, 0x3e, 0x5b, 0x3e, 0x5b, 0x3e,
    0x5b, 0x3e, 0x5b, 0x3e, 0x5b, 0x3e, 0x5b, 0x3e, 0x5b, 0x3e, 0x5b, 0x3e, 0x5b, 0x3e, 0x5b, 0x3e, 0x5b, 0x3e, 0x5b,
    0x3e, 0x5b, 0x3e, 0x5b, 0x3e, 0x5b, 0x3e, 0x5b, 0x3e, 0x5b, 0x3e, 0x5b, 0x3e, 0x5b, 0x3e, 0x5b, 0x3e, 0x5b, 0x3e,
    0x5b, 0x3e, 0x5b, 0x3e, 0x5b, 0x3e, 0x5b, 0x3e, 0x5b, 0x3e, 0x5b, 0x3e, 0x5b, 0x3e, 0x5b, 0x3e, 0x5b, 0x3e, 0x5b,
    0x3e, 0x5b, 0x3e, 0x5b, 0x3e, 0x5b, 0x3e, 0x5b, 0x3e, 0x5b, 0x3e, 0x5b, 0x3e, 0x5b, 0x3e, 0x5b, 0x3e, 0x5b, 0x3e,
    0x5b, 0x3e, 0x5b, 0x3e, 0x5b, 0x3e, 0x5b, 0x3e, 0x5b, 0x3e, 0x5b, 0x3e, 0x5b, 0x3e, 0x5b, 0x3e, 0x5b, 0x3e, 0x5b,
    0x3e, 0x5b, 0x3e, 0x5b, 0x3e, 0x5b, 0x3e, 0x5b, 0x3e, 0x5b, 0x3e, 0x5b, 0x3e, 0x5b, 0x3e, 0x5b, 0x3e, 0x5b, 0x3e,
    0x5b, 0x3e, 0x5b, 0x3e, 0x5b, 0x3e, 0x5b, 0x3e, 0x5b, 0x3e, 0x5b, 0x3e, 0x5b, 0x3e, 0x5b, 0x3e, 0x5b, 0x3e, 0x5b,
    0x3e, 0x5b, 0x3e, 0x5b, 0x3e, 0x5b, 0x3e, 0x5b, 0x3e, 0x5b, 0x3e, 0x5b, 0x3e, 0x5b, 0x3e, 0x5b, 0x3e, 0x5b, 0x3e,
    0x5b, 0x3e, 0x5b, 0x3e, 0x5b, 0x3e, 0x5b, 0x3e, 0x5b, 0x3e, 0x5b, 0x3e, 0x5b, 0x3e, 0x5b, 0x3e, 0x5b, 0x3e, 0x5b,
    0x3e, 0x5b, 0x3e, 0x5b, 0x3e, 0x5b, 0x3e, 0x5b, 0x3e, 0x5b, 0x3e, 0x5b, 0x3e, 0x5b, 0x3e, 0x5b, 0x3e, 0x5b, 0x3e,
    0x5b, 0x3e, 0x5b, 0x3e, 0x5b, 0x3e, 0x5b, 0x3e, 0x5b, 0x3e, 0x5b, 0x3e, 0x5b, 0x3e, 0x5b, 0x3e, 0x5b, 0xa3, 0x10,
    0xa3, 0x10, 0xa3, 0x10, 0xa3, 0x10, 0xa3, 0x10, 0xa3, 0x10, 0xa3, 0x10, 0xa3, 0x10, 0xa3, 0x10, 0xa3, 0x10, 0xa3,
    0x10, 0xa3, 0x10, 0xa3, 0x10, 0xa3, 0x10, 0xa3, 0x10, 0xa3, 0x10, 0xa3, 0x10, 0xa3, 0x10, 0xa3, 0x10, 0xa3, 0x10,
    0xa3, 0x10, 0xa3, 0x10, 0xa3, 0x10, 0xa3, 0x10, 0xa3, 0x10, 0xa3, 0x10, 0xa3, 0x10, 0xa3, 0x10, 0xa3, 0x10, 0xa3,
    0x10, 0xa3, 0x10, 0xa3, 0x10, 0xa3, 0x10, 0xa3, 0x10, 0xa3, 0x10, 0xa3, 0x10, 0xa3, 0x10, 0xa3, 0x10, 0xa3, 0x10,
    0xa3, 0x10, 0xa3, 0x10, 0xa3, 0x10, 0xa3, 0x10, 0xa3, 0x10, 0xa3, 0x10, 0xa3, 0x10, 0xa3, 0x10, 0xa3, 0x10, 0xa3,
    0x10, 0xa3, 0x10, 0xa3, 0x10, 0xa3, 0x10, 0xa3, 0x10, 0xa3, 0x10, 0xa3, 0x10, 0xa3, 0x10, 0xa3, 0x10, 0xa3, 0x10,
    0xa3, 0x10, 0xa3, 0x10, 0xa3, 0x10, 0xa3, 0x10, 0xa3, 0x10, 0xa3, 0x10, 0xa3, 0x10, 0xa3, 0x10, 0xa3, 0x10, 0xa3,
    0x10, 0xa3, 0x10, 0xa3, 0x10, 0xa3, 0x10, 0xa3, 0x10, 0xa3, 0x10, 0xa3, 0x10, 0xa3, 0x10, 0xa3, 0x10, 0xa3, 0x10,
    0xa3, 0x10, 0xf1, 0x31, 0xf1, 0x31, 0xf1, 0x31, 0xf1, 0x31, 0xf1, 0x31, 0xf1, 0x31, 0xf1, 0x31, 0xf1, 0x31, 0xf1,
    0x31, 0xf1, 0x31, 0xf1, 0x31, 0xf1, 0x31, 0xf1, 0x31, 0xf1, 0x31, 0x3e, 0x5b, 0x3e, 0x5b, 0x3e, 0x5b, 0x3e, 0x5b,
    0x3e, 0x5b, 0x3e, 0x5b, 0x3e, 0x5b, 0x3e, 0x5b, 0x3e, 0x5b, 0x3e, 0x5b, 0x3e, 0x5b, 0x3e, 0x5b, 0x3e, 0x5b, 0x3e,
    0x5b, 0x3e, 0x5b, 0x3e, 0x5b, 0x3e, 0x5b, 0x3e, 0x5b, 0x3e, 0x5b, 0x3e, 0x5b, 0x3e, 0x5b, 0x3e, 0x5b, 0x3e, 0x5b,
    0x3e, 0x5b, 0x3e, 0x5b, 0x3e, 0x5b, 0x3e, 0x5b, 0x3e, 0x5b, 0x3e, 0x5b, 0x3e, 0x5b, 0x3e, 0x5b, 0x3e, 0x5b, 0x3e,
    0x5b, 0x3e, 0x5b, 0x3e, 0x5b, 0x3e, 0x5b, 0x3e, 0x5b, 0x3e, 0x5b, 0x3e, 0x5b, 0x3e, 0x5b, 0x3e, 0x5b, 0x3e, 0x5b,
    0x3e, 0x5b, 0x3e, 0x5b, 0x3e, 0x5b, 0x3e, 0x5b, 0x3e, 0x5b, 0x3e, 0x5b, 0x3e, 0x5b, 0x3e, 0x5b, 0x3e, 0x5b, 0x3e,
    0x5b, 0x3e, 0x5b, 0x3e, 0x5b, 0x3e, 0x5b, 0x3e, 0x5b, 0x3e, 0x5b, 0x3e, 0x5b, 0x3e, 0x5b, 0x3e, 0x5b, 0x3e, 0x5b,
    0x3e, 0x5b, 0x3e, 0x5b, 0x3e, 0x5b, 0x3e, 0x5b, 0x3e, 0x5b, 0x3e, 0x5b, 0x3e, 0x5b, 0x3e, 0x5b, 0x3e, 0x5b, 0x3e,
    0x5b, 0x3e, 0x5b, 0x3e, 0x5b, 0x3e, 0x5b, 0x3e, 0x5b, 0x3e, 0x5b, 0x3e, 0x5b, 0x3e, 0x5b, 0x3e, 0x5b, 0x3e, 0x5b,
    0x3e, 0x5b, 0x3e, 0x5b, 0x3e, 0x5b, 0x3e, 0x5b, 0x3e, 0x5b, 0x3e, 0x5b, 0x3e, 0x5b, 0x3e, 0x5b, 0x3e, 0x5b, 0x3e,
    0x5b, 0x3e, 0x5b, 0x3e, 0x5b, 0x3e, 0x5b, 0x3e, 0x5b, 0x3e, 0x5b, 0x3e, 0x5b, 0x3e, 0x5b, 0x3e, 0x5b, 0x3e, 0x5b,
    0x3e, 0x5b, 0x3e, 0x5b, 0x3e, 0x5b, 0x3e, 0x5b, 0x3e, 0x5b, 0x3e, 0x5b, 0x3e, 0x5b, 0x3e, 0x5b, 0x3e, 0x5b, 0xa3,
    0x10, 0xa3, 0x10, 0xa3, 0x10, 0xa3, 0x10, 0xa3, 0x10, 0xa3, 0x10, 0xa3, 0x10, 0xa3, 0x10, 0xa3, 0x10, 0xa3, 0x10,
    0xa3, 0x10, 0xa3, 0x10, 0xa3, 0x10, 0xa3, 0x10, 0xa3, 0x10, 0xa3, 0x10, 0xa3, 0x10, 0xa3, 0x10, 0xa3, 0x10, 0xa3,
    0x10, 0xa3, 0x10, 0xa3, 0x10, 0xa3, 0x10, 0xa3, 0x10, 0xa3, 0x10, 0xa3, 0x10, 0xa3, 0x10, 0xa3, 0x10, 0xa3, 0x10,
    0xa3, 0x10, 0xa3, 0x10, 0xa3, 0x10, 0xa3, 0x10, 0xa3, 0x10, 0xa3, 0x10, 0xa3, 0x10, 0xa3, 0x10, 0xa3, 0x10, 0xa3,
    0x10, 0xa3, 0x10, 0xa3, 0x10, 0xa3, 0x10, 0xa3, 0x10, 0xa3, 0x10, 0xa3, 0x10, 0xa3, 0x10, 0xa3, 0x10, 0xa3, 0x10,
    0xa3, 0x10, 0xa3, 0x10, 0xa3, 0x10, 0xa3, 0x10, 0xa3, 0x10, 0xa3, 0x10, 0xa3, 0x10, 0xa3, 0x10, 0xa3, 0x10, 0xa3,
    0x10, 0xa3, 0x10, 0xa3, 0x10, 0xa3, 0x10, 0xa3, 0x10, 0xa3, 0x10, 0xa3, 0x10, 0xa3, 0x10, 0xa3, 0x10, 0xa3, 0x10,
    0xa3, 0x10, 0xa3, 0x10, 0xa3, 0x10, 0xa3, 0x10, 0xa3, 0x10, 0xa3, 0x10, 0xa3, 0x10, 0xa3, 0x10, 0xa3, 0x10, 0xa3,
    0x10, 0xa3, 0x10, 0xf1, 0x31, 0xf1, 0x31, 0xf1, 0x31, 0xf1, 0x31, 0xf1, 0x31, 0xf1, 0x31, 0xf1, 0x31, 0xf1, 0x31,
    0xf1, 0x31, 0xf1, 0x31, 0xf1, 0x31, 0xf1, 0x31, 0xf1, 0x31, 0xf1, 0x31, 0x3e, 0x5b, 0x3e, 0x5b, 0x3e, 0x5b, 0x3e,
    0x5b, 0x3e, 0x5b, 0x3e, 0x5b, 0x3e, 0x5b, 0x3e, 0x5b, 0x3e, 0x5b, 0x3e, 0x5b, 0x3e, 0x5b, 0x3e, 0x5b, 0x3e, 0x5b,
    0x3e, 0x5b, 0x3e, 0x5b, 0x3e, 0x5b, 0x3e, 0x5b, 0x3e, 0x5b, 0x3e, 0x5b, 0x3e, 0x5b, 0x3e, 0x5b, 0x3e, 0x5b, 0x3e,
    0x5b, 0x3e, 0x5b, 0x3e, 0x5b, 0x3e, 0x5b, 0x3e, 0x5b, 0x3e, 0x5b, 0x3e, 0x5b, 0x3e, 0x5b, 0x3e, 0x5b, 0x3e, 0x5b,
    0x3e, 0x5b, 0x3e, 0x5b, 0x3e, 0x5b, 0x3e, 0x5b, 0x3e, 0x5b, 0x3e, 0x5b, 0x3e, 0x5b, 0x3e, 0x5b, 0x3e, 0x5b, 0x3e,
    0x5b, 0x3e, 0x5b, 0x3e, 0x5b, 0x3e, 0x5b, 0x3e, 0x5b, 0x3e, 0x5b, 0x3e, 0x5b, 0x3e, 0x5b, 0x3e, 0x5b, 0x3e, 0x5b,
    0x3e, 0x5b, 0x3e, 0x5b, 0x3e, 0x5b, 0x3e, 0x5b, 0x3e, 0x5b, 0x3e, 0x5b, 0x3e, 0x5b, 0x3e, 0x5b, 0x3e, 0x5b, 0x3e,
    0x5b, 0x3e, 0x5b, 0x3e, 0x5b, 0x3e, 0x5b, 0x3e, 0x5b, 0x3e, 0x5b, 0x3e, 0x5b, 0x3e, 0x5b, 0x3e, 0x5b, 0x3e, 0x5b,
    0x3e, 0x5b, 0x3e, 0x5b, 0x3e, 0x5b, 0x3e, 0x5b, 0x3e, 0x5b, 0x3e, 0x5b, 0x3e, 0x5b, 0x3e, 0x5b, 0x3e, 0x5b, 0x3e,
    0x5b, 0x3e, 0x5b, 0x3e, 0x5b, 0x3e, 0x5b, 0x3e, 0x5b, 0x3e, 0x5b, 0x3e, 0x5b, 0x3e, 0x5b, 0x3e, 0x5b, 0x3e, 0x5b,
    0x3e, 0x5b, 0x3e, 0x5b, 0x3e, 0x5b, 0x3e, 0x5b, 0x3e, 0x5b, 0x3e, 0x5b, 0x3e, 0x5b, 0x3e, 0x5b, 0x3e, 0x5b, 0x3e,
    0x5b, 0x3e, 0x5b, 0x3e, 0x5b, 0x3e, 0x5b, 0x3e, 0x5b, 0x3e, 0x5b, 0x3e, 0x5b, 0x3e, 0x5b, 0x3e, 0x5b, 0x3e, 0x5b,
    0xa3, 0x10, 0xa3, 0x10, 0xa3, 0x10, 0xa3, 0x10, 0xa3, 0x10, 0xa3, 0x10, 0xa3, 0x10, 0xa3, 0x10, 0xa3, 0x10, 0xa3,
    0x10, 0xa3, 0x10, 0xa3, 0x10, 0xa3, 0x10, 0xa3, 0x10, 0xa3, 0x10, 0xa3, 0x10, 0xa3, 0x10, 0xa3, 0x10, 0xa3, 0x10,
    0xa3, 0x10, 0xa3, 0x10, 0xa3, 0x10, 0xa3, 0x10, 0xa3, 0x10, 0xa3, 0x10, 0xa3, 0x10, 0xa3, 0x10, 0xa3, 0x10, 0xa3,
    0x10, 0xa3, 0x10, 0xa3, 0x10, 0xa3, 0x10, 0xa3, 0x10, 0xa3, 0x10, 0xa3, 0x10, 0xa3, 0x10, 0xa3, 0x10, 0xa3, 0x10,
    0xa3, 0x10, 0xa3, 0x10, 0xa3, 0x10, 0xa3, 0x10, 0xa3, 0x10, 0xa3, 0x10, 0xa3, 0x10, 0xa3, 0x10, 0xa3, 0x10, 0xa3,
    0x10, 0xa3, 0x10, 0xa3, 0x10, 0xa3, 0x10, 0xa3, 0x10, 0xa3, 0x10, 0xa3, 0x10, 0xa3, 0x10, 0xa3, 0x10, 0xa3, 0x10,
    0xa3, 0x10, 0xa3, 0x10, 0xa3, 0x10, 0xa3, 0x10, 0xa3, 0x10, 0xa3, 0x10, 0xa3, 0x10, 0xa3, 0x10, 0xa3, 0x10, 0xa3,
    0x10, 0xa3, 0x10, 0xa3, 0x10, 0xa3, 0x10, 0xa3, 0x10, 0xa3, 0x10, 0xa3, 0x10, 0xa3, 0x10, 0xa3, 0x10, 0xa3, 0x10,
    0xa3, 0x10, 0xa3, 0x10, 0xf1, 0x31, 0xf1, 0x31, 0xf1, 0x31, 0xf1, 0x31, 0xf1, 0x31, 0xf1, 0x31, 0xf1, 0x31, 0xf1,
    0x31, 0xf1, 0x31, 0xf1, 0x31, 0xf1, 0x31, 0xf1, 0x31, 0xf1, 0x31, 0xf1, 0x31, 0x3e, 0x5b, 0x3e, 0x5b, 0x3e, 0x5b,
    0x3e, 0x5b, 0x3e, 0x5b, 0x3e, 0x5b, 0x3e, 0x5b, 0x3e, 0x5b, 0x3e, 0x5b, 0x3e, 0x5b, 0x3e, 0x5b, 0x3e, 0x5b, 0x3e,
    0x5b, 0x3e, 0x5b, 0x3e, 0x5b, 0x3e, 0x5b, 0x3e, 0x5b, 0x3e, 0x5b, 0x3e, 0x5b, 0x3e, 0x5b, 0x3e, 0x5b, 0x3e, 0x5b,
    0x3e, 0x5b, 0x3e, 0x5b, 0x3e, 0x5b, 0x3e, 0x5b, 0x3e, 0x5b, 0x3e, 0x5b, 0x3e, 0x5b, 0x3e, 0x5b, 0x3e, 0x5b, 0x3e,
    0x5b, 0x3e, 0x5b, 0x3e, 0x5b, 0x3e, 0x5b, 0x3e, 0x5b, 0x3e, 0x5b, 0x3e, 0x5b, 0x3e, 0x5b, 0x3e, 0x5b, 0x3e, 0x5b,
    0x3e, 0x5b, 0x3e, 0x5b, 0x3e, 0x5b, 0x3e, 0x5b, 0x3e, 0x5b, 0x3e, 0x5b, 0x3e, 0x5b, 0x3e, 0x5b, 0x3e, 0x5b, 0x3e,
    0x5b, 0x3e, 0x5b, 0x3e, 0x5b, 0x3e, 0x5b, 0x3e, 0x5b, 0x3e, 0x5b, 0x3e, 0x5b, 0x3e, 0x5b, 0x3e, 0x5b, 0x3e, 0x5b,
    0x3e, 0x5b, 0x3e, 0x5b, 0x3e, 0x5b, 0x3e, 0x5b, 0x3e, 0x5b, 0x3e, 0x5b, 0x3e, 0x5b, 0x3e, 0x5b, 0x3e, 0x5b, 0x3e,
    0x5b, 0x3e, 0x5b, 0x3e, 0x5b, 0x3e, 0x5b, 0x3e, 0x5b, 0x3e, 0x5b, 0x3e, 0x5b, 0x3e, 0x5b, 0x3e, 0x5b, 0x3e, 0x5b,
    0x3e, 0x5b, 0x3e, 0x5b, 0x3e, 0x5b, 0x3e, 0x5b, 0x3e, 0x5b, 0x3e, 0x5b, 0x3e, 0x5b, 0x3e, 0x5b, 0x3e, 0x5b, 0x3e,
    0x5b, 0x3e, 0x5b, 0x3e, 0x5b, 0x3e, 0x5b, 0x3e, 0x5b, 0x3e, 0x5b, 0x3e, 0x5b, 0x3e, 0x5b, 0x3e, 0x5b, 0x3e, 0x5b,
    0x3e, 0x5b, 0x3e, 0x5b, 0x3e, 0x5b, 0x3e, 0x5b, 0x3e, 0x5b, 0x3e, 0x5b, 0x3e, 0x5b, 0x3e, 0x5b, 0x3e, 0x5b, 0x3e,
    0x5b, 0xa3, 0x10, 0xa3, 0x10, 0xa3, 0x10, 0xa3, 0x10, 0xa3, 0x10, 0xa3, 0x10, 0xa3, 0x10, 0xa3, 0x10, 0xa3, 0x10,
    0xa3, 0x10, 0xa3, 0x10, 0xa3, 0x10, 0xa3, 0x10, 0xa3, 0x10, 0xa3, 0x10, 0xa3, 0x10, 0xa3, 0x10, 0xa3, 0x10, 0xa3,
    0x10, 0xa3, 0x10, 0xa3, 0x10, 0xa3, 0x10, 0xa3, 0x10, 0xa3, 0x10, 0xa3, 0x10, 0xa3, 0x10, 0xa3, 0x10, 0xa3, 0x10,
    0xa3, 0x10, 0xa3, 0x10, 0xa3, 0x10, 0xa3, 0x10, 0xa3, 0x10, 0xa3, 0x10, 0xa3, 0x10, 0xa3, 0x10, 0xa3, 0x10, 0xa3,
    0x10, 0xa3, 0x10, 0xa3, 0x10, 0xa3, 0x10, 0xa3, 0x10, 0xa3, 0x10, 0xa3, 0x10, 0xa3, 0x10, 0xa3, 0x10, 0xa3, 0x10,
    0xa3, 0x10, 0xa3, 0x10, 0xa3, 0x10, 0xa3, 0x10, 0xa3, 0x10, 0xa3, 0x10, 0xa3, 0x10, 0xa3, 0x10, 0xa3, 0x10, 0xa3,
    0x10, 0xa3, 0x10, 0xa3, 0x10, 0xa3, 0x10, 0xa3, 0x10, 0xa3, 0x10, 0xa3, 0x10, 0xa3, 0x10, 0xa3, 0x10, 0xa3, 0x10,
    0xa3, 0x10, 0xa3, 0x10, 0xa3, 0x10, 0xa3, 0x10, 0xa3, 0x10, 0xa3, 0x10, 0xa3, 0x10, 0xa3, 0x10, 0xa3, 0x10, 0xa3,
    0x10, 0xa3, 0x10, 0xa3, 0x10, 0xf1, 0x31, 0xf1, 0x31, 0xf1, 0x31, 0xf1, 0x31, 0xf1, 0x31, 0xf1, 0x31, 0xf1, 0x31,
    0xf1, 0x31, 0xf1, 0x31, 0xf1, 0x31, 0xf1, 0x31, 0xf1, 0x31, 0xf1, 0x31, 0xf1, 0x31, 0x3e, 0x5b, 0x3e, 0x5b, 0x3e,
    0x5b, 0x3e, 0x5b, 0x3e, 0x5b, 0x3e, 0x5b, 0x3e, 0x5b, 0x3e, 0x5b, 0x3e, 0x5b, 0x3e, 0x5b, 0x3e, 0x5b, 0x3e, 0x5b,
    0x3e, 0x5b, 0x3e, 0x5b, 0x3e, 0x5b, 0x3e, 0x5b, 0x3e, 0x5b, 0x3e, 0x5b, 0x3e, 0x5b, 0x3e, 0x5b, 0x3e, 0x5b, 0x3e,
    0x5b, 0x3e, 0x5b, 0x3e, 0x5b, 0x3e, 0x5b, 0x3e, 0x5b, 0x3e, 0x5b, 0x3e, 0x5b, 0x3e, 0x5b, 0x3e, 0x5b, 0x3e, 0x5b,
    0x3e, 0x5b, 0x3e, 0x5b, 0x3e, 0x5b, 0x3e, 0x5b, 0x3e, 0x5b, 0x3e, 0x5b, 0x3e, 0x5b, 0x3e, 0x5b, 0x3e, 0x5b, 0x3e,
    0x5b, 0x3e, 0x5b, 0x3e, 0x5b, 0x3e, 0x5b, 0x3e, 0x5b, 0x3e, 0x5b, 0x3e, 0x5b, 0x3e, 0x5b, 0x3e, 0x5b, 0x3e, 0x5b,
    0x3e, 0x5b, 0x3e, 0x5b, 0x3e, 0x5b, 0x3e, 0x5b, 0x3e, 0x5b, 0x3e, 0x5b, 0x3e, 0x5b, 0x3e, 0x5b, 0x3e, 0x5b, 0x3e,
    0x5b, 0x3e, 0x5b, 0x3e, 0x5b, 0x3e, 0x5b, 0x3e, 0x5b, 0x3e, 0x5b, 0x3e, 0x5b, 0x3e, 0x5b, 0x3e, 0x5b, 0x3e, 0x5b,
    0x3e, 0x5b, 0x3e, 0x5b, 0x3e, 0x5b, 0x3e, 0x5b, 0x3e, 0x5b, 0x3e, 0x5b, 0x3e, 0x5b, 0x3e, 0x5b, 0x3e, 0x5b, 0x3e,
    0x5b, 0x3e, 0x5b, 0x3e, 0x5b, 0x3e, 0x5b, 0x3e, 0x5b, 0x3e, 0x5b, 0x3e, 0x5b, 0x3e, 0x5b, 0x3e, 0x5b, 0x3e, 0x5b,
    0x3e, 0x5b, 0x3e, 0x5b, 0x3e, 0x5b, 0x3e, 0x5b, 0x3e, 0x5b, 0x3e, 0x5b, 0x3e, 0x5b, 0x3e, 0x5b, 0x3e, 0x5b, 0x3e,
    0x5b, 0x3e, 0x5b, 0x3e, 0x5b, 0x3e, 0x5b, 0x3e, 0x5b, 0x3e, 0x5b, 0x3e, 0x5b, 0x3e, 0x5b, 0x3e, 0x5b, 0x3e, 0x5b,
    0x3e, 0x5b, 0xa3, 0x10, 0xa3, 0x10, 0xa3, 0x10, 0xa3, 0x10, 0xa3, 0x10, 0xa3, 0x10, 0xa3, 0x10, 0xa3, 0x10, 0xa3,
    0x10, 0xa3, 0x10, 0xa3, 0x10, 0xa3, 0x10, 0xa3, 0x10, 0xa3, 0x10, 0xa3, 0x10, 0xa3, 0x10, 0xa3, 0x10, 0xa3, 0x10,
    0xa3, 0x10, 0xa3, 0x10, 0xa3, 0x10, 0xa3, 0x10, 0xa3, 0x10, 0xa3, 0x10, 0xa3, 0x10, 0xa3, 0x10, 0xa3, 0x10, 0xa3,
    0x10, 0xa3, 0x10, 0xa3, 0x10, 0xa3, 0x10, 0xa3, 0x10, 0xa3, 0x10, 0xa3, 0x10, 0xa3, 0x10, 0xa3, 0x10, 0xa3, 0x10,
    0xa3, 0x10, 0xa3, 0x10, 0xa3, 0x10, 0xa3, 0x10, 0xa3, 0x10, 0xa3, 0x10, 0xa3, 0x10, 0xa3, 0x10, 0xa3, 0x10, 0xa3,
    0x10, 0xa3, 0x10, 0xa3, 0x10, 0xa3, 0x10, 0xa3, 0x10, 0xa3, 0x10, 0xa3, 0x10, 0xa3, 0x10, 0xa3, 0x10, 0xa3, 0x10,
    0xa3, 0x10, 0xa3, 0x10, 0xa3, 0x10, 0xa3, 0x10, 0xa3, 0x10, 0xa3, 0x10, 0xa3, 0x10, 0xa3, 0x10, 0xa3, 0x10, 0xa3,
    0x10, 0xa3, 0x10, 0xa3, 0x10, 0xa3, 0x10, 0xa3, 0x10, 0xa3, 0x10, 0xa3, 0x10, 0xa3, 0x10, 0xa3, 0x10, 0xa3, 0x10,
    0xa3, 0x10, 0xa3, 0x10, 0xa3, 0x10, 0xf1, 0x31, 0xf1, 0x31, 0xf1, 0x31, 0xf1, 0x31, 0xf1, 0x31, 0xf1, 0x31, 0xf1,
    0x31, 0xf1, 0x31, 0xf1, 0x31, 0xf1, 0x31, 0xf1, 0x31, 0xf1, 0x31, 0xf1, 0x31, 0xf1, 0x31, 0x3e, 0x5b, 0x3e, 0x5b,
    0x3e, 0x5b, 0x3e, 0x5b, 0x3e, 0x5b, 0x3e, 0x5b, 0x3e, 0x5b, 0x3e, 0x5b, 0x3e, 0x5b, 0x3e, 0x5b, 0x3e, 0x5b, 0x3e,
    0x5b, 0x3e, 0x5b, 0x3e, 0x5b, 0x3e, 0x5b, 0x3e, 0x5b, 0x3e, 0x5b, 0x3e, 0x5b, 0x3e, 0x5b, 0x3e, 0x5b, 0x3e, 0x5b,
    0x3e, 0x5b, 0x3e, 0x5b, 0x3e, 0x5b, 0x3e, 0x5b, 0x3e, 0x5b, 0x3e, 0x5b, 0x3e, 0x5b, 0x3e, 0x5b, 0x3e, 0x5b, 0x3e,
    0x5b, 0x3e, 0x5b, 0x3e, 0x5b, 0x3e, 0x5b, 0x3e, 0x5b, 0x3e, 0x5b, 0x3e, 0x5b, 0x3e, 0x5b, 0x3e, 0x5b, 0x3e, 0x5b,
    0x3e, 0x5b, 0x3e, 0x5b, 0x3e, 0x5b, 0x3e, 0x5b, 0x3e, 0x5b, 0x3e, 0x5b, 0x3e, 0x5b, 0x3e, 0x5b, 0x3e, 0x5b, 0x3e,
    0x5b, 0x3e, 0x5b, 0x3e, 0x5b, 0x3e, 0x5b, 0x3e, 0x5b, 0x3e, 0x5b, 0x3e, 0x5b, 0x3e, 0x5b, 0x3e, 0x5b, 0x3e, 0x5b,
    0x3e, 0x5b, 0x3e, 0x5b, 0x3e, 0x5b, 0x3e, 0x5b, 0x3e, 0x5b, 0x3e, 0x5b, 0x3e, 0x5b, 0x3e, 0x5b, 0x3e, 0x5b, 0x3e,
    0x5b, 0x3e, 0x5b, 0x3e, 0x5b, 0x3e, 0x5b, 0x3e, 0x5b, 0x3e, 0x5b, 0x3e, 0x5b, 0x3e, 0x5b, 0x3e, 0x5b, 0x3e, 0x5b,
    0x3e, 0x5b, 0x3e, 0x5b, 0x3e, 0x5b, 0x3e, 0x5b, 0x3e, 0x5b, 0x3e, 0x5b, 0x3e, 0x5b, 0x3e, 0x5b, 0x3e, 0x5b, 0x3e,
    0x5b, 0x3e, 0x5b, 0x3e, 0x5b, 0x3e, 0x5b, 0x3e, 0x5b, 0x3e, 0x5b, 0x3e, 0x5b, 0x3e, 0x5b, 0x3e, 0x5b, 0x3e, 0x5b,
    0x3e, 0x5b, 0x3e, 0x5b, 0x3e, 0x5b, 0x3e, 0x5b, 0x3e, 0x5b, 0x3e, 0x5b, 0x3e, 0x5b, 0x3e, 0x5b, 0x3e, 0x5b, 0x3e,
    0x5b, 0x3e, 0x5b, 0xa3, 0x10, 0xa3, 0x10, 0xa3, 0x10, 0xa3, 0x10, 0xa3, 0x10, 0xa3, 0x10, 0xa3, 0x10, 0xa3, 0x10,
    0xa3, 0x10, 0xa3, 0x10, 0xa3, 0x10, 0xa3, 0x10, 0xa3, 0x10, 0xa3, 0x10, 0xa3, 0x10, 0xa3, 0x10, 0xa3, 0x10, 0xa3,
    0x10, 0xa3, 0x10, 0xa3, 0x10, 0xa3, 0x10, 0xa3, 0x10, 0xa3, 0x10, 0xa3, 0x10, 0xa3, 0x10, 0xa3, 0x10, 0xa3, 0x10,
    0xa3, 0x10, 0xa3, 0x10, 0xa3, 0x10, 0xa3, 0x10, 0xa3, 0x10, 0xa3, 0x10, 0xa3, 0x10, 0xa3, 0x10, 0xa3, 0x10, 0xa3,
    0x10, 0xa3, 0x10, 0xa3, 0x10, 0xa3, 0x10, 0xa3, 0x10, 0xa3, 0x10, 0xa3, 0x10, 0xa3, 0x10, 0xa3, 0x10, 0xa3, 0x10,
    0xa3, 0x10, 0xa3, 0x10, 0xa3, 0x10, 0xa3, 0x10, 0xa3, 0x10, 0xa3, 0x10, 0xa3, 0x10, 0xa3, 0x10, 0xa3, 0x10, 0xa3,
    0x10, 0xa3, 0x10, 0xa3, 0x10, 0xa3, 0x10, 0xa3, 0x10, 0xa3, 0x10, 0xa3, 0x10, 0xa3, 0x10, 0xa3, 0x10, 0xa3, 0x10,
    0xa3, 0x10, 0xa3, 0x10, 0xa3, 0x10, 0xa3, 0x10, 0xa3, 0x10, 0xa3, 0x10, 0xa3, 0x10, 0xa3, 0x10, 0xa3, 0x10, 0xa3,
    0x10, 0xa3, 0x10, 0xa3, 0x10, 0xa3, 0x10, 0xf1, 0x31, 0xf1, 0x31, 0xf1, 0x31, 0xf1, 0x31, 0xf1, 0x31, 0xf1, 0x31,
    0xf1, 0x31, 0xf1, 0x31, 0xf1, 0x31, 0xf1, 0x31, 0xf1, 0x31, 0xf1, 0x31, 0xf1, 0x31, 0xf1, 0x31, 0x3e, 0x5b, 0x3e,
    0x5b, 0x3e, 0x5b, 0x3e, 0x5b, 0x3e, 0x5b, 0x3e, 0x5b, 0x3e, 0x5b, 0x3e, 0x5b, 0x3e, 0x5b, 0x3e, 0x5b, 0x3e, 0x5b,
    0x3e, 0x5b, 0x3e, 0x5b, 0x3e, 0x5b, 0x3e, 0x5b, 0x3e, 0x5b, 0x3e, 0x5b, 0x3e, 0x5b, 0x3e, 0x5b, 0x3e, 0x5b, 0x3e,
    0x5b, 0x3e, 0x5b, 0x3e, 0x5b, 0x3e, 0x5b, 0x3e, 0x5b, 0x3e, 0x5b, 0x3e, 0x5b, 0x3e, 0x5b, 0x3e, 0x5b, 0x3e, 0x5b,
    0x3e, 0x5b, 0x3e, 0x5b, 0x3e, 0x5b, 0x3e, 0x5b, 0x3e, 0x5b, 0x3e, 0x5b, 0x3e, 0x5b, 0x3e, 0x5b, 0x3e, 0x5b, 0x3e,
    0x5b, 0x3e, 0x5b, 0x3e, 0x5b, 0x3e, 0x5b, 0x3e, 0x5b, 0x3e, 0x5b, 0x3e, 0x5b, 0x3e, 0x5b, 0x3e, 0x5b, 0x3e, 0x5b,
    0x3e, 0x5b, 0x3e, 0x5b, 0x3e, 0x5b, 0x3e, 0x5b, 0x3e, 0x5b, 0x3e, 0x5b, 0x3e, 0x5b, 0x3e, 0x5b, 0x3e, 0x5b, 0x3e,
    0x5b, 0x3e, 0x5b, 0x3e, 0x5b, 0x3e, 0x5b, 0x3e, 0x5b, 0x3e, 0x5b, 0x3e, 0x5b, 0x3e, 0x5b, 0x3e, 0x5b, 0x3e, 0x5b,
    0x3e, 0x5b, 0x3e, 0x5b, 0x3e, 0x5b, 0x3e, 0x5b, 0x3e, 0x5b, 0x3e, 0x5b, 0x3e, 0x5b, 0x3e, 0x5b, 0x3e, 0x5b, 0x3e,
    0x5b, 0x3e, 0x5b, 0x3e, 0x5b, 0x3e, 0x5b, 0x3e, 0x5b, 0x3e, 0x5b, 0x3e, 0x5b, 0x3e, 0x5b, 0x3e, 0x5b, 0x3e, 0x5b,
    0x3e, 0x5b, 0x3e, 0x5b, 0x3e, 0x5b, 0x3e, 0x5b, 0x3e, 0x5b, 0x3e, 0x5b, 0x3e, 0x5b, 0x3e, 0x5b, 0x3e, 0x5b, 0x3e,
    0x5b, 0x3e, 0x5b, 0x3e, 0x5b, 0x3e, 0x5b, 0x3e, 0x5b, 0x3e, 0x5b, 0x3e, 0x5b, 0x3e, 0x5b, 0x3e, 0x5b, 0x3e, 0x5b,
    0x3e, 0x5b, 0x3e, 0x5b, 0xa3, 0x10, 0xa3, 0x10, 0xa3, 0x10, 0xa3, 0x10, 0xa3, 0x10, 0xa3, 0x10, 0xa3, 0x10, 0xa3,
    0x10, 0xa3, 0x10, 0xa3, 0x10, 0xa3, 0x10, 0xa3, 0x10, 0xa3, 0x10, 0xa3, 0x10, 0xa3, 0x10, 0xa3, 0x10, 0xa3, 0x10,
    0xa3, 0x10, 0xa3, 0x10, 0xa3, 0x10, 0xa3, 0x10, 0xa3, 0x10, 0xa3, 0x10, 0xa3, 0x10, 0xa3, 0x10, 0xa3, 0x10, 0xa3,
    0x10, 0xa3, 0x10, 0xa3, 0x10, 0xa3, 0x10, 0xa3, 0x10, 0xa3, 0x10, 0xa3, 0x10, 0xa3, 0x10, 0xa3, 0x10, 0xa3, 0x10,
    0xa3, 0x10, 0xa3, 0x10, 0xa3, 0x10, 0xa3, 0x10, 0xa3, 0x10, 0xa3, 0x10, 0xa3, 0x10, 0xa3, 0x10, 0xa3, 0x10, 0xa3,
    0x10, 0xa3, 0x10, 0xa3, 0x10, 0xa3, 0x10, 0xa3, 0x10, 0xa3, 0x10, 0xa3, 0x10, 0xa3, 0x10, 0xa3, 0x10, 0xa3, 0x10,
    0xa3, 0x10, 0xa3, 0x10, 0xa3, 0x10, 0xa3, 0x10, 0xa3, 0x10, 0xa3, 0x10, 0xa3, 0x10, 0xa3, 0x10, 0xa3, 0x10, 0xa3,
    0x10, 0xa3, 0x10, 0xa3, 0x10, 0xa3, 0x10, 0xa3, 0x10, 0xa3, 0x10, 0xa3, 0x10, 0xa3, 0x10, 0xa3, 0x10, 0xa3, 0x10,
    0xa3, 0x10, 0xa3, 0x10, 0xa3, 0x10, 0xa3, 0x10, 0xf1, 0x31, 0xf1, 0x31, 0xf1, 0x31, 0xf1, 0x31, 0xf1, 0x31, 0xf1,
    0x31, 0xf1, 0x31, 0xf1, 0x31, 0xf1, 0x31, 0xf1, 0x31, 0xf1, 0x31, 0xf1, 0x31, 0xf1, 0x31, 0xf1, 0x31, 0x3e, 0x5b,
    0x3e, 0x5b, 0x3e, 0x5b, 0x3e, 0x5b, 0x3e, 0x5b, 0x3e, 0x5b, 0x3e, 0x5b, 0x3e, 0x5b, 0x3e, 0x5b, 0x3e, 0x5b, 0x3e,
    0x5b, 0x3e, 0x5b, 0x3e, 0x5b, 0x3e, 0x5b, 0x3e, 0x5b, 0x3e, 0x5b, 0x3e, 0x5b, 0x3e, 0x5b, 0x3e, 0x5b, 0x3e, 0x5b,
    0x3e, 0x5b, 0x3e, 0x5b, 0x3e, 0x5b, 0x3e, 0x5b, 0x3e, 0x5b, 0x3e, 0x5b, 0x3e, 0x5b, 0x3e, 0x5b, 0x3e, 0x5b, 0x3e,
    0x5b, 0x3e, 0x5b, 0x3e, 0x5b, 0x3e, 0x5b, 0x3e, 0x5b, 0x3e, 0x5b, 0x3e, 0x5b, 0x3e, 0x5b, 0x3e, 0x5b, 0x3e, 0x5b,
    0x3e, 0x5b, 0x3e, 0x5b, 0x3e, 0x5b, 0x3e, 0x5b, 0x3e, 0x5b, 0x3e, 0x5b, 0x3e, 0x5b, 0x3e, 0x5b, 0x3e, 0x5b, 0x3e,
    0x5b, 0x3e, 0x5b, 0x3e, 0x5b, 0x3e, 0x5b, 0x3e, 0x5b, 0x3e, 0x5b, 0x3e, 0x5b, 0x3e, 0x5b, 0x3e, 0x5b, 0x3e, 0x5b,
    0x3e, 0x5b, 0x3e, 0x5b, 0x3e, 0x5b, 0x3e, 0x5b, 0x3e, 0x5b, 0x3e, 0x5b, 0x3e, 0x5b, 0x3e, 0x5b, 0x3e, 0x5b, 0x3e,
    0x5b, 0x3e, 0x5b, 0x3e, 0x5b, 0x3e, 0x5b, 0x3e, 0x5b, 0x3e, 0x5b, 0x3e, 0x5b, 0x3e, 0x5b, 0x3e, 0x5b, 0x3e, 0x5b,
    0x3e, 0x5b, 0x3e, 0x5b, 0x3e, 0x5b, 0x3e, 0x5b, 0x3e, 0x5b, 0x3e, 0x5b, 0x3e, 0x5b, 0x3e, 0x5b, 0x3e, 0x5b, 0x3e,
    0x5b, 0x3e, 0x5b, 0x3e, 0x5b, 0x3e, 0x5b, 0x3e, 0x5b, 0x3e, 0x5b, 0x3e, 0x5b, 0x3e, 0x5b, 0x3e, 0x5b, 0x3e, 0x5b,
    0x3e, 0x5b, 0x3e, 0x5b, 0x3e, 0x5b, 0x3e, 0x5b, 0x3e, 0x5b, 0x3e, 0x5b, 0x3e, 0x5b, 0x3e, 0x5b, 0x3e, 0x5b, 0x3e,
    0x5b, 0x3e, 0x5b, 0x3e, 0x5b, 0xa3, 0x10, 0xa3, 0x10, 0xa3, 0x10, 0xa3, 0x10, 0xa3, 0x10, 0xa3, 0x10, 0xa3, 0x10,
    0xa3, 0x10, 0xa3, 0x10, 0xa3, 0x10, 0xa3, 0x10, 0xa3, 0x10, 0xa3, 0x10, 0xa3, 0x10, 0xa3, 0x10, 0xa3, 0x10, 0xa3,
    0x10, 0xa3, 0x10, 0xa3, 0x10, 0xa3, 0x10, 0xa3, 0x10, 0xa3, 0x10, 0xa3, 0x10, 0xa3, 0x10, 0xa3, 0x10, 0xa3, 0x10,
    0xa3, 0x10, 0xa3, 0x10, 0xa3, 0x10, 0xa3, 0x10, 0xa3, 0x10, 0xa3, 0x10, 0xa3, 0x10, 0xa3, 0x10, 0xa3, 0x10, 0xa3,
    0x10, 0xa3, 0x10, 0xa3, 0x10, 0xa3, 0x10, 0xa3, 0x10, 0xa3, 0x10, 0xa3, 0x10, 0xa3, 0x10, 0xa3, 0x10, 0xa3, 0x10,
    0xa3, 0x10, 0xa3, 0x10, 0xa3, 0x10, 0xa3, 0x10, 0xa3, 0x10, 0xa3, 0x10, 0xa3, 0x10, 0xa3, 0x10, 0xa3, 0x10, 0xa3,
    0x10, 0xa3, 0x10, 0xa3, 0x10, 0xa3, 0x10, 0xa3, 0x10, 0xa3, 0x10, 0xa3, 0x10, 0xa3, 0x10, 0xa3, 0x10, 0xa3, 0x10,
    0xa3, 0x10, 0xa3, 0x10, 0xa3, 0x10, 0xa3, 0x10, 0xa3, 0x10, 0xa3, 0x10, 0xa3, 0x10, 0xa3, 0x10, 0xa3, 0x10, 0xa3,
    0x10, 0xa3, 0x10, 0xa3, 0x10, 0xa3, 0x10, 0xa3, 0x10, 0xf1, 0x31, 0xf1, 0x31, 0xf1, 0x31, 0xf1, 0x31, 0xf1, 0x31,
    0xf1, 0x31, 0xf1, 0x31, 0xf1, 0x31, 0xf1, 0x31, 0xf1, 0x31, 0xf1, 0x31, 0xf1, 0x31, 0xf1, 0x31, 0xf1, 0x31, 0x3e,
    0x5b, 0x3e, 0x5b, 0x3e, 0x5b, 0x3e, 0x5b, 0x3e, 0x5b, 0x3e, 0x5b, 0x3e, 0x5b, 0x3e, 0x5b, 0x3e, 0x5b, 0x3e, 0x5b,
    0x3e, 0x5b, 0x3e, 0x5b, 0x3e, 0x5b, 0x3e, 0x5b, 0x3e, 0x5b, 0x3e, 0x5b, 0x3e, 0x5b, 0x3e, 0x5b, 0x3e, 0x5b, 0x3e,
    0x5b, 0x3e, 0x5b, 0x3e, 0x5b, 0x3e, 0x5b, 0x3e, 0x5b, 0x3e, 0x5b, 0x3e, 0x5b, 0x3e, 0x5b, 0x3e, 0x5b, 0x3e, 0x5b,
    0x3e, 0x5b, 0x3e, 0x5b, 0x3e, 0x5b, 0x3e, 0x5b, 0x3e, 0x5b, 0x3e, 0x5b, 0x3e, 0x5b, 0x3e, 0x5b, 0x3e, 0x5b, 0x3e,
    0x5b, 0x3e, 0x5b, 0x3e, 0x5b, 0x3e, 0x5b, 0x3e, 0x5b, 0x3e, 0x5b, 0x3e, 0x5b, 0x3e, 0x5b, 0x3e, 0x5b, 0x3e, 0x5b,
    0x3e, 0x5b, 0x3e, 0x5b, 0x3e, 0x5b, 0x3e, 0x5b, 0x3e, 0x5b, 0x3e, 0x5b, 0x3e, 0x5b, 0x3e, 0x5b, 0x3e, 0x5b, 0x3e,
    0x5b, 0x3e, 0x5b, 0x3e, 0x5b, 0x3e, 0x5b, 0x3e, 0x5b, 0x3e, 0x5b, 0x3e, 0x5b, 0x3e, 0x5b, 0x3e, 0x5b, 0x3e, 0x5b,
    0x3e, 0x5b, 0x3e, 0x5b, 0x3e, 0x5b, 0x3e, 0x5b, 0x3e, 0x5b, 0x3e, 0x5b, 0x3e, 0x5b, 0x3e, 0x5b, 0x3e, 0x5b, 0x3e,
    0x5b, 0x3e, 0x5b, 0x3e, 0x5b, 0x3e, 0x5b, 0x3e, 0x5b, 0x3e, 0x5b, 0x3e, 0x5b, 0x3e, 0x5b, 0x3e, 0x5b, 0x3e, 0x5b,
    0x3e, 0x5b, 0x3e, 0x5b, 0x3e, 0x5b, 0x3e, 0x5b, 0x3e, 0x5b, 0x3e, 0x5b, 0x3e, 0x5b, 0x3e, 0x5b, 0x3e, 0x5b, 0x3e,
    0x5b, 0x3e, 0x5b, 0x3e, 0x5b, 0x3e, 0x5b, 0x3e, 0x5b, 0x3e, 0x5b, 0x3e, 0x5b, 0x3e, 0x5b, 0x3e, 0x5b, 0x3e, 0x5b,
    0x3e, 0x5b, 0x3e, 0x5b, 0x3e, 0x5b, 0xa3, 0x10, 0xa3, 0x10, 0xa3, 0x10, 0xa3, 0x10, 0xa3, 0x10, 0xa3, 0x10, 0xa3,
    0x10, 0xa3, 0x10, 0xa3, 0x10, 0xa3, 0x10, 0xa3, 0x10, 0xa3, 0x10, 0xa3, 0x10, 0xa3, 0x10, 0xa3, 0x10, 0xa3, 0x10,
    0xa3, 0x10, 0xa3, 0x10, 0xa3, 0x10, 0xa3, 0x10, 0xa3, 0x10, 0xa3, 0x10, 0xa3, 0x10, 0xa3, 0x10, 0xa3, 0x10, 0xa3,
    0x10, 0xa3, 0x10, 0xa3, 0x10, 0xa3, 0x10, 0xa3, 0x10, 0xa3, 0x10, 0xa3, 0x10, 0xa3, 0x10, 0xa3, 0x10, 0xa3, 0x10,
    0xa3, 0x10, 0xa3, 0x10, 0xa3, 0x10, 0xa3, 0x10, 0xa3, 0x10, 0xa3, 0x10, 0xa3, 0x10, 0xa3, 0x10, 0xa3, 0x10, 0xa3,
    0x10, 0xa3, 0x10, 0xa3, 0x10, 0xa3, 0x10, 0xa3, 0x10, 0xa3, 0x10, 0xa3, 0x10, 0xa3, 0x10, 0xa3, 0x10, 0xa3, 0x10,
    0xa3, 0x10, 0xa3, 0x10, 0xa3, 0x10, 0xa3, 0x10, 0xa3, 0x10, 0xa3, 0x10, 0xa3, 0x10, 0xa3, 0x10, 0xa3, 0x10, 0xa3,
    0x10, 0xa3, 0x10, 0xa3, 0x10, 0xa3, 0x10, 0xa3, 0x10, 0xa3, 0x10, 0xa3, 0x10, 0xa3, 0x10, 0xa3, 0x10, 0xa3, 0x10,
    0xa3, 0x10, 0xa3, 0x10, 0xa3, 0x10, 0xa3, 0x10, 0xa3, 0x10, 0xf1, 0x31, 0xf1, 0x31, 0xf1, 0x31, 0xf1, 0x31, 0xf1,
    0x31, 0xf1, 0x31, 0xf1, 0x31, 0xf1, 0x31, 0xf1, 0x31, 0xf1, 0x31, 0xf1, 0x31, 0xf1, 0x31, 0xf1, 0x31, 0xf1, 0x31,
    0x3e, 0x5b, 0x3e, 0x5b, 0x3e, 0x5b, 0x3e, 0x5b, 0x3e, 0x5b, 0x3e, 0x5b, 0x3e, 0x5b, 0x3e, 0x5b, 0x3e, 0x5b, 0x3e,
    0x5b, 0x3e, 0x5b, 0x3e, 0x5b, 0x3e, 0x5b, 0x3e, 0x5b, 0x3e, 0x5b, 0x3e, 0x5b, 0x3e, 0x5b, 0x3e, 0x5b, 0x3e, 0x5b,
    0x3e, 0x5b, 0x3e, 0x5b, 0x3e, 0x5b, 0x3e, 0x5b, 0x3e, 0x5b, 0x3e, 0x5b, 0x3e, 0x5b, 0x3e, 0x5b, 0x3e, 0x5b, 0x3e,
    0x5b, 0x3e, 0x5b, 0x3e, 0x5b, 0x3e, 0x5b, 0x3e, 0x5b, 0x3e, 0x5b, 0x3e, 0x5b, 0x3e, 0x5b, 0x3e, 0x5b, 0x3e, 0x5b,
    0x3e, 0x5b, 0x3e, 0x5b, 0x3e, 0x5b, 0x3e, 0x5b, 0x3e, 0x5b, 0x3e, 0x5b, 0x3e, 0x5b, 0x3e, 0x5b, 0x3e, 0x5b, 0x3e,
    0x5b, 0x3e, 0x5b, 0x3e, 0x5b, 0x3e, 0x5b, 0x3e, 0x5b, 0x3e, 0x5b, 0x3e, 0x5b, 0x3e, 0x5b, 0x3e, 0x5b, 0x3e, 0x5b,
    0x3e, 0x5b, 0x3e, 0x5b, 0x3e, 0x5b, 0x3e, 0x5b, 0x3e, 0x5b, 0x3e, 0x5b, 0x3e, 0x5b, 0x3e, 0x5b, 0x3e, 0x5b, 0x3e,
    0x5b, 0x3e, 0x5b, 0x3e, 0x5b, 0x3e, 0x5b, 0x3e, 0x5b, 0x3e, 0x5b, 0x3e, 0x5b, 0x3e, 0x5b, 0x3e, 0x5b, 0x3e, 0x5b,
    0x3e, 0x5b, 0x3e, 0x5b, 0x3e, 0x5b, 0x3e, 0x5b, 0x3e, 0x5b, 0x3e, 0x5b, 0x3e, 0x5b, 0x3e, 0x5b, 0x3e, 0x5b, 0x3e,
    0x5b, 0x3e, 0x5b, 0x3e, 0x5b, 0x3e, 0x5b, 0x3e, 0x5b, 0x3e, 0x5b, 0x3e, 0x5b, 0x3e, 0x5b, 0x3e, 0x5b, 0x3e, 0x5b,
    0x3e, 0x5b, 0x3e, 0x5b, 0x3e, 0x5b, 0x3e, 0x5b, 0x3e, 0x5b, 0x3e, 0x5b, 0x3e, 0x5b, 0x3e, 0x5b, 0x3e, 0x5b, 0x3e,
    0x5b, 0x3e, 0x5b, 0x3e, 0x5b, 0x3e, 0x5b, 0xa3, 0x10, 0xa3, 0x10, 0xa3, 0x10, 0xa3, 0x10, 0xa3, 0x10, 0xa3, 0x10,
    0xa3, 0x10, 0xa3, 0x10, 0xa3, 0x10, 0xa3, 0x10, 0xa3, 0x10, 0xa3, 0x10, 0xa3, 0x10, 0xa3, 0x10, 0xa3, 0x10, 0xa3,
    0x10, 0xa3, 0x10, 0xa3, 0x10, 0xa3, 0x10, 0xa3, 0x10, 0xa3, 0x10, 0xa3, 0x10, 0xa3, 0x10, 0xa3, 0x10, 0xa3, 0x10,
    0xa3, 0x10, 0xa3, 0x10, 0xa3, 0x10, 0xa3, 0x10, 0xa3, 0x10, 0xa3, 0x10, 0xa3, 0x10, 0xa3, 0x10, 0xa3, 0x10, 0xa3,
    0x10, 0xa3, 0x10, 0xa3, 0x10, 0xa3, 0x10, 0xa3, 0x10, 0xa3, 0x10, 0xa3, 0x10, 0xa3, 0x10, 0xa3, 0x10, 0xa3, 0x10,
    0xa3, 0x10, 0xa3, 0x10, 0xa3, 0x10, 0xa3, 0x10, 0xa3, 0x10, 0xa3, 0x10, 0xa3, 0x10, 0xa3, 0x10, 0xa3, 0x10, 0xa3,
    0x10, 0xa3, 0x10, 0xa3, 0x10, 0xa3, 0x10, 0xa3, 0x10, 0xa3, 0x10, 0xa3, 0x10, 0xa3, 0x10, 0xa3, 0x10, 0xa3, 0x10,
    0xa3, 0x10, 0xa3, 0x10, 0xa3, 0x10, 0xa3, 0x10, 0xa3, 0x10, 0xa3, 0x10, 0xa3, 0x10, 0xa3, 0x10, 0xa3, 0x10, 0xa3,
    0x10, 0xa3, 0x10, 0xa3, 0x10, 0xa3, 0x10, 0xa3, 0x10, 0xa3, 0x10, 0xf1, 0x31, 0xf1, 0x31, 0xf1, 0x31, 0xf1, 0x31,
    0xf1, 0x31, 0xf1, 0x31, 0xf1, 0x31, 0xf1, 0x31, 0xf1, 0x31, 0xf1, 0x31, 0xf1, 0x31, 0xf1, 0x31, 0xf1, 0x31, 0xf1,
    0x31, 0x3e, 0x5b, 0x3e, 0x5b, 0x3e, 0x5b, 0x3e, 0x5b, 0x3e, 0x5b, 0x3e, 0x5b, 0x3e, 0x5b, 0x3e, 0x5b, 0x3e, 0x5b,
    0x3e, 0x5b, 0x3e, 0x5b, 0x3e, 0x5b, 0x3e, 0x5b, 0x3e, 0x5b, 0x3e, 0x5b, 0x3e, 0x5b, 0x3e, 0x5b, 0x3e, 0x5b, 0x3e,
    0x5b, 0x3e, 0x5b, 0x3e, 0x5b, 0x3e, 0x5b, 0x3e, 0x5b, 0x3e, 0x5b, 0x3e, 0x5b, 0x3e, 0x5b, 0x3e, 0x5b, 0x3e, 0x5b,
    0x3e, 0x5b, 0x3e, 0x5b, 0x3e, 0x5b, 0x3e, 0x5b, 0x3e, 0x5b, 0x3e, 0x5b, 0x3e, 0x5b, 0x3e, 0x5b, 0x3e, 0x5b, 0x3e,
    0x5b, 0x3e, 0x5b, 0x3e, 0x5b, 0x3e, 0x5b, 0x3e, 0x5b, 0x3e, 0x5b, 0x3e, 0x5b, 0x3e, 0x5b, 0x3e, 0x5b, 0x3e, 0x5b,
    0x3e, 0x5b, 0x3e, 0x5b, 0x3e, 0x5b, 0x3e, 0x5b, 0x3e, 0x5b, 0x3e, 0x5b, 0x3e, 0x5b, 0x3e, 0x5b, 0x3e, 0x5b, 0x3e,
    0x5b, 0x3e, 0x5b, 0x3e, 0x5b, 0x3e, 0x5b, 0x3e, 0x5b, 0x3e, 0x5b, 0x3e, 0x5b, 0x3e, 0x5b, 0x3e, 0x5b, 0x3e, 0x5b,
    0x3e, 0x5b, 0x3e, 0x5b, 0x3e, 0x5b, 0x3e, 0x5b, 0x3e, 0x5b, 0x3e, 0x5b, 0x3e, 0x5b, 0x3e, 0x5b, 0x3e, 0x5b, 0x3e,
    0x5b, 0x3e, 0x5b, 0x3e, 0x5b, 0x3e, 0x5b, 0x3e, 0x5b, 0x3e, 0x5b, 0x3e, 0x5b, 0x3e, 0x5b, 0x3e, 0x5b, 0x3e, 0x5b,
    0x3e, 0x5b, 0x3e, 0x5b, 0x3e, 0x5b, 0x3e, 0x5b, 0x3e, 0x5b, 0x3e, 0x5b, 0x3e, 0x5b, 0x3e, 0x5b, 0x3e, 0x5b, 0x3e,
    0x5b, 0x3e, 0x5b, 0x3e, 0x5b, 0x3e, 0x5b, 0x3e, 0x5b, 0x3e, 0x5b, 0x3e, 0x5b, 0x3e, 0x5b, 0x3e, 0x5b, 0x3e, 0x5b,
    0x3e, 0x5b, 0x3e, 0x5b, 0x3e, 0x5b, 0x3e, 0x5b, 0xa3, 0x10, 0xa3, 0x10, 0xa3, 0x10, 0xa3, 0x10, 0xa3, 0x10, 0xa3,
    0x10, 0xa3, 0x10, 0xa3, 0x10, 0xa3, 0x10, 0xa3, 0x10, 0xa3, 0x10, 0xa3, 0x10, 0xa3, 0x10, 0xa3, 0x10, 0xa3, 0x10,
    0xa3, 0x10, 0xa3, 0x10, 0xa3, 0x10, 0xa3, 0x10, 0xa3, 0x10, 0xa3, 0x10, 0xa3, 0x10, 0xa3, 0x10, 0xa3, 0x10, 0xa3,
    0x10, 0xa3, 0x10, 0xa3, 0x10, 0xa3, 0x10, 0xa3, 0x10, 0xa3, 0x10, 0xa3, 0x10, 0xa3, 0x10, 0xa3, 0x10, 0xa3, 0x10,
    0xa3, 0x10, 0xa3, 0x10, 0xa3, 0x10, 0xa3, 0x10, 0xa3, 0x10, 0xa3, 0x10, 0xa3, 0x10, 0xa3, 0x10, 0xa3, 0x10, 0xa3,
    0x10, 0xa3, 0x10, 0xa3, 0x10, 0xa3, 0x10, 0xa3, 0x10, 0xa3, 0x10, 0xa3, 0x10, 0xa3, 0x10, 0xa3, 0x10, 0xa3, 0x10,
    0xa3, 0x10, 0xa3, 0x10, 0xa3, 0x10, 0xa3, 0x10, 0xa3, 0x10, 0xa3, 0x10, 0xa3, 0x10, 0xa3, 0x10, 0xa3, 0x10, 0xa3,
    0x10, 0xa3, 0x10, 0xa3, 0x10, 0xa3, 0x10, 0xa3, 0x10, 0xa3, 0x10, 0xa3, 0x10, 0xa3, 0x10, 0xa3, 0x10, 0xa3, 0x10,
    0xa3, 0x10, 0xa3, 0x10, 0xa3, 0x10, 0xa3, 0x10, 0xa3, 0x10, 0xa3, 0x10, 0xf1, 0x31, 0xf1, 0x31, 0xf1, 0x31, 0xf1,
    0x31, 0xf1, 0x31, 0xf1, 0x31, 0xf1, 0x31, 0xf1, 0x31, 0xf1, 0x31, 0xf1, 0x31, 0xf1, 0x31, 0xf1, 0x31, 0xf1, 0x31,
    0xf1, 0x31, 0x3e, 0x5b, 0x3e, 0x5b, 0x3e, 0x5b, 0x3e, 0x5b, 0x3e, 0x5b, 0x3e, 0x5b, 0x3e, 0x5b, 0x3e, 0x5b, 0x3e,
    0x5b, 0x3e, 0x5b, 0x3e, 0x5b, 0x3e, 0x5b, 0x3e, 0x5b, 0x3e, 0x5b, 0x3e, 0x5b, 0x3e, 0x5b, 0x3e, 0x5b, 0x3e, 0x5b,
    0x3e, 0x5b, 0x3e, 0x5b, 0x3e, 0x5b, 0x3e, 0x5b, 0x3e, 0x5b, 0x3e, 0x5b, 0x3e, 0x5b, 0x3e, 0x5b, 0x3e, 0x5b, 0x3e,
    0x5b, 0x3e, 0x5b, 0x3e, 0x5b, 0x3e, 0x5b, 0x3e, 0x5b, 0x3e, 0x5b, 0x3e, 0x5b, 0x3e, 0x5b, 0x3e, 0x5b, 0x3e, 0x5b,
    0x3e, 0x5b, 0x3e, 0x5b, 0x3e, 0x5b, 0x3e, 0x5b, 0x3e, 0x5b, 0x3e, 0x5b, 0x3e, 0x5b, 0x3e, 0x5b, 0x3e, 0x5b, 0x3e,
    0x5b, 0x3e, 0x5b, 0x3e, 0x5b, 0x3e, 0x5b, 0x3e, 0x5b, 0x3e, 0x5b, 0x3e, 0x5b, 0x3e, 0x5b, 0x3e, 0x5b, 0x3e, 0x5b,
    0x3e, 0x5b, 0x3e, 0x5b, 0x3e, 0x5b, 0x3e, 0x5b, 0x3e, 0x5b, 0x3e, 0x5b, 0x3e, 0x5b, 0x3e, 0x5b, 0x3e, 0x5b, 0x3e,
    0x5b, 0x3e, 0x5b, 0x3e, 0x5b, 0x3e, 0x5b, 0x3e, 0x5b, 0x3e, 0x5b, 0x3e, 0x5b, 0x3e, 0x5b, 0x3e, 0x5b, 0x3e, 0x5b,
    0x3e, 0x5b, 0x3e, 0x5b, 0x3e, 0x5b, 0x3e, 0x5b, 0x3e, 0x5b, 0x3e, 0x5b, 0x3e, 0x5b, 0x3e, 0x5b, 0x3e, 0x5b, 0x3e,
    0x5b, 0x3e, 0x5b, 0x3e, 0x5b, 0x3e, 0x5b, 0x3e, 0x5b, 0x3e, 0x5b, 0x3e, 0x5b, 0x3e, 0x5b, 0x3e, 0x5b, 0x3e, 0x5b,
    0x3e, 0x5b, 0x3e, 0x5b, 0x3e, 0x5b, 0x3e, 0x5b, 0x3e, 0x5b, 0x3e, 0x5b, 0x3e, 0x5b, 0x3e, 0x5b, 0x3e, 0x5b, 0x3e,
    0x5b, 0x3e, 0x5b, 0x3e, 0x5b, 0x3e, 0x5b, 0x3e, 0x5b, 0xa3, 0x10, 0xa3, 0x10, 0xa3, 0x10, 0xa3, 0x10, 0xa3, 0x10,
    0xa3, 0x10, 0xa3, 0x10, 0xa3, 0x10, 0xa3, 0x10, 0xa3, 0x10, 0xa3, 0x10, 0xa3, 0x10, 0xa3, 0x10, 0xa3, 0x10, 0xa3,
    0x10, 0xa3, 0x10, 0xa3, 0x10, 0xa3, 0x10, 0xa3, 0x10, 0xa3, 0x10, 0xa3, 0x10, 0xa3, 0x10, 0xa3, 0x10, 0xa3, 0x10,
    0xa3, 0x10, 0xa3, 0x10, 0xa3, 0x10, 0xa3, 0x10, 0xa3, 0x10, 0xa3, 0x10, 0xa3, 0x10, 0xa3, 0x10, 0xa3, 0x10, 0xa3,
    0x10, 0xa3, 0x10, 0xa3, 0x10, 0xa3, 0x10, 0xa3, 0x10, 0xa3, 0x10, 0xa3, 0x10, 0xa3, 0x10, 0xa3, 0x10, 0xa3, 0x10,
    0xa3, 0x10, 0xa3, 0x10, 0xa3, 0x10, 0xa3, 0x10, 0xa3, 0x10, 0xa3, 0x10, 0xa3, 0x10, 0xa3, 0x10, 0xa3, 0x10, 0xa3,
    0x10, 0xa3, 0x10, 0xa3, 0x10, 0xa3, 0x10, 0xa3, 0x10, 0xa3, 0x10, 0xa3, 0x10, 0xa3, 0x10, 0xa3, 0x10, 0xa3, 0x10,
    0xa3, 0x10, 0xa3, 0x10, 0xa3, 0x10, 0xa3, 0x10, 0xa3, 0x10, 0xa3, 0x10, 0xa3, 0x10, 0xa3, 0x10, 0xa3, 0x10, 0xa3,
    0x10, 0xa3, 0x10, 0xa3, 0x10, 0xa3, 0x10, 0xa3, 0x10, 0xa3, 0x10, 0xa3, 0x10, 0xf1, 0x31, 0xf1, 0x31, 0xf1, 0x31,
    0xf1, 0x31, 0xf1, 0x31, 0xf1, 0x31, 0xf1, 0x31, 0xf1, 0x31, 0xf1, 0x31, 0xf1, 0x31, 0xf1, 0x31, 0xf1, 0x31, 0xf1,
    0x31, 0xf1, 0x31, 0x3e, 0x5b, 0x3e, 0x5b, 0x3e, 0x5b, 0x3e, 0x5b, 0x3e, 0x5b, 0x3e, 0x5b, 0x3e, 0x5b, 0x3e, 0x5b,
    0x3e, 0x5b, 0x3e, 0x5b, 0x3e, 0x5b, 0x3e, 0x5b, 0x3e, 0x5b, 0x3e, 0x5b, 0x3e, 0x5b, 0x3e, 0x5b, 0x3e, 0x5b, 0x3e,
    0x5b, 0x3e, 0x5b, 0x3e, 0x5b, 0x3e, 0x5b, 0x3e, 0x5b, 0x3e, 0x5b, 0x3e, 0x5b, 0x3e, 0x5b, 0x3e, 0x5b, 0x3e, 0x5b,
    0x3e, 0x5b, 0x3e, 0x5b, 0x3e, 0x5b, 0x3e, 0x5b, 0x3e, 0x5b, 0x3e, 0x5b, 0x3e, 0x5b, 0x3e, 0x5b, 0x3e, 0x5b, 0x3e,
    0x5b, 0x3e, 0x5b, 0x3e, 0x5b, 0x3e, 0x5b, 0x3e, 0x5b, 0x3e, 0x5b, 0x3e, 0x5b, 0x3e, 0x5b, 0x3e, 0x5b, 0x3e, 0x5b,
    0x3e, 0x5b, 0x3e, 0x5b, 0x3e, 0x5b, 0x3e, 0x5b, 0x3e, 0x5b, 0x3e, 0x5b, 0x3e, 0x5b, 0x3e, 0x5b, 0x3e, 0x5b, 0x3e,
    0x5b, 0x3e, 0x5b, 0x3e, 0x5b, 0x3e, 0x5b, 0x3e, 0x5b, 0x3e, 0x5b, 0x3e, 0x5b, 0x3e, 0x5b, 0x3e, 0x5b, 0x3e, 0x5b,
    0x3e, 0x5b, 0x3e, 0x5b, 0x3e, 0x5b, 0x3e, 0x5b, 0x3e, 0x5b, 0x3e, 0x5b, 0x3e, 0x5b, 0x3e, 0x5b, 0x3e, 0x5b, 0x3e,
    0x5b, 0x3e, 0x5b, 0x3e, 0x5b, 0x3e, 0x5b, 0x3e, 0x5b, 0x3e, 0x5b, 0x3e, 0x5b, 0x3e, 0x5b, 0x3e, 0x5b, 0x3e, 0x5b,
    0x3e, 0x5b, 0x3e, 0x5b, 0x3e, 0x5b, 0x3e, 0x5b, 0x3e, 0x5b, 0x3e, 0x5b, 0x3e, 0x5b, 0x3e, 0x5b, 0x3e, 0x5b, 0x3e,
    0x5b, 0x3e, 0x5b, 0x3e, 0x5b, 0x3e, 0x5b, 0x3e, 0x5b, 0x3e, 0x5b, 0x3e, 0x5b, 0x3e, 0x5b, 0x3e, 0x5b, 0x3e, 0x5b,
    0x3e, 0x5b, 0x3e, 0x5b, 0x3e, 0x5b, 0x3e, 0x5b, 0x3e, 0x5b, 0xa3, 0x10, 0xa3, 0x10, 0xa3, 0x10, 0xa3, 0x10, 0xa3,
    0x10, 0xa3, 0x10, 0xa3, 0x10, 0xa3, 0x10, 0xa3, 0x10, 0xa3, 0x10, 0xa3, 0x10, 0xa3, 0x10, 0xa3, 0x10, 0xa3, 0x10,
    0xa3, 0x10, 0xa3, 0x10, 0xa3, 0x10, 0xa3, 0x10, 0xa3, 0x10, 0xa3, 0x10, 0xa3, 0x10, 0xa3, 0x10, 0xa3, 0x10, 0xa3,
    0x10, 0xa3, 0x10, 0xa3, 0x10, 0xa3, 0x10, 0xa3, 0x10, 0xa3, 0x10, 0xa3, 0x10, 0xa3, 0x10, 0xa3, 0x10, 0xa3, 0x10,
    0xa3, 0x10, 0xa3, 0x10, 0xa3, 0x10, 0xa3, 0x10, 0xa3, 0x10, 0xa3, 0x10, 0xa3, 0x10, 0xa3, 0x10, 0xa3, 0x10, 0xa3,
    0x10, 0xa3, 0x10, 0xa3, 0x10, 0xa3, 0x10, 0xa3, 0x10, 0xa3, 0x10, 0xa3, 0x10, 0xa3, 0x10, 0xa3, 0x10, 0xa3, 0x10,
    0xa3, 0x10, 0xa3, 0x10, 0xa3, 0x10, 0xa3, 0x10, 0xa3, 0x10, 0xa3, 0x10, 0xa3, 0x10, 0xa3, 0x10, 0xa3, 0x10, 0xa3,
    0x10, 0xa3, 0x10, 0xa3, 0x10, 0xa3, 0x10, 0xa3, 0x10, 0xa3, 0x10, 0xa3, 0x10, 0xa3, 0x10, 0xa3, 0x10, 0xa3, 0x10,
    0xa3, 0x10, 0xa3, 0x10, 0xa3, 0x10, 0xa3, 0x10, 0xa3, 0x10, 0xa3, 0x10, 0xa3, 0x10, 0xf1, 0x31, 0xf1, 0x31, 0xf1,
    0x31, 0xf1, 0x31, 0xf1, 0x31, 0xf1, 0x31, 0xf1, 0x31, 0xf1, 0x31, 0xf1, 0x31, 0xf1, 0x31, 0xf1, 0x31, 0xf1, 0x31,
    0xf1, 0x31, 0xf1, 0x31, 0x3e, 0x5b, 0x3e, 0x5b, 0x3e, 0x5b, 0x3e, 0x5b, 0x3e, 0x5b, 0x3e, 0x5b, 0x3e, 0x5b, 0x3e,
    0x5b, 0x3e, 0x5b, 0x3e, 0x5b, 0x3e, 0x5b, 0x3e, 0x5b, 0x3e, 0x5b, 0x3e, 0x5b, 0x3e, 0x5b, 0x3e, 0x5b, 0x3e, 0x5b,
    0x3e, 0x5b, 0x3e, 0x5b, 0x3e, 0x5b, 0x3e, 0x5b, 0x3e, 0x5b, 0x3e, 0x5b, 0x3e, 0x5b, 0x3e, 0x5b, 0x3e, 0x5b, 0x3e,
    0x5b, 0x3e, 0x5b, 0x3e, 0x5b, 0x3e, 0x5b, 0x3e, 0x5b, 0x3e, 0x5b, 0x3e, 0x5b, 0x3e, 0x5b, 0x3e, 0x5b, 0x3e, 0x5b,
    0x3e, 0x5b, 0x3e, 0x5b, 0x3e, 0x5b, 0x3e, 0x5b, 0x3e, 0x5b, 0x3e, 0x5b, 0x3e, 0x5b, 0x3e, 0x5b, 0x3e, 0x5b, 0x3e,
    0x5b, 0x3e, 0x5b, 0x3e, 0x5b, 0x3e, 0x5b, 0x3e, 0x5b, 0x3e, 0x5b, 0x3e, 0x5b, 0x3e, 0x5b, 0x3e, 0x5b, 0x3e, 0x5b,
    0x3e, 0x5b, 0x3e, 0x5b, 0x3e, 0x5b, 0x3e, 0x5b, 0x3e, 0x5b, 0x3e, 0x5b, 0x3e, 0x5b, 0x3e, 0x5b, 0x3e, 0x5b, 0x3e,
    0x5b, 0x3e, 0x5b, 0x3e, 0x5b, 0x3e, 0x5b, 0x3e, 0x5b, 0x3e, 0x5b, 0x3e, 0x5b, 0x3e, 0x5b, 0x3e, 0x5b, 0x3e, 0x5b,
    0x3e, 0x5b, 0x3e, 0x5b, 0x3e, 0x5b, 0x3e, 0x5b, 0x3e, 0x5b, 0x3e, 0x5b, 0x3e, 0x5b, 0x3e, 0x5b, 0x3e, 0x5b, 0x3e,
    0x5b, 0x3e, 0x5b, 0x3e, 0x5b, 0x3e, 0x5b, 0x3e, 0x5b, 0x3e, 0x5b, 0x3e, 0x5b, 0x3e, 0x5b, 0x3e, 0x5b, 0x3e, 0x5b,
    0x3e, 0x5b, 0x3e, 0x5b, 0x3e, 0x5b, 0x3e, 0x5b, 0x3e, 0x5b, 0x3e, 0x5b, 0x3e, 0x5b, 0x3e, 0x5b, 0x3e, 0x5b, 0x3e,
    0x5b, 0x3e, 0x5b, 0x3e, 0x5b, 0x3e, 0x5b, 0x3e, 0x5b, 0x3e, 0x5b, 0xa3, 0x10, 0xa3, 0x10, 0xa3, 0x10, 0xa3, 0x10,
    0xa3, 0x10, 0xa3, 0x10, 0xa3, 0x10, 0xa3, 0x10, 0xa3, 0x10, 0xa3, 0x10, 0xa3, 0x10, 0xa3, 0x10, 0xa3, 0x10, 0xa3,
    0x10, 0xa3, 0x10, 0xa3, 0x10, 0xa3, 0x10, 0xa3, 0x10, 0xa3, 0x10, 0xa3, 0x10, 0xa3, 0x10, 0xa3, 0x10, 0xa3, 0x10,
    0xa3, 0x10, 0xa3, 0x10, 0xa3, 0x10, 0xa3, 0x10, 0xa3, 0x10, 0xa3, 0x10, 0xa3, 0x10, 0xa3, 0x10, 0xa3, 0x10, 0xa3,
    0x10, 0xa3, 0x10, 0xa3, 0x10, 0xa3, 0x10, 0xa3, 0x10, 0xa3, 0x10, 0xa3, 0x10, 0xa3, 0x10, 0xa3, 0x10, 0xa3, 0x10,
    0xa3, 0x10, 0xa3, 0x10, 0xa3, 0x10, 0xa3, 0x10, 0xa3, 0x10, 0xa3, 0x10, 0xa3, 0x10, 0xa3, 0x10, 0xa3, 0x10, 0xa3,
    0x10, 0xa3, 0x10, 0xa3, 0x10, 0xa3, 0x10, 0xa3, 0x10, 0xa3, 0x10, 0xa3, 0x10, 0xa3, 0x10, 0xa3, 0x10, 0xa3, 0x10,
    0xa3, 0x10, 0xa3, 0x10, 0xa3, 0x10, 0xa3, 0x10, 0xa3, 0x10, 0xa3, 0x10, 0xa3, 0x10, 0xa3, 0x10, 0xa3, 0x10, 0xa3,
    0x10, 0xa3, 0x10, 0xa3, 0x10, 0xa3, 0x10, 0xa3, 0x10, 0xa3, 0x10, 0xa3, 0x10, 0xa3, 0x10, 0xf1, 0x31, 0xf1, 0x31,
    0xf1, 0x31, 0xf1, 0x31, 0xf1, 0x31, 0xf1, 0x31, 0xf1, 0x31, 0xf1, 0x31, 0xf1, 0x31, 0xf1, 0x31, 0xf1, 0x31, 0xf1,
    0x31, 0xf1, 0x31, 0xf1, 0x31, 0x3e, 0x5b, 0x3e, 0x5b, 0x3e, 0x5b, 0x3e, 0x5b, 0x3e, 0x5b, 0x3e, 0x5b, 0x3e, 0x5b,
    0x3e, 0x5b, 0x3e, 0x5b, 0x3e, 0x5b, 0x3e, 0x5b, 0x3e, 0x5b, 0x3e, 0x5b, 0x3e, 0x5b, 0x3e, 0x5b, 0x3e, 0x5b, 0x3e,
    0x5b, 0x3e, 0x5b, 0x3e, 0x5b, 0x3e, 0x5b, 0x3e, 0x5b, 0x3e, 0x5b, 0x3e, 0x5b, 0x3e, 0x5b, 0x3e, 0x5b, 0x3e, 0x5b,
    0x3e, 0x5b, 0x3e, 0x5b, 0x3e, 0x5b, 0x3e, 0x5b, 0x3e, 0x5b, 0x3e, 0x5b, 0x3e, 0x5b, 0x3e, 0x5b, 0x3e, 0x5b, 0x3e,
    0x5b, 0x3e, 0x5b, 0x3e, 0x5b, 0x3e, 0x5b, 0x3e, 0x5b, 0x3e, 0x5b, 0x3e, 0x5b, 0x3e, 0x5b, 0x3e, 0x5b, 0x3e, 0x5b,
    0x3e, 0x5b, 0x3e, 0x5b, 0x3e, 0x5b, 0x3e, 0x5b, 0x3e, 0x5b, 0x3e, 0x5b, 0x3e, 0x5b, 0x3e, 0x5b, 0x3e, 0x5b, 0x3e,
    0x5b, 0x3e, 0x5b, 0x3e, 0x5b, 0x3e, 0x5b, 0x3e, 0x5b, 0x3e, 0x5b, 0x3e, 0x5b, 0x3e, 0x5b, 0x3e, 0x5b, 0x3e, 0x5b,
    0x3e, 0x5b, 0x3e, 0x5b, 0x3e, 0x5b, 0x3e, 0x5b, 0x3e, 0x5b, 0x3e, 0x5b, 0x3e, 0x5b, 0x3e, 0x5b, 0x3e, 0x5b, 0x3e,
    0x5b, 0x3e, 0x5b, 0x3e, 0x5b, 0x3e, 0x5b, 0x3e, 0x5b, 0x3e, 0x5b, 0x3e, 0x5b, 0x3e, 0x5b, 0x3e, 0x5b, 0x3e, 0x5b,
    0x3e, 0x5b, 0x3e, 0x5b, 0x3e, 0x5b, 0x3e, 0x5b, 0x3e, 0x5b, 0x3e, 0x5b, 0x3e, 0x5b, 0x3e, 0x5b, 0x3e, 0x5b, 0x3e,
    0x5b, 0x3e, 0x5b, 0x3e, 0x5b, 0x3e, 0x5b, 0x3e, 0x5b, 0x3e, 0x5b, 0x3e, 0x5b, 0x3e, 0x5b, 0x3e, 0x5b, 0x3e, 0x5b,
    0x3e, 0x5b, 0x3e, 0x5b, 0x3e, 0x5b, 0x3e, 0x5b, 0x3e, 0x5b, 0x3e, 0x5b, 0xa3, 0x10, 0xa3, 0x10, 0xa3, 0x10, 0xa3,
    0x10, 0xa3, 0x10, 0xa3, 0x10, 0xa3, 0x10, 0xa3, 0x10, 0xa3, 0x10, 0xa3, 0x10, 0xa3, 0x10, 0xa3, 0x10, 0xa3, 0x10,
    0xa3, 0x10, 0xa3, 0x10, 0xa3, 0x10, 0xa3, 0x10, 0xa3, 0x10, 0xa3, 0x10, 0xa3, 0x10, 0xa3, 0x10, 0xa3, 0x10, 0xa3,
    0x10, 0xa3, 0x10, 0xa3, 0x10, 0xa3, 0x10, 0xa3, 0x10, 0xa3, 0x10, 0xa3, 0x10, 0xa3, 0x10, 0xa3, 0x10, 0xa3, 0x10,
    0xa3, 0x10, 0xa3, 0x10, 0xa3, 0x10, 0xa3, 0x10, 0xa3, 0x10, 0xa3, 0x10, 0xa3, 0x10, 0xa3, 0x10, 0xa3, 0x10, 0xa3,
    0x10, 0xa3, 0x10, 0xa3, 0x10, 0xa3, 0x10, 0xa3, 0x10, 0xa3, 0x10, 0xa3, 0x10, 0xa3, 0x10, 0xa3, 0x10, 0xa3, 0x10,
    0xa3, 0x10, 0xa3, 0x10, 0xa3, 0x10, 0xa3, 0x10, 0xa3, 0x10, 0xa3, 0x10, 0xa3, 0x10, 0xa3, 0x10, 0xa3, 0x10, 0xa3,
    0x10, 0xa3, 0x10, 0xa3, 0x10, 0xa3, 0x10, 0xa3, 0x10, 0xa3, 0x10, 0xa3, 0x10, 0xa3, 0x10, 0xa3, 0x10, 0xa3, 0x10,
    0xa3, 0x10, 0xa3, 0x10, 0xa3, 0x10, 0xa3, 0x10, 0xa3, 0x10, 0xa3, 0x10, 0xa3, 0x10, 0xa3, 0x10, 0xf1, 0x31, 0xf1,
    0x31, 0xf1, 0x31, 0xf1, 0x31, 0xf1, 0x31, 0xf1, 0x31, 0xf1, 0x31, 0xf1, 0x31, 0xf1, 0x31, 0xf1, 0x31, 0xf1, 0x31,
    0xf1, 0x31, 0xf1, 0x31, 0xf1, 0x31, 0x3e, 0x5b, 0x3e, 0x5b, 0x3e, 0x5b, 0x3e, 0x5b, 0x3e, 0x5b, 0x3e, 0x5b, 0x3e,
    0x5b, 0x3e, 0x5b, 0x3e, 0x5b, 0x3e, 0x5b, 0x3e, 0x5b, 0x3e, 0x5b, 0x3e, 0x5b, 0x3e, 0x5b, 0x3e, 0x5b, 0x3e, 0x5b,
    0x3e, 0x5b, 0x3e, 0x5b, 0x3e, 0x5b, 0x3e, 0x5b, 0x3e, 0x5b, 0x3e, 0x5b, 0x3e, 0x5b, 0x3e, 0x5b, 0x3e, 0x5b, 0x3e,
    0x5b, 0x3e, 0x5b, 0x3e, 0x5b, 0x3e, 0x5b, 0x3e, 0x5b, 0x3e, 0x5b, 0x3e, 0x5b, 0x3e, 0x5b, 0x3e, 0x5b, 0x3e, 0x5b,
    0x3e, 0x5b, 0x3e, 0x5b, 0x3e, 0x5b, 0x3e, 0x5b, 0x3e, 0x5b, 0x3e, 0x5b, 0x3e, 0x5b, 0x3e, 0x5b, 0x3e, 0x5b, 0x3e,
    0x5b, 0x3e, 0x5b, 0x3e, 0x5b, 0x3e, 0x5b, 0x3e, 0x5b, 0x3e, 0x5b, 0x3e, 0x5b, 0x3e, 0x5b, 0x3e, 0x5b, 0x3e, 0x5b,
    0x3e, 0x5b, 0x3e, 0x5b, 0x3e, 0x5b, 0x3e, 0x5b, 0x3e, 0x5b, 0x3e, 0x5b, 0x3e, 0x5b, 0x3e, 0x5b, 0x3e, 0x5b, 0x3e,
    0x5b, 0x3e, 0x5b, 0x3e, 0x5b, 0x3e, 0x5b, 0x3e, 0x5b, 0x3e, 0x5b, 0x3e, 0x5b, 0x3e, 0x5b, 0x3e, 0x5b, 0x3e, 0x5b,
    0x3e, 0x5b, 0x3e, 0x5b, 0x3e, 0x5b, 0x3e, 0x5b, 0x3e, 0x5b, 0x3e, 0x5b, 0x3e, 0x5b, 0x3e, 0x5b, 0x3e, 0x5b, 0x3e,
    0x5b, 0x3e, 0x5b, 0x3e, 0x5b, 0x3e, 0x5b, 0x3e, 0x5b, 0x3e, 0x5b, 0x3e, 0x5b, 0x3e, 0x5b, 0x3e, 0x5b, 0x3e, 0x5b,
    0x3e, 0x5b, 0x3e, 0x5b, 0x3e, 0x5b, 0x3e, 0x5b, 0x3e, 0x5b, 0x3e, 0x5b, 0x3e, 0x5b, 0x3e, 0x5b, 0x3e, 0x5b, 0x3e,
    0x5b, 0x3e, 0x5b, 0x3e, 0x5b, 0x3e, 0x5b, 0x3e, 0x5b, 0x3e, 0x5b, 0x3e, 0x5b, 0xa3, 0x10, 0xa3, 0x10, 0xa3, 0x10,
    0xa3, 0x10, 0xa3, 0x10, 0xa3, 0x10, 0xa3, 0x10, 0xa3, 0x10, 0xa3, 0x10, 0xa3, 0x10, 0xa3, 0x10, 0xa3, 0x10, 0xa3,
    0x10, 0xa3, 0x10, 0xa3, 0x10, 0xa3, 0x10, 0xa3, 0x10, 0xa3, 0x10, 0xa3, 0x10, 0xa3, 0x10, 0xa3, 0x10, 0xa3, 0x10,
    0xa3, 0x10, 0xa3, 0x10, 0xa3, 0x10, 0xa3, 0x10, 0xa3, 0x10, 0xa3, 0x10, 0xa3, 0x10, 0xa3, 0x10, 0xa3, 0x10, 0xa3,
    0x10, 0xa3, 0x10, 0xa3, 0x10, 0xa3, 0x10, 0xa3, 0x10, 0xa3, 0x10, 0xa3, 0x10, 0xa3, 0x10, 0xa3, 0x10, 0xa3, 0x10,
    0xa3, 0x10, 0xa3, 0x10, 0xa3, 0x10, 0xa3, 0x10, 0xa3, 0x10, 0xa3, 0x10, 0xa3, 0x10, 0xa3, 0x10, 0xa3, 0x10, 0xa3,
    0x10, 0xa3, 0x10, 0xa3, 0x10, 0xa3, 0x10, 0xa3, 0x10, 0xa3, 0x10, 0xa3, 0x10, 0xa3, 0x10, 0xa3, 0x10, 0xa3, 0x10,
    0xa3, 0x10, 0xa3, 0x10, 0xa3, 0x10, 0xa3, 0x10, 0xa3, 0x10, 0xa3, 0x10, 0xa3, 0x10, 0xa3, 0x10, 0xa3, 0x10, 0xa3,
    0x10, 0xa3, 0x10, 0xa3, 0x10, 0xa3, 0x10, 0xa3, 0x10, 0xa3, 0x10, 0xa3, 0x10, 0xa3, 0x10, 0xa3, 0x10, 0xf1, 0x31,
    0xf1, 0x31, 0xf1, 0x31, 0xf1, 0x31, 0xf1, 0x31, 0xf1, 0x31, 0xf1, 0x31, 0xf1, 0x31, 0xf1, 0x31, 0xf1, 0x31, 0xf1,
    0x31, 0xf1, 0x31, 0xf1, 0x31, 0xf1, 0x31, 0x3e, 0x5b, 0x3e, 0x5b, 0x3e, 0x5b, 0x3e, 0x5b, 0x3e, 0x5b, 0x3e, 0x5b,
    0x3e, 0x5b, 0x3e, 0x5b, 0x3e, 0x5b, 0x3e, 0x5b, 0x3e, 0x5b, 0x3e, 0x5b, 0x3e, 0x5b, 0x3e, 0x5b, 0x3e, 0x5b, 0x3e,
    0x5b, 0x3e, 0x5b, 0x3e, 0x5b, 0x3e, 0x5b, 0x3e, 0x5b, 0x3e, 0x5b, 0x3e, 0x5b, 0x3e, 0x5b, 0x3e, 0x5b, 0x3e, 0x5b,
    0x3e, 0x5b, 0x3e, 0x5b, 0x3e, 0x5b, 0x3e, 0x5b, 0x3e, 0x5b, 0x3e, 0x5b, 0x3e, 0x5b, 0x3e, 0x5b, 0x3e, 0x5b, 0x3e,
    0x5b, 0x3e, 0x5b, 0x3e, 0x5b, 0x3e, 0x5b, 0x3e, 0x5b, 0x3e, 0x5b, 0x3e, 0x5b, 0x3e, 0x5b, 0x3e, 0x5b, 0x3e, 0x5b,
    0x3e, 0x5b, 0x3e, 0x5b, 0x3e, 0x5b, 0x3e, 0x5b, 0x3e, 0x5b, 0x3e, 0x5b, 0x3e, 0x5b, 0x3e, 0x5b, 0x3e, 0x5b, 0x3e,
    0x5b, 0x3e, 0x5b, 0x3e, 0x5b, 0x3e, 0x5b, 0x3e, 0x5b, 0x3e, 0x5b, 0x3e, 0x5b, 0x3e, 0x5b, 0x3e, 0x5b, 0x3e, 0x5b,
    0x3e, 0x5b, 0x3e, 0x5b, 0x3e, 0x5b, 0x3e, 0x5b, 0x3e, 0x5b, 0x3e, 0x5b, 0x3e, 0x5b, 0x3e, 0x5b, 0x3e, 0x5b, 0x3e,
    0x5b, 0x3e, 0x5b, 0x3e, 0x5b, 0x3e, 0x5b, 0x3e, 0x5b, 0x3e, 0x5b, 0x3e, 0x5b, 0x3e, 0x5b, 0x3e, 0x5b, 0x3e, 0x5b,
    0x3e, 0x5b, 0x3e, 0x5b, 0x3e, 0x5b, 0x3e, 0x5b, 0x3e, 0x5b, 0x3e, 0x5b, 0x3e, 0x5b, 0x3e, 0x5b, 0x3e, 0x5b, 0x3e,
    0x5b, 0x3e, 0x5b, 0x3e, 0x5b, 0x3e, 0x5b, 0x3e, 0x5b, 0x3e, 0x5b, 0x3e, 0x5b, 0x3e, 0x5b, 0x3e, 0x5b, 0x3e, 0x5b,
    0x3e, 0x5b, 0x3e, 0x5b, 0x3e, 0x5b, 0x3e, 0x5b, 0x3e, 0x5b, 0x3e, 0x5b, 0x3e, 0x5b, 0xa3, 0x10, 0xa3, 0x10, 0xa3,
    0x10, 0xa3, 0x10, 0xa3, 0x10, 0xa3, 0x10, 0xa3, 0x10, 0xa3, 0x10, 0xa3, 0x10, 0xa3, 0x10, 0xa3, 0x10, 0xa3, 0x10,
    0xa3, 0x10, 0xa3, 0x10, 0xa3, 0x10, 0xa3, 0x10, 0xa3, 0x10, 0xa3, 0x10, 0xa3, 0x10, 0xa3, 0x10, 0xa3, 0x10, 0xa3,
    0x10, 0xa3, 0x10, 0xa3, 0x10, 0xa3, 0x10, 0xa3, 0x10, 0xa3, 0x10, 0xa3, 0x10, 0xa3, 0x10, 0xa3, 0x10, 0xa3, 0x10,
    0xa3, 0x10, 0xa3, 0x10, 0xa3, 0x10, 0xa3, 0x10, 0xa3, 0x10, 0xa3, 0x10, 0xa3, 0x10, 0xa3, 0x10, 0xa3, 0x10, 0xa3,
    0x10, 0xa3, 0x10, 0xa3, 0x10, 0xa3, 0x10, 0xa3, 0x10, 0xa3, 0x10, 0xa3, 0x10, 0xa3, 0x10, 0xa3, 0x10, 0xa3, 0x10,
    0xa3, 0x10, 0xa3, 0x10, 0xa3, 0x10, 0xa3, 0x10, 0xa3, 0x10, 0xa3, 0x10, 0xa3, 0x10, 0xa3, 0x10, 0xa3, 0x10, 0xa3,
    0x10, 0xa3, 0x10, 0xa3, 0x10, 0xa3, 0x10, 0xa3, 0x10, 0xa3, 0x10, 0xa3, 0x10, 0xa3, 0x10, 0xa3, 0x10, 0xa3, 0x10,
    0xa3, 0x10, 0xa3, 0x10, 0xa3, 0x10, 0xa3, 0x10, 0xa3, 0x10, 0xa3, 0x10, 0xa3, 0x10, 0xa3, 0x10, 0xa3, 0x10, 0xf1,
    0x31, 0xf1, 0x31, 0xf1, 0x31, 0xf1, 0x31, 0xf1, 0x31, 0xf1, 0x31, 0xf1, 0x31, 0xf1, 0x31, 0xf1, 0x31, 0xf1, 0x31,
    0xf1, 0x31, 0xf1, 0x31, 0xf1, 0x31, 0xf1, 0x31, 0x3e, 0x5b, 0x3e, 0x5b, 0x3e, 0x5b, 0x3e, 0x5b, 0x3e, 0x5b, 0x3e,
    0x5b, 0x3e, 0x5b, 0x3e, 0x5b, 0x3e, 0x5b, 0x3e, 0x5b, 0x3e, 0x5b, 0x3e, 0x5b, 0x3e, 0x5b, 0x3e, 0x5b, 0x3e, 0x5b,
    0x3e, 0x5b, 0x3e, 0x5b, 0x3e, 0x5b, 0x3e, 0x5b, 0x3e, 0x5b, 0x3e, 0x5b, 0x3e, 0x5b, 0x3e, 0x5b, 0x3e, 0x5b, 0x3e,
    0x5b, 0x3e, 0x5b, 0x3e, 0x5b, 0x3e, 0x5b, 0x3e, 0x5b, 0x3e, 0x5b, 0x3e, 0x5b, 0x3e, 0x5b, 0x3e, 0x5b, 0x3e, 0x5b,
    0x3e, 0x5b, 0x3e, 0x5b, 0x3e, 0x5b, 0x3e, 0x5b, 0x3e, 0x5b, 0x3e, 0x5b, 0x3e, 0x5b, 0x3e, 0x5b, 0x3e, 0x5b, 0x3e,
    0x5b, 0x3e, 0x5b, 0x3e, 0x5b, 0x3e, 0x5b, 0x3e, 0x5b, 0x3e, 0x5b, 0x3e, 0x5b, 0x3e, 0x5b, 0x3e, 0x5b, 0x3e, 0x5b,
    0x3e, 0x5b, 0x3e, 0x5b, 0x3e, 0x5b, 0x3e, 0x5b, 0x3e, 0x5b, 0x3e, 0x5b, 0x3e, 0x5b, 0x3e, 0x5b, 0x3e, 0x5b, 0x3e,
    0x5b, 0x3e, 0x5b, 0x3e, 0x5b, 0x3e, 0x5b, 0x3e, 0x5b, 0x3e, 0x5b, 0x3e, 0x5b, 0x3e, 0x5b, 0x3e, 0x5b, 0x3e, 0x5b,
    0x3e, 0x5b, 0x3e, 0x5b, 0x3e, 0x5b, 0x3e, 0x5b, 0x3e, 0x5b, 0x3e, 0x5b, 0x3e, 0x5b, 0x3e, 0x5b, 0x3e, 0x5b, 0x3e,
    0x5b, 0x3e, 0x5b, 0x3e, 0x5b, 0x3e, 0x5b, 0x3e, 0x5b, 0x3e, 0x5b, 0x3e, 0x5b, 0x3e, 0x5b, 0x3e, 0x5b, 0x3e, 0x5b,
    0x3e, 0x5b, 0x3e, 0x5b, 0x3e, 0x5b, 0x3e, 0x5b, 0x3e, 0x5b, 0x3e, 0x5b, 0x3e, 0x5b, 0x3e, 0x5b, 0x3e, 0x5b, 0x3e,
    0x5b, 0x3e, 0x5b, 0x3e, 0x5b, 0x3e, 0x5b, 0x3e, 0x5b, 0x3e, 0x5b, 0x3e, 0x5b, 0x3e, 0x5b, 0xa3, 0x10, 0xa3, 0x10,
    0xa3, 0x10, 0xa3, 0x10, 0xa3, 0x10, 0xa3, 0x10, 0xa3, 0x10, 0xa3, 0x10, 0xa3, 0x10, 0xa3, 0x10, 0xa3, 0x10, 0xa3,
    0x10, 0xa3, 0x10, 0xa3, 0x10, 0xa3, 0x10, 0xa3, 0x10, 0xa3, 0x10, 0xa3, 0x10, 0xa3, 0x10, 0xa3, 0x10, 0xa3, 0x10,
    0xa3, 0x10, 0xa3, 0x10, 0xa3, 0x10, 0xa3, 0x10, 0xa3, 0x10, 0xa3, 0x10, 0xa3, 0x10, 0xa3, 0x10, 0xa3, 0x10, 0xa3,
    0x10, 0xa3, 0x10, 0xa3, 0x10, 0xa3, 0x10, 0xa3, 0x10, 0xa3, 0x10, 0xa3, 0x10, 0xa3, 0x10, 0xa3, 0x10, 0xa3, 0x10,
    0xa3, 0x10, 0xa3, 0x10, 0xa3, 0x10, 0xa3, 0x10, 0xa3, 0x10, 0xa3, 0x10, 0xa3, 0x10, 0xa3, 0x10, 0xa3, 0x10, 0xa3,
    0x10, 0xa3, 0x10, 0xa3, 0x10, 0xa3, 0x10, 0xa3, 0x10, 0xa3, 0x10, 0xa3, 0x10, 0xa3, 0x10, 0xa3, 0x10, 0xa3, 0x10,
    0xa3, 0x10, 0xa3, 0x10, 0xa3, 0x10, 0xa3, 0x10, 0xa3, 0x10, 0xa3, 0x10, 0xa3, 0x10, 0xa3, 0x10, 0xa3, 0x10, 0xa3,
    0x10, 0xa3, 0x10, 0xa3, 0x10, 0xa3, 0x10, 0xa3, 0x10, 0xa3, 0x10, 0xa3, 0x10, 0xa3, 0x10, 0xa3, 0x10, 0xa3, 0x10,
    0xf1, 0x31, 0xf1, 0x31, 0xf1, 0x31, 0xf1, 0x31, 0xf1, 0x31, 0xf1, 0x31, 0xf1, 0x31, 0xf1, 0x31, 0xf1, 0x31, 0xf1,
    0x31, 0xf1, 0x31, 0xf1, 0x31, 0xf1, 0x31, 0xf1, 0x31, 0x3e, 0x5b, 0x3e, 0x5b, 0x3e, 0x5b, 0x3e, 0x5b, 0x3e, 0x5b,
    0x3e, 0x5b, 0x3e, 0x5b, 0x3e, 0x5b, 0x3e, 0x5b, 0x3e, 0x5b, 0x3e, 0x5b, 0x3e, 0x5b, 0x3e, 0x5b, 0x3e, 0x5b, 0x3e,
    0x5b, 0x3e, 0x5b, 0x3e, 0x5b, 0x3e, 0x5b, 0x3e, 0x5b, 0x3e, 0x5b, 0x3e, 0x5b, 0x3e, 0x5b, 0x3e, 0x5b, 0x3e, 0x5b,
    0x3e, 0x5b, 0x3e, 0x5b, 0x3e, 0x5b, 0x3e, 0x5b, 0x3e, 0x5b, 0x3e, 0x5b, 0x3e, 0x5b, 0x3e, 0x5b, 0x3e, 0x5b, 0x3e,
    0x5b, 0x3e, 0x5b, 0x3e, 0x5b, 0x3e, 0x5b, 0x3e, 0x5b, 0x3e, 0x5b, 0x3e, 0x5b, 0x3e, 0x5b, 0x3e, 0x5b, 0x3e, 0x5b,
    0x3e, 0x5b, 0x3e, 0x5b, 0x3e, 0x5b, 0x3e, 0x5b, 0x3e, 0x5b, 0x3e, 0x5b, 0x3e, 0x5b, 0x3e, 0x5b, 0x3e, 0x5b, 0x3e,
    0x5b, 0x3e, 0x5b, 0x3e, 0x5b, 0x3e, 0x5b, 0x3e, 0x5b, 0x3e, 0x5b, 0x3e, 0x5b, 0x3e, 0x5b, 0x3e, 0x5b, 0x3e, 0x5b,
    0x3e, 0x5b, 0x3e, 0x5b, 0x3e, 0x5b, 0x3e, 0x5b, 0x3e, 0x5b, 0x3e, 0x5b, 0x3e, 0x5b, 0x3e, 0x5b, 0x3e, 0x5b, 0x3e,
    0x5b, 0x3e, 0x5b, 0x3e, 0x5b, 0x3e, 0x5b, 0x3e, 0x5b, 0x3e, 0x5b, 0x3e, 0x5b, 0x3e, 0x5b, 0x3e, 0x5b, 0x3e, 0x5b,
    0x3e, 0x5b, 0x3e, 0x5b, 0x3e, 0x5b, 0x3e, 0x5b, 0x3e, 0x5b, 0x3e, 0x5b, 0x3e, 0x5b, 0x3e, 0x5b, 0x3e, 0x5b, 0x3e,
    0x5b, 0x3e, 0x5b, 0x3e, 0x5b, 0x3e, 0x5b, 0x3e, 0x5b, 0x3e, 0x5b, 0x3e, 0x5b, 0x3e, 0x5b, 0x3e, 0x5b, 0x3e, 0x5b,
    0x3e, 0x5b, 0x3e, 0x5b, 0x3e, 0x5b, 0x3e, 0x5b, 0x3e, 0x5b, 0x3e, 0x5b, 0x3e, 0x5b, 0x3e, 0x5b, 0xa3, 0x10, 0xa3,
    0x10, 0xa3, 0x10, 0xa3, 0x10, 0xa3, 0x10, 0xa3, 0x10, 0xa3, 0x10, 0xa3, 0x10, 0xa3, 0x10, 0xa3, 0x10, 0xa3, 0x10,
    0xa3, 0x10, 0xa3, 0x10, 0xa3, 0x10, 0xa3, 0x10, 0xa3, 0x10, 0xa3, 0x10, 0xa3, 0x10, 0xa3, 0x10, 0xa3, 0x10, 0xa3,
    0x10, 0xa3, 0x10, 0xa3, 0x10, 0xa3, 0x10, 0xa3, 0x10, 0xa3, 0x10, 0xa3, 0x10, 0xa3, 0x10, 0xa3, 0x10, 0xa3, 0x10,
    0xa3, 0x10, 0xa3, 0x10, 0xa3, 0x10, 0xa3, 0x10, 0xa3, 0x10, 0xa3, 0x10, 0xa3, 0x10, 0xa3, 0x10, 0xa3, 0x10, 0xa3,
    0x10, 0xa3, 0x10, 0xa3, 0x10, 0xa3, 0x10, 0xa3, 0x10, 0xa3, 0x10, 0xa3, 0x10, 0xa3, 0x10, 0xa3, 0x10, 0xa3, 0x10,
    0xa3, 0x10, 0xa3, 0x10, 0xa3, 0x10, 0xa3, 0x10, 0xa3, 0x10, 0xa3, 0x10, 0xa3, 0x10, 0xa3, 0x10, 0xa3, 0x10, 0xa3,
    0x10, 0xa3, 0x10, 0xa3, 0x10, 0xa3, 0x10, 0xa3, 0x10, 0xa3, 0x10, 0xa3, 0x10, 0xa3, 0x10, 0xa3, 0x10, 0xa3, 0x10,
    0xa3, 0x10, 0xa3, 0x10, 0xa3, 0x10, 0xa3, 0x10, 0xa3, 0x10, 0xa3, 0x10, 0xa3, 0x10, 0xa3, 0x10, 0xa3, 0x10, 0xa3,
    0x10, 0xf1, 0x31, 0xf1, 0x31, 0xf1, 0x31, 0xf1, 0x31, 0xf1, 0x31, 0xf1, 0x31, 0xf1, 0x31, 0xf1, 0x31, 0xf1, 0x31,
    0xf1, 0x31, 0xf1, 0x31, 0xf1, 0x31, 0xf1, 0x31, 0xf1, 0x31, 0x3e, 0x5b, 0x3e, 0x5b, 0x3e, 0x5b, 0x3e, 0x5b, 0x3e,
    0x5b, 0x3e, 0x5b, 0x3e, 0x5b, 0x3e, 0x5b, 0x3e, 0x5b, 0x3e, 0x5b, 0x3e, 0x5b, 0x3e, 0x5b, 0x3e, 0x5b, 0x3e, 0x5b,
    0x3e, 0x5b, 0x3e, 0x5b, 0x3e, 0x5b, 0x3e, 0x5b, 0x3e, 0x5b, 0x3e, 0x5b, 0x3e, 0x5b, 0x3e, 0x5b, 0x3e, 0x5b, 0x3e,
    0x5b, 0x3e, 0x5b, 0x3e, 0x5b, 0x3e, 0x5b, 0x3e, 0x5b, 0x3e, 0x5b, 0x3e, 0x5b, 0x3e, 0x5b, 0x3e, 0x5b, 0x3e, 0x5b,
    0x3e, 0x5b, 0x3e, 0x5b, 0x3e, 0x5b, 0x3e, 0x5b, 0x3e, 0x5b, 0x3e, 0x5b, 0x3e, 0x5b, 0x3e, 0x5b, 0x3e, 0x5b, 0x3e,
    0x5b, 0x3e, 0x5b, 0x3e, 0x5b, 0x3e, 0x5b, 0x3e, 0x5b, 0x3e, 0x5b, 0x3e, 0x5b, 0x3e, 0x5b, 0x3e, 0x5b, 0x3e, 0x5b,
    0x3e, 0x5b, 0x3e, 0x5b, 0x3e, 0x5b, 0x3e, 0x5b, 0x3e, 0x5b, 0x3e, 0x5b, 0x3e, 0x5b, 0x3e, 0x5b, 0x3e, 0x5b, 0x3e,
    0x5b, 0x3e, 0x5b, 0x3e, 0x5b, 0x3e, 0x5b, 0x3e, 0x5b, 0x3e, 0x5b, 0x3e, 0x5b, 0x3e, 0x5b, 0x3e, 0x5b, 0x3e, 0x5b,
    0x3e, 0x5b, 0x3e, 0x5b, 0x3e, 0x5b, 0x3e, 0x5b, 0x3e, 0x5b, 0x3e, 0x5b, 0x3e, 0x5b, 0x3e, 0x5b, 0x3e, 0x5b, 0x3e,
    0x5b, 0x3e, 0x5b, 0x3e, 0x5b, 0x3e, 0x5b, 0x3e, 0x5b, 0x3e, 0x5b, 0x3e, 0x5b, 0x3e, 0x5b, 0x3e, 0x5b, 0x3e, 0x5b,
    0x3e, 0x5b, 0x3e, 0x5b, 0x3e, 0x5b, 0x3e, 0x5b, 0x3e, 0x5b, 0x3e, 0x5b, 0x3e, 0x5b, 0x3e, 0x5b, 0x3e, 0x5b, 0x3e,
    0x5b, 0x3e, 0x5b, 0x3e, 0x5b, 0x3e, 0x5b, 0x3e, 0x5b, 0x3e, 0x5b, 0x3e, 0x5b, 0x3e, 0x5b, 0x3e, 0x5b, 0xa3, 0x10,
    0xa3, 0x10, 0xa3, 0x10, 0xa3, 0x10, 0xa3, 0x10, 0xa3, 0x10, 0xa3, 0x10, 0xa3, 0x10, 0xa3, 0x10, 0xa3, 0x10, 0xa3,
    0x10, 0xa3, 0x10, 0xa3, 0x10, 0xa3, 0x10, 0xa3, 0x10, 0xa3, 0x10, 0xa3, 0x10, 0xa3, 0x10, 0xa3, 0x10, 0xa3, 0x10,
    0xa3, 0x10, 0xa3, 0x10, 0xa3, 0x10, 0xa3, 0x10, 0xa3, 0x10, 0xa3, 0x10, 0xa3, 0x10, 0xa3, 0x10, 0xa3, 0x10, 0xa3,
    0x10, 0xa3, 0x10, 0xa3, 0x10, 0xa3, 0x10, 0xa3, 0x10, 0xa3, 0x10, 0xa3, 0x10, 0xa3, 0x10, 0xa3, 0x10, 0xa3, 0x10,
    0xa3, 0x10, 0xa3, 0x10, 0xa3, 0x10, 0xa3, 0x10, 0xa3, 0x10, 0xa3, 0x10, 0xa3, 0x10, 0xa3, 0x10, 0xa3, 0x10, 0xa3,
    0x10, 0xa3, 0x10, 0xa3, 0x10, 0xa3, 0x10, 0xa3, 0x10, 0xa3, 0x10, 0xa3, 0x10, 0xa3, 0x10, 0xa3, 0x10, 0xa3, 0x10,
    0xa3, 0x10, 0xa3, 0x10, 0xa3, 0x10, 0xa3, 0x10, 0xa3, 0x10, 0xa3, 0x10, 0xa3, 0x10, 0xa3, 0x10, 0xa3, 0x10, 0xa3,
    0x10, 0xa3, 0x10, 0xa3, 0x10, 0xa3, 0x10, 0xa3, 0x10, 0xa3, 0x10, 0xa3, 0x10, 0xa3, 0x10, 0xa3, 0x10, 0xa3, 0x10,
    0xa3, 0x10, 0xf1, 0x31, 0xf1, 0x31, 0xf1, 0x31, 0xf1, 0x31, 0xf1, 0x31, 0xf1, 0x31, 0xf1, 0x31, 0xf1, 0x31, 0xf1,
    0x31, 0xf1, 0x31, 0xf1, 0x31, 0xf1, 0x31, 0xf1, 0x31, 0xf1, 0x31, 0x3e, 0x5b, 0x3e, 0x5b, 0x3e, 0x5b, 0x3e, 0x5b,
    0x3e, 0x5b, 0x3e, 0x5b, 0x3e, 0x5b, 0x3e, 0x5b, 0x3e, 0x5b, 0x3e, 0x5b, 0x3e, 0x5b, 0x3e, 0x5b, 0x3e, 0x5b, 0x3e,
    0x5b, 0x3e, 0x5b, 0x3e, 0x5b, 0x3e, 0x5b, 0x3e, 0x5b, 0x3e, 0x5b, 0x3e, 0x5b, 0x3e, 0x5b, 0x3e, 0x5b, 0x3e, 0x5b,
    0x3e, 0x5b, 0x3e, 0x5b, 0x3e, 0x5b, 0x3e, 0x5b, 0x3e, 0x5b, 0x3e, 0x5b, 0x3e, 0x5b, 0x3e, 0x5b, 0x3e, 0x5b, 0x3e,
    0x5b, 0x3e, 0x5b, 0x3e, 0x5b, 0x3e, 0x5b, 0x3e, 0x5b, 0x3e, 0x5b, 0x3e, 0x5b, 0x3e, 0x5b, 0x3e, 0x5b, 0x3e, 0x5b,
    0x3e, 0x5b, 0x3e, 0x5b, 0x3e, 0x5b, 0x3e, 0x5b, 0x3e, 0x5b, 0x3e, 0x5b, 0x3e, 0x5b, 0x3e, 0x5b, 0x3e, 0x5b, 0x3e,
    0x5b, 0x3e, 0x5b, 0x3e, 0x5b, 0x3e, 0x5b, 0x3e, 0x5b, 0x3e, 0x5b, 0x3e, 0x5b, 0x3e, 0x5b, 0x3e, 0x5b, 0x3e, 0x5b,
    0x3e, 0x5b, 0x3e, 0x5b, 0x3e, 0x5b, 0x3e, 0x5b, 0x3e, 0x5b, 0x3e, 0x5b, 0x3e, 0x5b, 0x3e, 0x5b, 0x3e, 0x5b, 0x3e,
    0x5b, 0x3e, 0x5b, 0x3e, 0x5b, 0x3e, 0x5b, 0x3e, 0x5b, 0x3e, 0x5b, 0x3e, 0x5b, 0x3e, 0x5b, 0x3e, 0x5b, 0x3e, 0x5b,
    0x3e, 0x5b, 0x3e, 0x5b, 0x3e, 0x5b, 0x3e, 0x5b, 0x3e, 0x5b, 0x3e, 0x5b, 0x3e, 0x5b, 0x3e, 0x5b, 0x3e, 0x5b, 0x3e,
    0x5b, 0x3e, 0x5b, 0x3e, 0x5b, 0x3e, 0x5b, 0x3e, 0x5b, 0x3e, 0x5b, 0x3e, 0x5b, 0x3e, 0x5b, 0x3e, 0x5b, 0x3e, 0x5b,
    0x3e, 0x5b, 0x3e, 0x5b, 0x3e, 0x5b, 0x3e, 0x5b, 0x3e, 0x5b, 0x3e, 0x5b, 0x3e, 0x5b, 0x3e, 0x5b, 0x3e, 0x5b, 0xa3,
    0x10, 0xa3, 0x10, 0xa3, 0x10, 0xa3, 0x10, 0xa3, 0x10, 0xa3, 0x10, 0xa3, 0x10, 0xa3, 0x10, 0xa3, 0x10, 0xa3, 0x10,
    0xa3, 0x10, 0xa3, 0x10, 0xa3, 0x10, 0xa3, 0x10, 0xa3, 0x10, 0xa3, 0x10, 0xa3, 0x10, 0xa3, 0x10, 0xa3, 0x10, 0xa3,
    0x10, 0xa3, 0x10, 0xa3, 0x10, 0xa3, 0x10, 0xa3, 0x10, 0xa3, 0x10, 0xa3, 0x10, 0xa3, 0x10, 0xa3, 0x10, 0xa3, 0x10,
    0xa3, 0x10, 0xa3, 0x10, 0xa3, 0x10, 0xa3, 0x10, 0xa3, 0x10, 0xa3, 0x10, 0xa3, 0x10, 0xa3, 0x10, 0xa3, 0x10, 0xa3,
    0x10, 0xa3, 0x10, 0xa3, 0x10, 0xa3, 0x10, 0xa3, 0x10, 0xa3, 0x10, 0xa3, 0x10, 0xa3, 0x10, 0xa3, 0x10, 0xa3, 0x10,
    0xa3, 0x10, 0xa3, 0x10, 0xa3, 0x10, 0xa3, 0x10, 0xa3, 0x10, 0xa3, 0x10, 0xa3, 0x10, 0xa3, 0x10, 0xa3, 0x10, 0xa3,
    0x10, 0xa3, 0x10, 0xa3, 0x10, 0xa3, 0x10, 0xa3, 0x10, 0xa3, 0x10, 0xa3, 0x10, 0xa3, 0x10, 0xa3, 0x10, 0xa3, 0x10,
    0xa3, 0x10, 0xa3, 0x10, 0xa3, 0x10, 0xa3, 0x10, 0xa3, 0x10, 0xa3, 0x10, 0xa3, 0x10, 0xa3, 0x10, 0xa3, 0x10, 0xa3,
    0x10, 0xa3, 0x10, 0xf1, 0x31, 0xf1, 0x31, 0xf1, 0x31, 0xf1, 0x31, 0xf1, 0x31, 0xf1, 0x31, 0xf1, 0x31, 0xf1, 0x31,
    0xf1, 0x31, 0xf1, 0x31, 0xf1, 0x31, 0xf1, 0x31, 0xf1, 0x31, 0xf1, 0x31, 0x3e, 0x5b, 0x3e, 0x5b, 0x3e, 0x5b, 0x3e,
    0x5b, 0x3e, 0x5b, 0x3e, 0x5b, 0x3e, 0x5b, 0x3e, 0x5b, 0x3e, 0x5b, 0x3e, 0x5b, 0x3e, 0x5b, 0x3e, 0x5b, 0x3e, 0x5b,
    0x3e, 0x5b, 0x3e, 0x5b, 0x3e, 0x5b, 0x3e, 0x5b, 0x3e, 0x5b, 0x3e, 0x5b, 0x3e, 0x5b, 0x3e, 0x5b, 0x3e, 0x5b, 0x3e,
    0x5b, 0x3e, 0x5b, 0x3e, 0x5b, 0x3e, 0x5b, 0x3e, 0x5b, 0x3e, 0x5b, 0x3e, 0x5b, 0x3e, 0x5b, 0x3e, 0x5b, 0x3e, 0x5b,
    0x3e, 0x5b, 0x3e, 0x5b, 0x3e, 0x5b, 0x3e, 0x5b, 0x3e, 0x5b, 0x3e, 0x5b, 0x3e, 0x5b, 0x3e, 0x5b, 0x3e, 0x5b, 0x3e,
    0x5b, 0x3e, 0x5b, 0x3e, 0x5b, 0x3e, 0x5b, 0x3e, 0x5b, 0x3e, 0x5b, 0x3e, 0x5b, 0x3e, 0x5b, 0x3e, 0x5b, 0x3e, 0x5b,
    0x3e, 0x5b, 0x3e, 0x5b, 0x3e, 0x5b, 0x3e, 0x5b, 0x3e, 0x5b, 0x3e, 0x5b, 0x3e, 0x5b, 0x3e, 0x5b, 0x3e, 0x5b, 0x3e,
    0x5b, 0x3e, 0x5b, 0x3e, 0x5b, 0x3e, 0x5b, 0x3e, 0x5b, 0x3e, 0x5b, 0x3e, 0x5b, 0x3e, 0x5b, 0x3e, 0x5b, 0x3e, 0x5b,
    0x3e, 0x5b, 0x3e, 0x5b, 0x3e, 0x5b, 0x3e, 0x5b, 0x3e, 0x5b, 0x3e, 0x5b, 0x3e, 0x5b, 0x3e, 0x5b, 0x3e, 0x5b, 0x3e,
    0x5b, 0x3e, 0x5b, 0x3e, 0x5b, 0x3e, 0x5b, 0x3e, 0x5b, 0x3e, 0x5b, 0x3e, 0x5b, 0x3e, 0x5b, 0x3e, 0x5b, 0x3e, 0x5b,
    0x3e, 0x5b, 0x3e, 0x5b, 0x3e, 0x5b, 0x3e, 0x5b, 0x3e, 0x5b, 0x3e, 0x5b, 0x3e, 0x5b, 0x3e, 0x5b, 0x3e, 0x5b, 0x3e,
    0x5b, 0x3e, 0x5b, 0x3e, 0x5b, 0x3e, 0x5b, 0x3e, 0x5b, 0x3e, 0x5b, 0x3e, 0x5b, 0x3e, 0x5b, 0x3e, 0x5b, 0x3e, 0x5b,
    0xa3, 0x10, 0xa3, 0x10, 0xa3, 0x10, 0xa3, 0x10, 0xa3, 0x10, 0xa3, 0x10, 0xa3, 0x10, 0xa3, 0x10, 0xa3, 0x10, 0xa3,
    0x10, 0xa3, 0x10, 0xa3, 0x10, 0xa3, 0x10, 0xa3, 0x10, 0xa3, 0x10, 0xa3, 0x10, 0xa3, 0x10, 0xa3, 0x10, 0xa3, 0x10,
    0xa3, 0x10, 0xa3, 0x10, 0xa3, 0x10, 0xa3, 0x10, 0xa3, 0x10, 0xa3, 0x10, 0xa3, 0x10, 0xa3, 0x10, 0xa3, 0x10, 0xa3,
    0x10, 0xa3, 0x10, 0xa3, 0x10, 0xa3, 0x10, 0xa3, 0x10, 0xa3, 0x10, 0xa3, 0x10, 0xa3, 0x10, 0xa3, 0x10, 0xa3, 0x10,
    0xa3, 0x10, 0xa3, 0x10, 0xa3, 0x10, 0xa3, 0x10, 0xa3, 0x10, 0xa3, 0x10, 0xa3, 0x10, 0xa3, 0x10, 0xa3, 0x10, 0xa3,
    0x10, 0xa3, 0x10, 0xa3, 0x10, 0xa3, 0x10, 0xa3, 0x10, 0xa3, 0x10, 0xa3, 0x10, 0xa3, 0x10, 0xa3, 0x10, 0xa3, 0x10,
    0xa3, 0x10, 0xa3, 0x10, 0xa3, 0x10, 0xa3, 0x10, 0xa3, 0x10, 0xa3, 0x10, 0xa3, 0x10, 0xa3, 0x10, 0xa3, 0x10, 0xa3,
    0x10, 0xa3, 0x10, 0xa3, 0x10, 0xa3, 0x10, 0xa3, 0x10, 0xa3, 0x10, 0xa3, 0x10, 0xa3, 0x10, 0xa3, 0x10, 0xa3, 0x10,
    0xa3, 0x10, 0xa3, 0x10, 0xf1, 0x31, 0xf1, 0x31, 0xf1, 0x31, 0xf1, 0x31, 0xf1, 0x31, 0xf1, 0x31, 0xf1, 0x31, 0xf1,
    0x31, 0xf1, 0x31, 0xf1, 0x31, 0xf1, 0x31, 0xf1, 0x31, 0xf1, 0x31, 0xf1, 0x31, 0x3e, 0x5b, 0x3e, 0x5b, 0x3e, 0x5b,
    0x3e, 0x5b, 0x3e, 0x5b, 0x3e, 0x5b, 0x3e, 0x5b, 0x3e, 0x5b, 0x3e, 0x5b, 0x3e, 0x5b, 0x3e, 0x5b, 0x3e, 0x5b, 0x3e,
    0x5b, 0x3e, 0x5b, 0x3e, 0x5b, 0x3e, 0x5b, 0x3e, 0x5b, 0x3e, 0x5b, 0x3e, 0x5b, 0x3e, 0x5b, 0x3e, 0x5b, 0x3e, 0x5b,
    0x3e, 0x5b, 0x3e, 0x5b, 0x3e, 0x5b, 0x3e, 0x5b, 0x3e, 0x5b, 0x3e, 0x5b, 0x3e, 0x5b, 0x3e, 0x5b, 0x3e, 0x5b, 0x3e,
    0x5b, 0x3e, 0x5b, 0x3e, 0x5b, 0x3e, 0x5b, 0x3e, 0x5b, 0x3e, 0x5b, 0x3e, 0x5b, 0x3e, 0x5b, 0x3e, 0x5b, 0x3e, 0x5b,
    0x3e, 0x5b, 0x3e, 0x5b, 0x3e, 0x5b, 0x3e, 0x5b, 0x3e, 0x5b, 0x3e, 0x5b, 0x3e, 0x5b, 0x3e, 0x5b, 0x3e, 0x5b, 0x3e,
    0x5b, 0x3e, 0x5b, 0x3e, 0x5b, 0x3e, 0x5b, 0x3e, 0x5b, 0x3e, 0x5b, 0x3e, 0x5b, 0x3e, 0x5b, 0x3e, 0x5b, 0x3e, 0x5b,
    0x3e, 0x5b, 0x3e, 0x5b, 0x3e, 0x5b, 0x3e, 0x5b, 0x3e, 0x5b, 0x3e, 0x5b, 0x3e, 0x5b, 0x3e, 0x5b, 0x3e, 0x5b, 0x3e,
    0x5b, 0x3e, 0x5b, 0x3e, 0x5b, 0x3e, 0x5b, 0x3e, 0x5b, 0x3e, 0x5b, 0x3e, 0x5b, 0x3e, 0x5b, 0x3e, 0x5b, 0x3e, 0x5b,
    0x3e, 0x5b, 0x3e, 0x5b, 0x3e, 0x5b, 0x3e, 0x5b, 0x3e, 0x5b, 0x3e, 0x5b, 0x3e, 0x5b, 0x3e, 0x5b, 0x3e, 0x5b, 0x3e,
    0x5b, 0x3e, 0x5b, 0x3e, 0x5b, 0x3e, 0x5b, 0x3e, 0x5b, 0x3e, 0x5b, 0x3e, 0x5b, 0x3e, 0x5b, 0x3e, 0x5b, 0x3e, 0x5b,
    0x3e, 0x5b, 0x3e, 0x5b, 0x3e, 0x5b, 0x3e, 0x5b, 0x3e, 0x5b, 0x3e, 0x5b, 0x3e, 0x5b, 0x3e, 0x5b, 0x3e, 0x5b, 0x3e,
    0x5b, 0xa3, 0x10, 0xa3, 0x10, 0xa3, 0x10, 0xa3, 0x10, 0xa3, 0x10, 0xa3, 0x10, 0xa3, 0x10, 0xa3, 0x10, 0xa3, 0x10,
    0xa3, 0x10, 0xa3, 0x10, 0xa3, 0x10, 0xa3, 0x10, 0xa3, 0x10, 0xa3, 0x10, 0xa3, 0x10, 0xa3, 0x10, 0xa3, 0x10, 0xa3,
    0x10, 0xa3, 0x10, 0xa3, 0x10, 0xa3, 0x10, 0xa3, 0x10, 0xa3, 0x10, 0xa3, 0x10, 0xa3, 0x10, 0xa3, 0x10, 0xa3, 0x10,
    0xa3, 0x10, 0xa3, 0x10, 0xa3, 0x10, 0xa3, 0x10, 0xa3, 0x10, 0xa3, 0x10, 0xa3, 0x10, 0xa3, 0x10, 0xa3, 0x10, 0xa3,
    0x10, 0xa3, 0x10, 0xa3, 0x10, 0xa3, 0x10, 0xa3, 0x10, 0xa3, 0x10, 0xa3, 0x10, 0xa3, 0x10, 0xa3, 0x10, 0xa3, 0x10,
    0xa3, 0x10, 0xa3, 0x10, 0xa3, 0x10, 0xa3, 0x10, 0xa3, 0x10, 0xa3, 0x10, 0xa3, 0x10, 0xa3, 0x10, 0xa3, 0x10, 0xa3,
    0x10, 0xa3, 0x10, 0xa3, 0x10, 0xa3, 0x10, 0xa3, 0x10, 0xa3, 0x10, 0xa3, 0x10, 0xa3, 0x10, 0xa3, 0x10, 0xa3, 0x10,
    0xa3, 0x10, 0xa3, 0x10, 0xa3, 0x10, 0xa3, 0x10, 0xa3, 0x10, 0xa3, 0x10, 0xa3, 0x10, 0xa3, 0x10, 0xa3, 0x10, 0xa3,
    0x10, 0xa3, 0x10, 0xa3, 0x10, 0xf1, 0x31, 0xf1, 0x31, 0xf1, 0x31, 0xf1, 0x31, 0xf1, 0x31, 0xf1, 0x31, 0xf1, 0x31,
    0xf1, 0x31, 0xf1, 0x31, 0xf1, 0x31, 0xf1, 0x31, 0xf1, 0x31, 0xf1, 0x31, 0xf1, 0x31, 0x3e, 0x5b, 0x3e, 0x5b, 0x3e,
    0x5b, 0x3e, 0x5b, 0x3e, 0x5b, 0x3e, 0x5b, 0x3e, 0x5b, 0x3e, 0x5b, 0x3e, 0x5b, 0x3e, 0x5b, 0x3e, 0x5b, 0x3e, 0x5b,
    0x3e, 0x5b, 0x3e, 0x5b, 0x3e, 0x5b, 0x3e, 0x5b, 0x3e, 0x5b, 0x3e, 0x5b, 0x3e, 0x5b, 0x3e, 0x5b, 0x3e, 0x5b, 0x3e,
    0x5b, 0x3e, 0x5b, 0x3e, 0x5b, 0x3e, 0x5b, 0x3e, 0x5b, 0x3e, 0x5b, 0x3e, 0x5b, 0x3e, 0x5b, 0x3e, 0x5b, 0x3e, 0x5b,
    0x3e, 0x5b, 0x3e, 0x5b, 0x3e, 0x5b, 0x3e, 0x5b, 0x3e, 0x5b, 0x3e, 0x5b, 0x3e, 0x5b, 0x3e, 0x5b, 0x3e, 0x5b, 0x3e,
    0x5b, 0x3e, 0x5b, 0x3e, 0x5b, 0x3e, 0x5b, 0x3e, 0x5b, 0x3e, 0x5b, 0x3e, 0x5b, 0x3e, 0x5b, 0x3e, 0x5b, 0x3e, 0x5b,
    0x3e, 0x5b, 0x3e, 0x5b, 0x3e, 0x5b, 0x3e, 0x5b, 0x3e, 0x5b, 0x3e, 0x5b, 0x3e, 0x5b, 0x3e, 0x5b, 0x3e, 0x5b, 0x3e,
    0x5b, 0x3e, 0x5b, 0x3e, 0x5b, 0x3e, 0x5b, 0x3e, 0x5b, 0x3e, 0x5b, 0x3e, 0x5b, 0x3e, 0x5b, 0x3e, 0x5b, 0x3e, 0x5b,
    0x3e, 0x5b, 0x3e, 0x5b, 0x3e, 0x5b, 0x3e, 0x5b, 0x3e, 0x5b, 0x3e, 0x5b, 0x3e, 0x5b, 0x3e, 0x5b, 0x3e, 0x5b, 0x3e,
    0x5b, 0x3e, 0x5b, 0x3e, 0x5b, 0x3e, 0x5b, 0x3e, 0x5b, 0x3e, 0x5b, 0x3e, 0x5b, 0x3e, 0x5b, 0x3e, 0x5b, 0x3e, 0x5b,
    0x3e, 0x5b, 0x3e, 0x5b, 0x3e, 0x5b, 0x3e, 0x5b, 0x3e, 0x5b, 0x3e, 0x5b, 0x3e, 0x5b, 0x3e, 0x5b, 0x3e, 0x5b, 0x3e,
    0x5b, 0x3e, 0x5b, 0x3e, 0x5b, 0x3e, 0x5b, 0x3e, 0x5b, 0x3e, 0x5b, 0x3e, 0x5b, 0x3e, 0x5b, 0x3e, 0x5b, 0x3e, 0x5b,
    0x3e, 0x5b, 0xa3, 0x10, 0xa3, 0x10, 0xa3, 0x10, 0xa3, 0x10, 0xa3, 0x10, 0xa3, 0x10, 0xa3, 0x10, 0xa3, 0x10, 0xa3,
    0x10, 0xa3, 0x10, 0xa3, 0x10, 0xa3, 0x10, 0xa3, 0x10, 0xa3, 0x10, 0xa3, 0x10, 0xa3, 0x10, 0xa3, 0x10, 0xa3, 0x10,
    0xa3, 0x10, 0xa3, 0x10, 0xa3, 0x10, 0xa3, 0x10, 0xa3, 0x10, 0xa3, 0x10, 0xa3, 0x10, 0xa3, 0x10, 0xa3, 0x10, 0xa3,
    0x10, 0xa3, 0x10, 0xa3, 0x10, 0xa3, 0x10, 0xa3, 0x10, 0xa3, 0x10, 0xa3, 0x10, 0xa3, 0x10, 0xa3, 0x10, 0xa3, 0x10,
    0xa3, 0x10, 0xa3, 0x10, 0xa3, 0x10, 0xa3, 0x10, 0xa3, 0x10, 0xa3, 0x10, 0xa3, 0x10, 0xa3, 0x10, 0xa3, 0x10, 0xa3,
    0x10, 0xa3, 0x10, 0xa3, 0x10, 0xa3, 0x10, 0xa3, 0x10, 0xa3, 0x10, 0xa3, 0x10, 0xa3, 0x10, 0xa3, 0x10, 0xa3, 0x10,
    0xa3, 0x10, 0xa3, 0x10, 0xa3, 0x10, 0xa3, 0x10, 0xa3, 0x10, 0xa3, 0x10, 0xa3, 0x10, 0xa3, 0x10, 0xa3, 0x10, 0xa3,
    0x10, 0xa3, 0x10, 0xa3, 0x10, 0xa3, 0x10, 0xa3, 0x10, 0xa3, 0x10, 0xa3, 0x10, 0xa3, 0x10, 0xa3, 0x10, 0xa3, 0x10,
    0xa3, 0x10, 0xa3, 0x10, 0xa3, 0x10, 0xf1, 0x31, 0xf1, 0x31, 0xf1, 0x31, 0xf1, 0x31, 0xf1, 0x31, 0xf1, 0x31, 0xf1,
    0x31, 0xf1, 0x31, 0xf1, 0x31, 0xf1, 0x31, 0xf1, 0x31, 0xf1, 0x31, 0xf1, 0x31, 0xf1, 0x31, 0x3e, 0x5b, 0x3e, 0x5b,
    0x3e, 0x5b, 0x3e, 0x5b, 0x3e, 0x5b, 0x3e, 0x5b, 0x3e, 0x5b, 0x3e, 0x5b, 0x3e, 0x5b, 0x3e, 0x5b, 0x3e, 0x5b, 0x3e,
    0x5b, 0x3e, 0x5b, 0x3e, 0x5b, 0x3e, 0x5b, 0x3e, 0x5b, 0x3e, 0x5b, 0x3e, 0x5b, 0x3e, 0x5b, 0x3e, 0x5b, 0x3e, 0x5b,
    0x3e, 0x5b, 0x3e, 0x5b, 0x3e, 0x5b, 0x3e, 0x5b, 0x3e, 0x5b, 0x3e, 0x5b, 0x3e, 0x5b, 0x3e, 0x5b, 0x3e, 0x5b, 0x3e,
    0x5b, 0x3e, 0x5b, 0x3e, 0x5b, 0x3e, 0x5b, 0x3e, 0x5b, 0x3e, 0x5b, 0x3e, 0x5b, 0x3e, 0x5b, 0x3e, 0x5b, 0x3e, 0x5b,
    0x3e, 0x5b, 0x3e, 0x5b, 0x3e, 0x5b, 0x3e, 0x5b, 0x3e, 0x5b, 0x3e, 0x5b, 0x3e, 0x5b, 0x3e, 0x5b, 0x3e, 0x5b, 0x3e,
    0x5b, 0x3e, 0x5b, 0x3e, 0x5b, 0x3e, 0x5b, 0x3e, 0x5b, 0x3e, 0x5b, 0x3e, 0x5b, 0x3e, 0x5b, 0x3e, 0x5b, 0x3e, 0x5b,
    0x3e, 0x5b, 0x3e, 0x5b, 0x3e, 0x5b, 0x3e, 0x5b, 0x3e, 0x5b, 0x3e, 0x5b, 0x3e, 0x5b, 0x3e, 0x5b, 0x3e, 0x5b, 0x3e,
    0x5b, 0x3e, 0x5b, 0x3e, 0x5b, 0x3e, 0x5b, 0x3e, 0x5b, 0x3e, 0x5b, 0x3e, 0x5b, 0x3e, 0x5b, 0x3e, 0x5b, 0x3e, 0x5b,
    0x3e, 0x5b, 0x3e, 0x5b, 0x3e, 0x5b, 0x3e, 0x5b, 0x3e, 0x5b, 0x3e, 0x5b, 0x3e, 0x5b, 0x3e, 0x5b, 0x3e, 0x5b, 0x3e,
    0x5b, 0x3e, 0x5b, 0x3e, 0x5b, 0x3e, 0x5b, 0x3e, 0x5b, 0x3e, 0x5b, 0x3e, 0x5b, 0x3e, 0x5b, 0x3e, 0x5b, 0x3e, 0x5b,
    0x3e, 0x5b, 0x3e, 0x5b, 0x3e, 0x5b, 0x3e, 0x5b, 0x3e, 0x5b, 0x3e, 0x5b, 0x3e, 0x5b, 0x3e, 0x5b, 0x3e, 0x5b, 0x3e,
    0x5b, 0x3e, 0x5b, 0xa3, 0x10, 0xa3, 0x10, 0xa3, 0x10, 0xa3, 0x10, 0xa3, 0x10, 0xa3, 0x10, 0xa3, 0x10, 0xa3, 0x10,
    0xa3, 0x10, 0xa3, 0x10, 0xa3, 0x10, 0xa3, 0x10, 0xa3, 0x10, 0xa3, 0x10, 0xa3, 0x10, 0xa3, 0x10, 0xa3, 0x10, 0xa3,
    0x10, 0xa3, 0x10, 0xa3, 0x10, 0xa3, 0x10, 0xa3, 0x10, 0xa3, 0x10, 0xa3, 0x10, 0xa3, 0x10, 0xa3, 0x10, 0xa3, 0x10,
    0xa3, 0x10, 0xa3, 0x10, 0xa3, 0x10, 0xa3, 0x10, 0xa3, 0x10, 0xa3, 0x10, 0xa3, 0x10, 0xa3, 0x10, 0xa3, 0x10, 0xa3,
    0x10, 0xa3, 0x10, 0xa3, 0x10, 0xa3, 0x10, 0xa3, 0x10, 0xa3, 0x10, 0xa3, 0x10, 0xa3, 0x10, 0xa3, 0x10, 0xa3, 0x10,
    0xa3, 0x10, 0xa3, 0x10, 0xa3, 0x10, 0xa3, 0x10, 0xa3, 0x10, 0xa3, 0x10, 0xa3, 0x10, 0xa3, 0x10, 0xa3, 0x10, 0xa3,
    0x10, 0xa3, 0x10, 0xa3, 0x10, 0xa3, 0x10, 0xa3, 0x10, 0xa3, 0x10, 0xa3, 0x10, 0xa3, 0x10, 0xa3, 0x10, 0xa3, 0x10,
    0xa3, 0x10, 0xa3, 0x10, 0xa3, 0x10, 0xa3, 0x10, 0xa3, 0x10, 0xa3, 0x10, 0xa3, 0x10, 0xa3, 0x10, 0xa3, 0x10, 0xa3,
    0x10, 0xa3, 0x10, 0xa3, 0x10, 0xa3, 0x10, 0xf1, 0x31, 0xf1, 0x31, 0xf1, 0x31, 0xf1, 0x31, 0xf1, 0x31, 0xf1, 0x31,
    0xf1, 0x31, 0xf1, 0x31, 0xf1, 0x31, 0xf1, 0x31, 0xf1, 0x31, 0xf1, 0x31, 0xf1, 0x31, 0xf1, 0x31, 0x3e, 0x5b, 0x3e,
    0x5b, 0x3e, 0x5b, 0x3e, 0x5b, 0x3e, 0x5b, 0x3e, 0x5b, 0x3e, 0x5b, 0x3e, 0x5b, 0x3e, 0x5b, 0x3e, 0x5b, 0x3e, 0x5b,
    0x3e, 0x5b, 0x3e, 0x5b, 0x3e, 0x5b, 0x3e, 0x5b, 0x3e, 0x5b, 0x3e, 0x5b, 0x3e, 0x5b, 0x3e, 0x5b, 0x3e, 0x5b, 0x3e,
    0x5b, 0x3e, 0x5b, 0x3e, 0x5b, 0x3e, 0x5b, 0x3e, 0x5b, 0x3e, 0x5b, 0x3e, 0x5b, 0x3e, 0x5b, 0x3e, 0x5b, 0x3e, 0x5b,
    0x3e, 0x5b, 0x3e, 0x5b, 0x3e, 0x5b, 0x3e, 0x5b, 0x3e, 0x5b, 0x3e, 0x5b, 0x3e, 0x5b, 0x3e, 0x5b, 0x3e, 0x5b, 0x3e,
    0x5b, 0x3e, 0x5b, 0x3e, 0x5b, 0x3e, 0x5b, 0x3e, 0x5b, 0x3e, 0x5b, 0x3e, 0x5b, 0x3e, 0x5b, 0x3e, 0x5b, 0x3e, 0x5b,
    0x3e, 0x5b, 0x3e, 0x5b, 0x3e, 0x5b, 0x3e, 0x5b, 0x3e, 0x5b, 0x3e, 0x5b, 0x3e, 0x5b, 0x3e, 0x5b, 0x3e, 0x5b, 0x3e,
    0x5b, 0x3e, 0x5b, 0x3e, 0x5b, 0x3e, 0x5b, 0x3e, 0x5b, 0x3e, 0x5b, 0x3e, 0x5b, 0x3e, 0x5b, 0x3e, 0x5b, 0x3e, 0x5b,
    0x3e, 0x5b, 0x3e, 0x5b, 0x3e, 0x5b, 0x3e, 0x5b, 0x3e, 0x5b, 0x3e, 0x5b, 0x3e, 0x5b, 0x3e, 0x5b, 0x3e, 0x5b, 0x3e,
    0x5b, 0x3e, 0x5b, 0x3e, 0x5b, 0x3e, 0x5b, 0x3e, 0x5b, 0x3e, 0x5b, 0x3e, 0x5b, 0x3e, 0x5b, 0x3e, 0x5b, 0x3e, 0x5b,
    0x3e, 0x5b, 0x3e, 0x5b, 0x3e, 0x5b, 0x3e, 0x5b, 0x3e, 0x5b, 0x3e, 0x5b, 0x3e, 0x5b, 0x3e, 0x5b, 0x3e, 0x5b, 0x3e,
    0x5b, 0x3e, 0x5b, 0x3e, 0x5b, 0x3e, 0x5b, 0x3e, 0x5b, 0x3e, 0x5b, 0x3e, 0x5b, 0x3e, 0x5b, 0x3e, 0x5b, 0x3e, 0x5b,
    0x3e, 0x5b, 0x3e, 0x5b, 0xa3, 0x10, 0xa3, 0x10, 0xa3, 0x10, 0xa3, 0x10, 0xa3, 0x10, 0xa3, 0x10, 0xa3, 0x10, 0xa3,
    0x10, 0xa3, 0x10, 0xa3, 0x10, 0xa3, 0x10, 0xa3, 0x10, 0xa3, 0x10, 0xa3, 0x10, 0xa3, 0x10, 0xa3, 0x10, 0xa3, 0x10,
    0xa3, 0x10, 0xa3, 0x10, 0xa3, 0x10, 0xa3, 0x10, 0xa3, 0x10, 0xa3, 0x10, 0xa3, 0x10, 0xa3, 0x10, 0xa3, 0x10, 0xa3,
    0x10, 0xa3, 0x10, 0xa3, 0x10, 0xa3, 0x10, 0xa3, 0x10, 0xa3, 0x10, 0xa3, 0x10, 0xa3, 0x10, 0xa3, 0x10, 0xa3, 0x10,
    0xa3, 0x10, 0xa3, 0x10, 0xa3, 0x10, 0xa3, 0x10, 0xa3, 0x10, 0xa3, 0x10, 0xa3, 0x10, 0xa3, 0x10, 0xa3, 0x10, 0xa3,
    0x10, 0xa3, 0x10, 0xa3, 0x10, 0xa3, 0x10, 0xa3, 0x10, 0xa3, 0x10, 0xa3, 0x10, 0xa3, 0x10, 0xa3, 0x10, 0xa3, 0x10,
    0xa3, 0x10, 0xa3, 0x10, 0xa3, 0x10, 0xa3, 0x10, 0xa3, 0x10, 0xa3, 0x10, 0xa3, 0x10, 0xa3, 0x10, 0xa3, 0x10, 0xa3,
    0x10, 0xa3, 0x10, 0xa3, 0x10, 0xa3, 0x10, 0xa3, 0x10, 0xa3, 0x10, 0xa3, 0x10, 0xa3, 0x10, 0xa3, 0x10, 0xa3, 0x10,
    0xa3, 0x10, 0xa3, 0x10, 0xa3, 0x10, 0xa3, 0x10, 0xf1, 0x31, 0xf1, 0x31, 0xf1, 0x31, 0xf1, 0x31, 0xf1, 0x31, 0xf1,
    0x31, 0xf1, 0x31, 0xf1, 0x31, 0xf1, 0x31, 0xf1, 0x31, 0xf1, 0x31, 0xf1, 0x31, 0xf1, 0x31, 0xf1, 0x31, 0x3e, 0x5b,
    0x3e, 0x5b, 0x3e, 0x5b, 0x3e, 0x5b, 0x3e, 0x5b, 0x3e, 0x5b, 0x3e, 0x5b, 0x3e, 0x5b, 0x3e, 0x5b, 0x3e, 0x5b, 0x3e,
    0x5b, 0x3e, 0x5b, 0x3e, 0x5b, 0x3e, 0x5b, 0x3e, 0x5b, 0x3e, 0x5b, 0x3e, 0x5b, 0x3e, 0x5b, 0x3e, 0x5b, 0x3e, 0x5b,
    0x3e, 0x5b, 0x3e, 0x5b, 0x3e, 0x5b, 0x3e, 0x5b, 0x3e, 0x5b, 0x3e, 0x5b, 0x3e, 0x5b, 0x3e, 0x5b, 0x3e, 0x5b, 0x3e,
    0x5b, 0x3e, 0x5b, 0x3e, 0x5b, 0x3e, 0x5b, 0x3e, 0x5b, 0x3e, 0x5b, 0x3e, 0x5b, 0x3e, 0x5b, 0x3e, 0x5b, 0x3e, 0x5b,
    0x3e, 0x5b, 0x3e, 0x5b, 0x3e, 0x5b, 0x3e, 0x5b, 0x3e, 0x5b, 0x3e, 0x5b, 0x3e, 0x5b, 0x3e, 0x5b, 0x3e, 0x5b, 0x3e,
    0x5b, 0x3e, 0x5b, 0x3e, 0x5b, 0x3e, 0x5b, 0x3e, 0x5b, 0x3e, 0x5b, 0x3e, 0x5b, 0x3e, 0x5b, 0x3e, 0x5b, 0x3e, 0x5b,
    0x3e, 0x5b, 0x3e, 0x5b, 0x3e, 0x5b, 0x3e, 0x5b, 0x3e, 0x5b, 0x3e, 0x5b, 0x3e, 0x5b, 0x3e, 0x5b, 0x3e, 0x5b, 0x3e,
    0x5b, 0x3e, 0x5b, 0x3e, 0x5b, 0x3e, 0x5b, 0x3e, 0x5b, 0x3e, 0x5b, 0x3e, 0x5b, 0x3e, 0x5b, 0x3e, 0x5b, 0x3e, 0x5b,
    0x3e, 0x5b, 0x3e, 0x5b, 0x3e, 0x5b, 0x3e, 0x5b, 0x3e, 0x5b, 0x3e, 0x5b, 0x3e, 0x5b, 0x3e, 0x5b, 0x3e, 0x5b, 0x3e,
    0x5b, 0x3e, 0x5b, 0x3e, 0x5b, 0x3e, 0x5b, 0x3e, 0x5b, 0x3e, 0x5b, 0x3e, 0x5b, 0x3e, 0x5b, 0x3e, 0x5b, 0x3e, 0x5b,
    0x3e, 0x5b, 0x3e, 0x5b, 0x3e, 0x5b, 0x3e, 0x5b, 0x3e, 0x5b, 0x3e, 0x5b, 0x3e, 0x5b, 0x3e, 0x5b, 0x3e, 0x5b, 0x3e,
    0x5b, 0x3e, 0x5b, 0x3e, 0x5b, 0xa3, 0x10, 0xa3, 0x10, 0xa3, 0x10, 0xa3, 0x10, 0xa3, 0x10, 0xa3, 0x10, 0xa3, 0x10,
    0xa3, 0x10, 0xa3, 0x10, 0xa3, 0x10, 0xa3, 0x10, 0xa3, 0x10, 0xa3, 0x10, 0xa3, 0x10, 0xa3, 0x10, 0xa3, 0x10, 0xa3,
    0x10, 0xa3, 0x10, 0xa3, 0x10, 0xa3, 0x10, 0xa3, 0x10, 0xa3, 0x10, 0xa3, 0x10, 0xa3, 0x10, 0xa3, 0x10, 0xa3, 0x10,
    0xa3, 0x10, 0xa3, 0x10, 0xa3, 0x10, 0xa3, 0x10, 0xa3, 0x10, 0xa3, 0x10, 0xa3, 0x10, 0xa3, 0x10, 0xa3, 0x10, 0xa3,
    0x10, 0xa3, 0x10, 0xa3, 0x10, 0xa3, 0x10, 0xa3, 0x10, 0xa3, 0x10, 0xa3, 0x10, 0xa3, 0x10, 0xa3, 0x10, 0xa3, 0x10,
    0xa3, 0x10, 0xa3, 0x10, 0xa3, 0x10, 0xa3, 0x10, 0xa3, 0x10, 0xa3, 0x10, 0xa3, 0x10, 0xa3, 0x10, 0xa3, 0x10, 0xa3,
    0x10, 0xa3, 0x10, 0xa3, 0x10, 0xa3, 0x10, 0xa3, 0x10, 0xa3, 0x10, 0xa3, 0x10, 0xa3, 0x10, 0xa3, 0x10, 0xa3, 0x10,
    0xa3, 0x10, 0xa3, 0x10, 0xa3, 0x10, 0xa3, 0x10, 0xa3, 0x10, 0xa3, 0x10, 0xa3, 0x10, 0xa3, 0x10, 0xa3, 0x10, 0xa3,
    0x10, 0xa3, 0x10, 0xa3, 0x10, 0xa3, 0x10, 0xa3, 0x10, 0xa3, 0x10, 0xf1, 0x31, 0xf1, 0x31, 0xf1, 0x31, 0xf1, 0x31,
    0xf1, 0x31, 0xf1, 0x31, 0xf1, 0x31, 0xf1, 0x31, 0xf1, 0x31, 0xf1, 0x31, 0xf1, 0x31, 0xf1, 0x31, 0xf1, 0x31, 0x3e,
    0x5b, 0x3e, 0x5b, 0x3e, 0x5b, 0x3e, 0x5b, 0x3e, 0x5b, 0x3e, 0x5b, 0x3e, 0x5b, 0x3e, 0x5b, 0x3e, 0x5b, 0x3e, 0x5b,
    0x3e, 0x5b, 0x3e, 0x5b, 0x3e, 0x5b, 0x3e, 0x5b, 0x3e, 0x5b, 0x3e, 0x5b, 0x3e, 0x5b, 0x3e, 0x5b, 0x3e, 0x5b, 0x3e,
    0x5b, 0x3e, 0x5b, 0x3e, 0x5b, 0x3e, 0x5b, 0x3e, 0x5b, 0x3e, 0x5b, 0x3e, 0x5b, 0x3e, 0x5b, 0x3e, 0x5b, 0x3e, 0x5b,
    0x3e, 0x5b, 0x3e, 0x5b, 0x3e, 0x5b, 0x3e, 0x5b, 0x3e, 0x5b, 0x3e, 0x5b, 0x3e, 0x5b, 0x3e, 0x5b, 0x3e, 0x5b, 0x3e,
    0x5b, 0x3e, 0x5b, 0x3e, 0x5b, 0x3e, 0x5b, 0x3e, 0x5b, 0x3e, 0x5b, 0x3e, 0x5b, 0x3e, 0x5b, 0x3e, 0x5b, 0x3e, 0x5b,
    0x3e, 0x5b, 0x3e, 0x5b, 0x3e, 0x5b, 0x3e, 0x5b, 0x3e, 0x5b, 0x3e, 0x5b, 0x3e, 0x5b, 0x3e, 0x5b, 0x3e, 0x5b, 0x3e,
    0x5b, 0x3e, 0x5b, 0x3e, 0x5b, 0x3e, 0x5b, 0x3e, 0x5b, 0x3e, 0x5b, 0x3e, 0x5b, 0x3e, 0x5b, 0x3e, 0x5b, 0x3e, 0x5b,
    0x3e, 0x5b, 0x3e, 0x5b, 0x3e, 0x5b, 0x3e, 0x5b, 0x3e, 0x5b, 0x3e, 0x5b, 0x3e, 0x5b, 0x3e, 0x5b, 0x3e, 0x5b, 0x3e,
    0x5b, 0x3e, 0x5b, 0x3e, 0x5b, 0x3e, 0x5b, 0x3e, 0x5b, 0x3e, 0x5b, 0x3e, 0x5b, 0x3e, 0x5b, 0x3e, 0x5b, 0x3e, 0x5b,
    0x3e, 0x5b, 0x3e, 0x5b, 0x3e, 0x5b, 0x3e, 0x5b, 0x3e, 0x5b, 0x3e, 0x5b, 0x3e, 0x5b, 0x3e, 0x5b, 0x3e, 0x5b, 0x3e,
    0x5b, 0x3e, 0x5b, 0x3e, 0x5b, 0x3e, 0x5b, 0x3e, 0x5b, 0x3e, 0x5b, 0x3e, 0x5b, 0x3e, 0x5b, 0x3e, 0x5b, 0x3e, 0x5b,
    0x3e, 0x5b, 0x3e, 0x5b, 0x3e, 0x5b, 0xa3, 0x10, 0xa3, 0x10, 0xa3, 0x10, 0xa3, 0x10, 0xa3, 0x10, 0xa3, 0x10, 0xa3,
    0x10, 0xa3, 0x10, 0xa3, 0x10, 0xa3, 0x10, 0xa3, 0x10, 0xa3, 0x10, 0xa3, 0x10, 0xa3, 0x10, 0xa3, 0x10, 0xa3, 0x10,
    0xa3, 0x10, 0xa3, 0x10, 0xa3, 0x10, 0xa3, 0x10, 0xa3, 0x10, 0xa3, 0x10, 0xa3, 0x10, 0xa3, 0x10, 0xa3, 0x10, 0xa3,
    0x10, 0xa3, 0x10, 0xa3, 0x10, 0xa3, 0x10, 0xa3, 0x10, 0xa3, 0x10, 0xa3, 0x10, 0xa3, 0x10, 0xa3, 0x10, 0xa3, 0x10,
    0xa3, 0x10, 0xa3, 0x10, 0xa3, 0x10, 0xa3, 0x10, 0xa3, 0x10, 0xa3, 0x10, 0xa3, 0x10, 0xa3, 0x10, 0xa3, 0x10, 0xa3,
    0x10, 0xa3, 0x10, 0xa3, 0x10, 0xa3, 0x10, 0xa3, 0x10, 0xa3, 0x10, 0xa3, 0x10, 0xa3, 0x10, 0xa3, 0x10, 0xa3, 0x10,
    0xa3, 0x10, 0xa3, 0x10, 0xa3, 0x10, 0xa3, 0x10, 0xa3, 0x10, 0xa3, 0x10, 0xa3, 0x10, 0xa3, 0x10, 0xa3, 0x10, 0xa3,
    0x10, 0xa3, 0x10, 0xa3, 0x10, 0xa3, 0x10, 0xa3, 0x10, 0xa3, 0x10, 0xa3, 0x10, 0xa3, 0x10, 0xa3, 0x10, 0xa3, 0x10,
    0xa3, 0x10, 0xa3, 0x10, 0xa3, 0x10, 0xa3, 0x10, 0xa3, 0x10, 0xa3, 0x10, 0xf1, 0x31, 0xf1, 0x31, 0xf1, 0x31, 0xf1,
    0x31, 0xf1, 0x31, 0xf1, 0x31, 0xf1, 0x31, 0xf1, 0x31, 0xf1, 0x31, 0xf1, 0x31, 0xf1, 0x31, 0xf1, 0x31, 0xf1, 0x31,
    0x3e, 0x5b, 0x3e, 0x5b, 0x3e, 0x5b, 0x3e, 0x5b, 0x3e, 0x5b, 0x3e, 0x5b, 0x3e, 0x5b, 0x3e, 0x5b, 0x3e, 0x5b, 0x3e,
    0x5b, 0x3e, 0x5b, 0x3e, 0x5b, 0x3e, 0x5b, 0x3e, 0x5b, 0x3e, 0x5b, 0x3e, 0x5b, 0x3e, 0x5b, 0x3e, 0x5b, 0x3e, 0x5b,
    0x3e, 0x5b, 0x3e, 0x5b, 0x3e, 0x5b, 0x3e, 0x5b, 0x3e, 0x5b, 0x3e, 0x5b, 0x3e, 0x5b, 0x3e, 0x5b, 0x3e, 0x5b, 0x3e,
    0x5b, 0x3e, 0x5b, 0x3e, 0x5b, 0x3e, 0x5b, 0x3e, 0x5b, 0x3e, 0x5b, 0x3e, 0x5b, 0x3e, 0x5b, 0x3e, 0x5b, 0x3e, 0x5b,
    0x3e, 0x5b, 0x3e, 0x5b, 0x3e, 0x5b, 0x3e, 0x5b, 0x3e, 0x5b, 0x3e, 0x5b, 0x3e, 0x5b, 0x3e, 0x5b, 0x3e, 0x5b, 0x3e,
    0x5b, 0x3e, 0x5b, 0x3e, 0x5b, 0x3e, 0x5b, 0x3e, 0x5b, 0x3e, 0x5b, 0x3e, 0x5b, 0x3e, 0x5b, 0x3e, 0x5b, 0x3e, 0x5b,
    0x3e, 0x5b, 0x3e, 0x5b, 0x3e, 0x5b, 0x3e, 0x5b, 0x3e, 0x5b, 0x3e, 0x5b, 0x3e, 0x5b, 0x3e, 0x5b, 0x3e, 0x5b, 0x3e,
    0x5b, 0x3e, 0x5b, 0x3e, 0x5b, 0x3e, 0x5b, 0x3e, 0x5b, 0x3e, 0x5b, 0x3e, 0x5b, 0x3e, 0x5b, 0x3e, 0x5b, 0x3e, 0x5b,
    0x3e, 0x5b, 0x3e, 0x5b, 0x3e, 0x5b, 0x3e, 0x5b, 0x3e, 0x5b, 0x3e, 0x5b, 0x3e, 0x5b, 0x3e, 0x5b, 0x3e, 0x5b, 0x3e,
    0x5b, 0x3e, 0x5b, 0x3e, 0x5b, 0x3e, 0x5b, 0x3e, 0x5b, 0x3e, 0x5b, 0x3e, 0x5b, 0x3e, 0x5b, 0x3e, 0x5b, 0x3e, 0x5b,
    0x3e, 0x5b, 0x3e, 0x5b, 0x3e, 0x5b, 0x3e, 0x5b, 0x3e, 0x5b, 0x3e, 0x5b, 0x3e, 0x5b, 0x3e, 0x5b, 0x3e, 0x5b, 0x3e,
    0x5b, 0x3e, 0x5b, 0x3e, 0x5b, 0x3e, 0x5b, 0xa3, 0x10, 0xa3, 0x10, 0xa3, 0x10, 0xa3, 0x10, 0xa3, 0x10, 0xa3, 0x10,
    0xa3, 0x10, 0xa3, 0x10, 0xa3, 0x10, 0xa3, 0x10, 0xa3, 0x10, 0xa3, 0x10, 0xa3, 0x10, 0xa3, 0x10, 0xa3, 0x10, 0xa3,
    0x10, 0xa3, 0x10, 0xa3, 0x10, 0xa3, 0x10, 0xa3, 0x10, 0xa3, 0x10, 0xa3, 0x10, 0xa3, 0x10, 0xa3, 0x10, 0xa3, 0x10,
    0xa3, 0x10, 0xa3, 0x10, 0xa3, 0x10, 0xa3, 0x10, 0xa3, 0x10, 0xa3, 0x10, 0xa3, 0x10, 0xa3, 0x10, 0xa3, 0x10, 0xa3,
    0x10, 0xa3, 0x10, 0xa3, 0x10, 0xa3, 0x10, 0xa3, 0x10, 0xa3, 0x10, 0xa3, 0x10, 0xa3, 0x10, 0xa3, 0x10, 0xa3, 0x10,
    0xa3, 0x10, 0xa3, 0x10, 0xa3, 0x10, 0xa3, 0x10, 0xa3, 0x10, 0xa3, 0x10, 0xa3, 0x10, 0xa3, 0x10, 0xa3, 0x10, 0xa3,
    0x10, 0xa3, 0x10, 0xa3, 0x10, 0xa3, 0x10, 0xa3, 0x10, 0xa3, 0x10, 0xa3, 0x10, 0xa3, 0x10, 0xa3, 0x10, 0xa3, 0x10,
    0xa3, 0x10, 0xa3, 0x10, 0xa3, 0x10, 0xa3, 0x10, 0xa3, 0x10, 0xa3, 0x10, 0xa3, 0x10, 0xa3, 0x10, 0xa3, 0x10, 0xa3,
    0x10, 0xa3, 0x10, 0xa3, 0x10, 0xa3, 0x10, 0xa3, 0x10, 0xa3, 0x10, 0xa3, 0x10, 0xf1, 0x31, 0xf1, 0x31, 0xf1, 0x31,
    0xf1, 0x31, 0xf1, 0x31, 0xf1, 0x31, 0xf1, 0x31, 0xf1, 0x31, 0xf1, 0x31, 0xf1, 0x31, 0xf1, 0x31, 0xf1, 0x31, 0xf1,
    0x31, 0x3e, 0x5b, 0x3e, 0x5b, 0x3e, 0x5b, 0x3e, 0x5b, 0x3e, 0x5b, 0x3e, 0x5b, 0x3e, 0x5b, 0x3e, 0x5b, 0x3e, 0x5b,
    0x3e, 0x5b, 0x3e, 0x5b, 0x3e, 0x5b, 0x3e, 0x5b, 0x3e, 0x5b, 0x3e, 0x5b, 0x3e, 0x5b, 0x3e, 0x5b, 0x3e, 0x5b, 0x3e,
    0x5b, 0x3e, 0x5b, 0x3e, 0x5b, 0x3e, 0x5b, 0x3e, 0x5b, 0x3e, 0x5b, 0x3e, 0x5b, 0x3e, 0x5b, 0x3e, 0x5b, 0x3e, 0x5b,
    0x3e, 0x5b, 0x3e, 0x5b, 0x3e, 0x5b, 0x3e, 0x5b, 0x3e, 0x5b, 0x3e, 0x5b, 0x3e, 0x5b, 0x3e, 0x5b, 0x3e, 0x5b, 0x3e,
    0x5b, 0x3e, 0x5b, 0x3e, 0x5b, 0x3e, 0x5b, 0x3e, 0x5b, 0x3e, 0x5b, 0x3e, 0x5b, 0x3e, 0x5b, 0x3e, 0x5b, 0x3e, 0x5b,
    0x3e, 0x5b, 0x3e, 0x5b, 0x3e, 0x5b, 0x3e, 0x5b, 0x3e, 0x5b, 0x3e, 0x5b, 0x3e, 0x5b, 0x3e, 0x5b, 0x3e, 0x5b, 0x3e,
    0x5b, 0x3e, 0x5b, 0x3e, 0x5b, 0x3e, 0x5b, 0x3e, 0x5b, 0x3e, 0x5b, 0x3e, 0x5b, 0x3e, 0x5b, 0x3e, 0x5b, 0x3e, 0x5b,
    0x3e, 0x5b, 0x3e, 0x5b, 0x3e, 0x5b, 0x3e, 0x5b, 0x3e, 0x5b, 0x3e, 0x5b, 0x3e, 0x5b, 0x3e, 0x5b, 0x3e, 0x5b, 0x3e,
    0x5b, 0x3e, 0x5b, 0x3e, 0x5b, 0x3e, 0x5b, 0x3e, 0x5b, 0x3e, 0x5b, 0x3e, 0x5b, 0x3e, 0x5b, 0x3e, 0x5b, 0x3e, 0x5b,
    0x3e, 0x5b, 0x3e, 0x5b, 0x3e, 0x5b, 0x3e, 0x5b, 0x3e, 0x5b, 0x3e, 0x5b, 0x3e, 0x5b, 0x3e, 0x5b, 0x3e, 0x5b, 0x3e,
    0x5b, 0x3e, 0x5b, 0x3e, 0x5b, 0x3e, 0x5b, 0x3e, 0x5b, 0x3e, 0x5b, 0x3e, 0x5b, 0x3e, 0x5b, 0x3e, 0x5b, 0x3e, 0x5b,
    0x3e, 0x5b, 0x3e, 0x5b, 0x3e, 0x5b, 0x3e, 0x5b, 0xa3, 0x10, 0xa3, 0x10, 0xa3, 0x10, 0xa3, 0x10, 0xa3, 0x10, 0xa3,
    0x10, 0xa3, 0x10, 0xa3, 0x10, 0xa3, 0x10, 0xa3, 0x10, 0xa3, 0x10, 0xa3, 0x10, 0xa3, 0x10, 0xa3, 0x10, 0xa3, 0x10,
    0xa3, 0x10, 0xa3, 0x10, 0xa3, 0x10, 0xa3, 0x10, 0xa3, 0x10, 0xa3, 0x10, 0xa3, 0x10, 0xa3, 0x10, 0xa3, 0x10, 0xa3,
    0x10, 0xa3, 0x10, 0xa3, 0x10, 0xa3, 0x10, 0xa3, 0x10, 0xa3, 0x10, 0xa3, 0x10, 0xa3, 0x10, 0xa3, 0x10, 0xa3, 0x10,
    0xa3, 0x10, 0xa3, 0x10, 0xa3, 0x10, 0xa3, 0x10, 0xa3, 0x10, 0xa3, 0x10, 0xa3, 0x10, 0xa3, 0x10, 0xa3, 0x10, 0xa3,
    0x10, 0xa3, 0x10, 0xa3, 0x10, 0xa3, 0x10, 0xa3, 0x10, 0xa3, 0x10, 0xa3, 0x10, 0xa3, 0x10, 0xa3, 0x10, 0xa3, 0x10,
    0xa3, 0x10, 0xa3, 0x10, 0xa3, 0x10, 0xa3, 0x10, 0xa3, 0x10, 0xa3, 0x10, 0xa3, 0x10, 0xa3, 0x10, 0xa3, 0x10, 0xa3,
    0x10, 0xa3, 0x10, 0xa3, 0x10, 0xa3, 0x10, 0xa3, 0x10, 0xa3, 0x10, 0xa3, 0x10, 0xa3, 0x10, 0xa3, 0x10, 0xa3, 0x10,
    0xa3, 0x10, 0xa3, 0x10, 0xa3, 0x10, 0xa3, 0x10, 0xa3, 0x10, 0xa3, 0x10, 0xa3, 0x10, 0xf1, 0x31, 0xf1, 0x31, 0xf1,
    0x31, 0xf1, 0x31, 0xf1, 0x31, 0xf1, 0x31, 0xf1, 0x31, 0xf1, 0x31, 0xf1, 0x31, 0xf1, 0x31, 0xf1, 0x31, 0xf1, 0x31,
    0xf1, 0x31, 0x3e, 0x5b, 0x3e, 0x5b, 0x3e, 0x5b, 0x3e, 0x5b, 0x3e, 0x5b, 0x3e, 0x5b, 0x3e, 0x5b, 0x3e, 0x5b, 0x3e,
    0x5b, 0x3e, 0x5b, 0x3e, 0x5b, 0x3e, 0x5b, 0x3e, 0x5b, 0x3e, 0x5b, 0x3e, 0x5b, 0x3e, 0x5b, 0x3e, 0x5b, 0x3e, 0x5b,
    0x3e, 0x5b, 0x3e, 0x5b, 0x3e, 0x5b, 0x3e, 0x5b, 0x3e, 0x5b, 0x3e, 0x5b, 0x3e, 0x5b, 0x3e, 0x5b, 0x3e, 0x5b, 0x3e,
    0x5b, 0x3e, 0x5b, 0x3e, 0x5b, 0x3e, 0x5b, 0x3e, 0x5b, 0x3e, 0x5b, 0x3e, 0x5b, 0x3e, 0x5b, 0x3e, 0x5b, 0x3e, 0x5b,
    0x3e, 0x5b, 0x3e, 0x5b, 0x3e, 0x5b, 0x3e, 0x5b, 0x3e, 0x5b, 0x3e, 0x5b, 0x3e, 0x5b, 0x3e, 0x5b, 0x3e, 0x5b, 0x3e,
    0x5b, 0x3e, 0x5b, 0x3e, 0x5b, 0x3e, 0x5b, 0x3e, 0x5b, 0x3e, 0x5b, 0x3e, 0x5b, 0x3e, 0x5b, 0x3e, 0x5b, 0x3e, 0x5b,
    0x3e, 0x5b, 0x3e, 0x5b, 0x3e, 0x5b, 0x3e, 0x5b, 0x3e, 0x5b, 0x3e, 0x5b, 0x3e, 0x5b, 0x3e, 0x5b, 0x3e, 0x5b, 0x3e,
    0x5b, 0x3e, 0x5b, 0x3e, 0x5b, 0x3e, 0x5b, 0x3e, 0x5b, 0x3e, 0x5b, 0x3e, 0x5b, 0x3e, 0x5b, 0x3e, 0x5b, 0x3e, 0x5b,
    0x3e, 0x5b, 0x3e, 0x5b, 0x3e, 0x5b, 0x3e, 0x5b, 0x3e, 0x5b, 0x3e, 0x5b, 0x3e, 0x5b, 0x3e, 0x5b, 0x3e, 0x5b, 0x3e,
    0x5b, 0x3e, 0x5b, 0x3e, 0x5b, 0x3e, 0x5b, 0x3e, 0x5b, 0x3e, 0x5b, 0x3e, 0x5b, 0x3e, 0x5b, 0x3e, 0x5b, 0x3e, 0x5b,
    0x3e, 0x5b, 0x3e, 0x5b, 0x3e, 0x5b, 0x3e, 0x5b, 0x3e, 0x5b, 0x3e, 0x5b, 0x3e, 0x5b, 0x3e, 0x5b, 0x3e, 0x5b, 0x3e,
    0x5b, 0x3e, 0x5b, 0x3e, 0x5b, 0x3e, 0x5b, 0x3e, 0x5b, 0xa3, 0x10, 0xa3, 0x10, 0xa3, 0x10, 0xa3, 0x10, 0xa3, 0x10,
    0xa3, 0x10, 0xa3, 0x10, 0xa3, 0x10, 0xa3, 0x10, 0xa3, 0x10, 0xa3, 0x10, 0xa3, 0x10, 0xa3, 0x10, 0xa3, 0x10, 0xa3,
    0x10, 0xa3, 0x10, 0xa3, 0x10, 0xa3, 0x10, 0xa3, 0x10, 0xa3, 0x10, 0xa3, 0x10, 0xa3, 0x10, 0xa3, 0x10, 0xa3, 0x10,
    0xa3, 0x10, 0xa3, 0x10, 0xa3, 0x10, 0xa3, 0x10, 0xa3, 0x10, 0xa3, 0x10, 0xa3, 0x10, 0xa3, 0x10, 0xa3, 0x10, 0xa3,
    0x10, 0xa3, 0x10, 0xa3, 0x10, 0xa3, 0x10, 0xa3, 0x10, 0xa3, 0x10, 0xa3, 0x10, 0xa3, 0x10, 0xa3, 0x10, 0xa3, 0x10,
    0xa3, 0x10, 0xa3, 0x10, 0xa3, 0x10, 0xa3, 0x10, 0xa3, 0x10, 0xa3, 0x10, 0xa3, 0x10, 0xa3, 0x10, 0xa3, 0x10, 0xa3,
    0x10, 0xa3, 0x10, 0xa3, 0x10, 0xa3, 0x10, 0xa3, 0x10, 0xa3, 0x10, 0xa3, 0x10, 0xa3, 0x10, 0xa3, 0x10, 0xa3, 0x10,
    0xa3, 0x10, 0xa3, 0x10, 0xa3, 0x10, 0xa3, 0x10, 0xa3, 0x10, 0xa3, 0x10, 0xa3, 0x10, 0xa3, 0x10, 0xa3, 0x10, 0xa3,
    0x10, 0xa3, 0x10, 0xa3, 0x10, 0xa3, 0x10, 0xa3, 0x10, 0xa3, 0x10, 0xa3, 0x10, 0xa3, 0x10, 0xf1, 0x31, 0xf1, 0x31,
    0xf1, 0x31, 0xf1, 0x31, 0xf1, 0x31, 0xf1, 0x31, 0xf1, 0x31, 0xf1, 0x31, 0xf1, 0x31, 0xf1, 0x31, 0xf1, 0x31, 0xf1,
    0x31, 0xf1, 0x31, 0x3e, 0x5b, 0x3e, 0x5b, 0x3e, 0x5b, 0x3e, 0x5b, 0x3e, 0x5b, 0x3e, 0x5b, 0x3e, 0x5b, 0x3e, 0x5b,
    0x3e, 0x5b, 0x3e, 0x5b, 0x3e, 0x5b, 0x3e, 0x5b, 0x3e, 0x5b, 0x3e, 0x5b, 0x3e, 0x5b, 0x3e, 0x5b, 0x3e, 0x5b, 0x3e,
    0x5b, 0x3e, 0x5b, 0x3e, 0x5b, 0x3e, 0x5b, 0x3e, 0x5b, 0x3e, 0x5b, 0x3e, 0x5b, 0x3e, 0x5b, 0x3e, 0x5b, 0x3e, 0x5b,
    0x3e, 0x5b, 0x3e, 0x5b, 0x3e, 0x5b, 0x3e, 0x5b, 0x3e, 0x5b, 0x3e, 0x5b, 0x3e, 0x5b, 0x3e, 0x5b, 0x3e, 0x5b, 0x3e,
    0x5b, 0x3e, 0x5b, 0x3e, 0x5b, 0x3e, 0x5b, 0x3e, 0x5b, 0x3e, 0x5b, 0x3e, 0x5b, 0x3e, 0x5b, 0x3e, 0x5b, 0x3e, 0x5b,
    0x3e, 0x5b, 0x3e, 0x5b, 0x3e, 0x5b, 0x3e, 0x5b, 0x3e, 0x5b, 0x3e, 0x5b, 0x3e, 0x5b, 0x3e, 0x5b, 0x3e, 0x5b, 0x3e,
    0x5b, 0x3e, 0x5b, 0x3e, 0x5b, 0x3e, 0x5b, 0x3e, 0x5b, 0x3e, 0x5b, 0x3e, 0x5b, 0x3e, 0x5b, 0x3e, 0x5b, 0x3e, 0x5b,
    0x3e, 0x5b, 0x3e, 0x5b, 0x3e, 0x5b, 0x3e, 0x5b, 0x3e, 0x5b, 0x3e, 0x5b, 0x3e, 0x5b, 0x3e, 0x5b, 0x3e, 0x5b, 0x3e,
    0x5b, 0x3e, 0x5b, 0x3e, 0x5b, 0x3e, 0x5b, 0x3e, 0x5b, 0x3e, 0x5b, 0x3e, 0x5b, 0x3e, 0x5b, 0x3e, 0x5b, 0x3e, 0x5b,
    0x3e, 0x5b, 0x3e, 0x5b, 0x3e, 0x5b, 0x3e, 0x5b, 0x3e, 0x5b, 0x3e, 0x5b, 0x3e, 0x5b, 0x3e, 0x5b, 0x3e, 0x5b, 0x3e,
    0x5b, 0x3e, 0x5b, 0x3e, 0x5b, 0x3e, 0x5b, 0x3e, 0x5b, 0x3e, 0x5b, 0x3e, 0x5b, 0x3e, 0x5b, 0x3e, 0x5b, 0x3e, 0x5b,
    0x3e, 0x5b, 0x3e, 0x5b, 0x3e, 0x5b, 0x3e, 0x5b, 0x3e, 0x5b, 0xa3, 0x10, 0xa3, 0x10, 0xa3, 0x10, 0xa3, 0x10, 0xa3,
    0x10, 0xa3, 0x10, 0xa3, 0x10, 0xa3, 0x10, 0xa3, 0x10, 0xa3, 0x10, 0xa3, 0x10, 0xa3, 0x10, 0xa3, 0x10, 0xa3, 0x10,
    0xa3, 0x10, 0xa3, 0x10, 0xa3, 0x10, 0xa3, 0x10, 0xa3, 0x10, 0xa3, 0x10, 0xa3, 0x10, 0xa3, 0x10, 0xa3, 0x10, 0xa3,
    0x10, 0xa3, 0x10, 0xa3, 0x10, 0xa3, 0x10, 0xa3, 0x10, 0xa3, 0x10, 0xa3, 0x10, 0xa3, 0x10, 0xa3, 0x10, 0xa3, 0x10,
    0xa3, 0x10, 0xa3, 0x10, 0xa3, 0x10, 0xa3, 0x10, 0xa3, 0x10, 0xa3, 0x10, 0xa3, 0x10, 0xa3, 0x10, 0xa3, 0x10, 0xa3,
    0x10, 0xa3, 0x10, 0xa3, 0x10, 0xa3, 0x10, 0xa3, 0x10, 0xa3, 0x10, 0xa3, 0x10, 0xa3, 0x10, 0xa3, 0x10, 0xa3, 0x10,
    0xa3, 0x10, 0xa3, 0x10, 0xa3, 0x10, 0xa3, 0x10, 0xa3, 0x10, 0xa3, 0x10, 0xa3, 0x10, 0xa3, 0x10, 0xa3, 0x10, 0xa3,
    0x10, 0xa3, 0x10, 0xa3, 0x10, 0xa3, 0x10, 0xa3, 0x10, 0xa3, 0x10, 0xa3, 0x10, 0xa3, 0x10, 0xa3, 0x10, 0xa3, 0x10,
    0xa3, 0x10, 0xa3, 0x10, 0xa3, 0x10, 0xa3, 0x10, 0xa3, 0x10, 0xa3, 0x10, 0xa3, 0x10, 0xa3, 0x10, 0xa3, 0x10, 0xf1,
    0x31, 0xf1, 0x31, 0xf1, 0x31, 0xf1, 0x31, 0xf1, 0x31, 0xf1, 0x31, 0xf1, 0x31, 0xf1, 0x31, 0xf1, 0x31, 0xf1, 0x31,
    0xf1, 0x31, 0xf1, 0x31, 0x3e, 0x5b, 0x3e, 0x5b, 0x3e, 0x5b, 0x3e, 0x5b, 0x3e, 0x5b, 0x3e, 0x5b, 0x3e, 0x5b, 0x3e,
    0x5b, 0x3e, 0x5b, 0x3e, 0x5b, 0x3e, 0x5b, 0x3e, 0x5b, 0x3e, 0x5b, 0x3e, 0x5b, 0x3e, 0x5b, 0x3e, 0x5b, 0x3e, 0x5b,
    0x3e, 0x5b, 0x3e, 0x5b, 0x3e, 0x5b, 0x3e, 0x5b, 0x3e, 0x5b, 0x3e, 0x5b, 0x3e, 0x5b, 0x3e, 0x5b, 0x3e, 0x5b, 0x3e,
    0x5b, 0x3e, 0x5b, 0x3e, 0x5b, 0x3e, 0x5b, 0x3e, 0x5b, 0x3e, 0x5b, 0x3e, 0x5b, 0x3e, 0x5b, 0x3e, 0x5b, 0x3e, 0x5b,
    0x3e, 0x5b, 0x3e, 0x5b, 0x3e, 0x5b, 0x3e, 0x5b, 0x3e, 0x5b, 0x3e, 0x5b, 0x3e, 0x5b, 0x3e, 0x5b, 0x3e, 0x5b, 0x3e,
    0x5b, 0x3e, 0x5b, 0x3e, 0x5b, 0x3e, 0x5b, 0x3e, 0x5b, 0x3e, 0x5b, 0x3e, 0x5b, 0x3e, 0x5b, 0x3e, 0x5b, 0x3e, 0x5b,
    0x3e, 0x5b, 0x3e, 0x5b, 0x3e, 0x5b, 0x3e, 0x5b, 0x3e, 0x5b, 0x3e, 0x5b, 0x3e, 0x5b, 0x3e, 0x5b, 0x3e, 0x5b, 0x3e,
    0x5b, 0x3e, 0x5b, 0x3e, 0x5b, 0x3e, 0x5b, 0x3e, 0x5b, 0x3e, 0x5b, 0x3e, 0x5b, 0x3e, 0x5b, 0x3e, 0x5b, 0x3e, 0x5b,
    0x3e, 0x5b, 0x3e, 0x5b, 0x3e, 0x5b, 0x3e, 0x5b, 0x3e, 0x5b, 0x3e, 0x5b, 0x3e, 0x5b, 0x3e, 0x5b, 0x3e, 0x5b, 0x3e,
    0x5b, 0x3e, 0x5b, 0x3e, 0x5b, 0x3e, 0x5b, 0x3e, 0x5b, 0x3e, 0x5b, 0x3e, 0x5b, 0x3e, 0x5b, 0x3e, 0x5b, 0x3e, 0x5b,
    0x3e, 0x5b, 0x3e, 0x5b, 0x3e, 0x5b, 0x3e, 0x5b, 0x3e, 0x5b, 0x3e, 0x5b, 0x3e, 0x5b, 0x3e, 0x5b, 0x3e, 0x5b, 0x3e,
    0x5b, 0x3e, 0x5b, 0x3e, 0x5b, 0x3e, 0x5b, 0x3e, 0x5b, 0x3e, 0x5b, 0xa3, 0x10, 0xa3, 0x10, 0xa3, 0x10, 0xa3, 0x10,
    0xa3, 0x10, 0xa3, 0x10, 0xa3, 0x10, 0xa3, 0x10, 0xa3, 0x10, 0xa3, 0x10, 0xa3, 0x10, 0xa3, 0x10, 0xa3, 0x10, 0xa3,
    0x10, 0xa3, 0x10, 0xa3, 0x10, 0xa3, 0x10, 0xa3, 0x10, 0xa3, 0x10, 0xa3, 0x10, 0xa3, 0x10, 0xa3, 0x10, 0xa3, 0x10,
    0xa3, 0x10, 0xa3, 0x10, 0xa3, 0x10, 0xa3, 0x10, 0xa3, 0x10, 0xa3, 0x10, 0xa3, 0x10, 0xa3, 0x10, 0xa3, 0x10, 0xa3,
    0x10, 0xa3, 0x10, 0xa3, 0x10, 0xa3, 0x10, 0xa3, 0x10, 0xa3, 0x10, 0xa3, 0x10, 0xa3, 0x10, 0xa3, 0x10, 0xa3, 0x10,
    0xa3, 0x10, 0xa3, 0x10, 0xa3, 0x10, 0xa3, 0x10, 0xa3, 0x10, 0xa3, 0x10, 0xa3, 0x10, 0xa3, 0x10, 0xa3, 0x10, 0xa3,
    0x10, 0xa3, 0x10, 0xa3, 0x10, 0xa3, 0x10, 0xa3, 0x10, 0xa3, 0x10, 0xa3, 0x10, 0xa3, 0x10, 0xa3, 0x10, 0xa3, 0x10,
    0xa3, 0x10, 0xa3, 0x10, 0xa3, 0x10, 0xa3, 0x10, 0xa3, 0x10, 0xa3, 0x10, 0xa3, 0x10, 0xa3, 0x10, 0xa3, 0x10, 0xa3,
    0x10, 0xa3, 0x10, 0xa3, 0x10, 0xa3, 0x10, 0xa3, 0x10, 0xa3, 0x10, 0xa3, 0x10, 0xa3, 0x10, 0xa3, 0x10, 0xa3, 0x10,
    0xf1, 0x31, 0xf1, 0x31, 0xf1, 0x31, 0xf1, 0x31, 0xf1, 0x31, 0xf1, 0x31, 0xf1, 0x31, 0xf1, 0x31, 0xf1, 0x31, 0xf1,
    0x31, 0xf1, 0x31, 0xf1, 0x31, 0x3e, 0x5b, 0x3e, 0x5b, 0x3e, 0x5b, 0x3e, 0x5b, 0x3e, 0x5b, 0x3e, 0x5b, 0x3e, 0x5b,
    0x3e, 0x5b, 0x3e, 0x5b, 0x3e, 0x5b, 0x3e, 0x5b, 0x3e, 0x5b, 0x3e, 0x5b, 0x3e, 0x5b, 0x3e, 0x5b, 0x3e, 0x5b, 0x3e,
    0x5b, 0x3e, 0x5b, 0x3e, 0x5b, 0x3e, 0x5b, 0x3e, 0x5b, 0x3e, 0x5b, 0x3e, 0x5b, 0x3e, 0x5b, 0x3e, 0x5b, 0x3e, 0x5b,
    0x3e, 0x5b, 0x3e, 0x5b, 0x3e, 0x5b, 0x3e, 0x5b, 0x3e, 0x5b, 0x3e, 0x5b, 0x3e, 0x5b, 0x3e, 0x5b, 0x3e, 0x5b, 0x3e,
    0x5b, 0x3e, 0x5b, 0x3e, 0x5b, 0x3e, 0x5b, 0x3e, 0x5b, 0x3e, 0x5b, 0x3e, 0x5b, 0x3e, 0x5b, 0x3e, 0x5b, 0x3e, 0x5b,
    0x3e, 0x5b, 0x3e, 0x5b, 0x3e, 0x5b, 0x3e, 0x5b, 0x3e, 0x5b, 0x3e, 0x5b, 0x3e, 0x5b, 0x3e, 0x5b, 0x3e, 0x5b, 0x3e,
    0x5b, 0x3e, 0x5b, 0x3e, 0x5b, 0x3e, 0x5b, 0x3e, 0x5b, 0x3e, 0x5b, 0x3e, 0x5b, 0x3e, 0x5b, 0x3e, 0x5b, 0x3e, 0x5b,
    0x3e, 0x5b, 0x3e, 0x5b, 0x3e, 0x5b, 0x3e, 0x5b, 0x3e, 0x5b, 0x3e, 0x5b, 0x3e, 0x5b, 0x3e, 0x5b, 0x3e, 0x5b, 0x3e,
    0x5b, 0x3e, 0x5b, 0x3e, 0x5b, 0x3e, 0x5b, 0x3e, 0x5b, 0x3e, 0x5b, 0x3e, 0x5b, 0x3e, 0x5b, 0x3e, 0x5b, 0x3e, 0x5b,
    0x3e, 0x5b, 0x3e, 0x5b, 0x3e, 0x5b, 0x3e, 0x5b, 0x3e, 0x5b, 0x3e, 0x5b, 0x3e, 0x5b, 0x3e, 0x5b, 0x3e, 0x5b, 0x3e,
    0x5b, 0x3e, 0x5b, 0x3e, 0x5b, 0x3e, 0x5b, 0x3e, 0x5b, 0x3e, 0x5b, 0x3e, 0x5b, 0x3e, 0x5b, 0x3e, 0x5b, 0x3e, 0x5b,
    0x3e, 0x5b, 0x3e, 0x5b, 0x3e, 0x5b, 0x3e, 0x5b, 0x3e, 0x5b, 0x3e, 0x5b, 0xa3, 0x10, 0xa3, 0x10, 0xa3, 0x10, 0xa3,
    0x10, 0xa3, 0x10, 0xa3, 0x10, 0xa3, 0x10, 0xa3, 0x10, 0xa3, 0x10, 0xa3, 0x10, 0xa3, 0x10, 0xa3, 0x10, 0xa3, 0x10,
    0xa3, 0x10, 0xa3, 0x10, 0xa3, 0x10, 0xa3, 0x10, 0xa3, 0x10, 0xa3, 0x10, 0xa3, 0x10, 0xa3, 0x10, 0xa3, 0x10, 0xa3,
    0x10, 0xa3, 0x10, 0xa3, 0x10, 0xa3, 0x10, 0xa3, 0x10, 0xa3, 0x10, 0xa3, 0x10, 0xa3, 0x10, 0xa3, 0x10, 0xa3, 0x10,
    0xa3, 0x10, 0xa3, 0x10, 0xa3, 0x10, 0xa3, 0x10, 0xa3, 0x10, 0xa3, 0x10, 0xa3, 0x10, 0xa3, 0x10, 0xa3, 0x10, 0xa3,
    0x10, 0xa3, 0x10, 0xa3, 0x10, 0xa3, 0x10, 0xa3, 0x10, 0xa3, 0x10, 0xa3, 0x10, 0xa3, 0x10, 0xa3, 0x10, 0xa3, 0x10,
    0xa3, 0x10, 0xa3, 0x10, 0xa3, 0x10, 0xa3, 0x10, 0xa3, 0x10, 0xa3, 0x10, 0xa3, 0x10, 0xa3, 0x10, 0xa3, 0x10, 0xa3,
    0x10, 0xa3, 0x10, 0xa3, 0x10, 0xa3, 0x10, 0xa3, 0x10, 0xa3, 0x10, 0xa3, 0x10, 0xa3, 0x10, 0xa3, 0x10, 0xa3, 0x10,
    0xa3, 0x10, 0xa3, 0x10, 0xa3, 0x10, 0xa3, 0x10, 0xa3, 0x10, 0xa3, 0x10, 0xa3, 0x10, 0xa3, 0x10, 0xa3, 0x10, 0xa3,
    0x10, 0xf1, 0x31, 0xf1, 0x31, 0xf1, 0x31, 0xf1, 0x31, 0xf1, 0x31, 0xf1, 0x31, 0xf1, 0x31, 0xf1, 0x31, 0xf1, 0x31,
    0xf1, 0x31, 0xf1, 0x31, 0xf1, 0x31, 0x3e, 0x5b, 0x3e, 0x5b, 0x3e, 0x5b, 0x3e, 0x5b, 0x3e, 0x5b, 0x3e, 0x5b, 0x3e,
    0x5b, 0x3e, 0x5b, 0x3e, 0x5b, 0x3e, 0x5b, 0x3e, 0x5b, 0x3e, 0x5b, 0x3e, 0x5b, 0x3e, 0x5b, 0x3e, 0x5b, 0x3e, 0x5b,
    0x3e, 0x5b, 0x3e, 0x5b, 0x3e, 0x5b, 0x3e, 0x5b, 0x3e, 0x5b, 0x3e, 0x5b, 0x3e, 0x5b, 0x3e, 0x5b, 0x3e, 0x5b, 0x3e,
    0x5b, 0x3e, 0x5b, 0x3e, 0x5b, 0x3e, 0x5b, 0x3e, 0x5b, 0x3e, 0x5b, 0x3e, 0x5b, 0x3e, 0x5b, 0x3e, 0x5b, 0x3e, 0x5b,
    0x3e, 0x5b, 0x3e, 0x5b, 0x3e, 0x5b, 0x3e, 0x5b, 0x3e, 0x5b, 0x3e, 0x5b, 0x3e, 0x5b, 0x3e, 0x5b, 0x3e, 0x5b, 0x3e,
    0x5b, 0x3e, 0x5b, 0x3e, 0x5b, 0x3e, 0x5b, 0x3e, 0x5b, 0x3e, 0x5b, 0x3e, 0x5b, 0x3e, 0x5b, 0x3e, 0x5b, 0x3e, 0x5b,
    0x3e, 0x5b, 0x3e, 0x5b, 0x3e, 0x5b, 0x3e, 0x5b, 0x3e, 0x5b, 0x3e, 0x5b, 0x3e, 0x5b, 0x3e, 0x5b, 0x3e, 0x5b, 0x3e,
    0x5b, 0x3e, 0x5b, 0x3e, 0x5b, 0x3e, 0x5b, 0x3e, 0x5b, 0x3e, 0x5b, 0x3e, 0x5b, 0x3e, 0x5b, 0x3e, 0x5b, 0x3e, 0x5b,
    0x3e, 0x5b, 0x3e, 0x5b, 0x3e, 0x5b, 0x3e, 0x5b, 0x3e, 0x5b, 0x3e, 0x5b, 0x3e, 0x5b, 0x3e, 0x5b, 0x3e, 0x5b, 0x3e,
    0x5b, 0x3e, 0x5b, 0x3e, 0x5b, 0x3e, 0x5b, 0x3e, 0x5b, 0x3e, 0x5b, 0x3e, 0x5b, 0x3e, 0x5b, 0x3e, 0x5b, 0x3e, 0x5b,
    0x3e, 0x5b, 0x3e, 0x5b, 0x3e, 0x5b, 0x3e, 0x5b, 0x3e, 0x5b, 0x3e, 0x5b, 0x3e, 0x5b, 0x3e, 0x5b, 0x3e, 0x5b, 0x3e,
    0x5b, 0x3e, 0x5b, 0x3e, 0x5b, 0x3e, 0x5b, 0x3e, 0x5b, 0x3e, 0x5b, 0x3e, 0x5b, 0xa3, 0x10, 0xa3, 0x10, 0xa3, 0x10,
    0xa3, 0x10, 0xa3, 0x10, 0xa3, 0x10, 0xa3, 0x10, 0xa3, 0x10, 0xa3, 0x10, 0xa3, 0x10, 0xa3, 0x10, 0xa3, 0x10, 0xa3,
    0x10, 0xa3, 0x10, 0xa3, 0x10, 0xa3, 0x10, 0xa3, 0x10, 0xa3, 0x10, 0xa3, 0x10, 0xa3, 0x10, 0xa3, 0x10, 0xa3, 0x10,
    0xa3, 0x10, 0xa3, 0x10, 0xa3, 0x10, 0xa3, 0x10, 0xa3, 0x10, 0xa3, 0x10, 0xa3, 0x10, 0xa3, 0x10, 0xa3, 0x10, 0xa3,
    0x10, 0xa3, 0x10, 0xa3, 0x10, 0xa3, 0x10, 0xa3, 0x10, 0xa3, 0x10, 0xa3, 0x10, 0xa3, 0x10, 0xa3, 0x10, 0xa3, 0x10,
    0xa3, 0x10, 0xa3, 0x10, 0xa3, 0x10, 0xa3, 0x10, 0xa3, 0x10, 0xa3, 0x10, 0xa3, 0x10, 0xa3, 0x10, 0xa3, 0x10, 0xa3,
    0x10, 0xa3, 0x10, 0xa3, 0x10, 0xa3, 0x10, 0xa3, 0x10, 0xa3, 0x10, 0xa3, 0x10, 0xa3, 0x10, 0xa3, 0x10, 0xa3, 0x10,
    0xa3, 0x10, 0xa3, 0x10, 0xa3, 0x10, 0xa3, 0x10, 0xa3, 0x10, 0xa3, 0x10, 0xa3, 0x10, 0xa3, 0x10, 0xa3, 0x10, 0xa3,
    0x10, 0xa3, 0x10, 0xa3, 0x10, 0xa3, 0x10, 0xa3, 0x10, 0xa3, 0x10, 0xa3, 0x10, 0xa3, 0x10, 0xa3, 0x10, 0xa3, 0x10,
    0xa3, 0x10, 0xa3, 0x10, 0xf1, 0x31, 0xf1, 0x31, 0xf1, 0x31, 0xf1, 0x31, 0xf1, 0x31, 0xf1, 0x31, 0xf1, 0x31, 0xf1,
    0x31, 0xf1, 0x31, 0xf1, 0x31, 0xf1, 0x31, 0x3e, 0x5b, 0x3e, 0x5b, 0x3e, 0x5b, 0x3e, 0x5b, 0x3e, 0x5b, 0x3e, 0x5b,
    0x3e, 0x5b, 0x3e, 0x5b, 0x3e, 0x5b, 0x3e, 0x5b, 0x3e, 0x5b, 0x3e, 0x5b, 0x3e, 0x5b, 0x3e, 0x5b, 0x3e, 0x5b, 0x3e,
    0x5b, 0x3e, 0x5b, 0x3e, 0x5b, 0x3e, 0x5b, 0x3e, 0x5b, 0x3e, 0x5b, 0x3e, 0x5b, 0x3e, 0x5b, 0x3e, 0x5b, 0x3e, 0x5b,
    0x3e, 0x5b, 0x3e, 0x5b, 0x3e, 0x5b, 0x3e, 0x5b, 0x3e, 0x5b, 0x3e, 0x5b, 0x3e, 0x5b, 0x3e, 0x5b, 0x3e, 0x5b, 0x3e,
    0x5b, 0x3e, 0x5b, 0x3e, 0x5b, 0x3e, 0x5b, 0x3e, 0x5b, 0x3e, 0x5b, 0x3e, 0x5b, 0x3e, 0x5b, 0x3e, 0x5b, 0x3e, 0x5b,
    0x3e, 0x5b, 0x3e, 0x5b, 0x3e, 0x5b, 0x3e, 0x5b, 0x3e, 0x5b, 0x3e, 0x5b, 0x3e, 0x5b, 0x3e, 0x5b, 0x3e, 0x5b, 0x3e,
    0x5b, 0x3e, 0x5b, 0x3e, 0x5b, 0x3e, 0x5b, 0x3e, 0x5b, 0x3e, 0x5b, 0x3e, 0x5b, 0x3e, 0x5b, 0x3e, 0x5b, 0x3e, 0x5b,
    0x3e, 0x5b, 0x3e, 0x5b, 0x3e, 0x5b, 0x3e, 0x5b, 0x3e, 0x5b, 0x3e, 0x5b, 0x3e, 0x5b, 0x3e, 0x5b, 0x3e, 0x5b, 0x3e,
    0x5b, 0x3e, 0x5b, 0x3e, 0x5b, 0x3e, 0x5b, 0x3e, 0x5b, 0x3e, 0x5b, 0x3e, 0x5b, 0x3e, 0x5b, 0x3e, 0x5b, 0x3e, 0x5b,
    0x3e, 0x5b, 0x3e, 0x5b, 0x3e, 0x5b, 0x3e, 0x5b, 0x3e, 0x5b, 0x3e, 0x5b, 0x3e, 0x5b, 0x3e, 0x5b, 0x3e, 0x5b, 0x3e,
    0x5b, 0x3e, 0x5b, 0x3e, 0x5b, 0x3e, 0x5b, 0x3e, 0x5b, 0x3e, 0x5b, 0x3e, 0x5b, 0x3e, 0x5b, 0x3e, 0x5b, 0x3e, 0x5b,
    0x3e, 0x5b, 0x3e, 0x5b, 0x3e, 0x5b, 0x3e, 0x5b, 0x3e, 0x5b, 0x3e, 0x5b, 0x3e, 0x5b, 0xa3, 0x10, 0xa3, 0x10, 0xa3,
    0x10, 0xa3, 0x10, 0xa3, 0x10, 0xa3, 0x10, 0xa3, 0x10, 0xa3, 0x10, 0xa3, 0x10, 0xa3, 0x10, 0xa3, 0x10, 0xa3, 0x10,
    0xa3, 0x10, 0xa3, 0x10, 0xa3, 0x10, 0xa3, 0x10, 0xa3, 0x10, 0xa3, 0x10, 0xa3, 0x10, 0xa3, 0x10, 0xa3, 0x10, 0xa3,
    0x10, 0xa3, 0x10, 0xa3, 0x10, 0xa3, 0x10, 0xa3, 0x10, 0xa3, 0x10, 0xa3, 0x10, 0xa3, 0x10, 0xa3, 0x10, 0xa3, 0x10,
    0xa3, 0x10, 0xa3, 0x10, 0xa3, 0x10, 0xa3, 0x10, 0xa3, 0x10, 0xa3, 0x10, 0xa3, 0x10, 0xa3, 0x10, 0xa3, 0x10, 0xa3,
    0x10, 0xa3, 0x10, 0xa3, 0x10, 0xa3, 0x10, 0xa3, 0x10, 0xa3, 0x10, 0xa3, 0x10, 0xa3, 0x10, 0xa3, 0x10, 0xa3, 0x10,
    0xa3, 0x10, 0xa3, 0x10, 0xa3, 0x10, 0xa3, 0x10, 0xa3, 0x10, 0xa3, 0x10, 0xa3, 0x10, 0xa3, 0x10, 0xa3, 0x10, 0xa3,
    0x10, 0xa3, 0x10, 0xa3, 0x10, 0xa3, 0x10, 0xa3, 0x10, 0xa3, 0x10, 0xa3, 0x10, 0xa3, 0x10, 0xa3, 0x10, 0xa3, 0x10,
    0xa3, 0x10, 0xa3, 0x10, 0xa3, 0x10, 0xa3, 0x10, 0xa3, 0x10, 0xa3, 0x10, 0xa3, 0x10, 0xa3, 0x10, 0xa3, 0x10, 0xa3,
    0x10, 0xa3, 0x10, 0xa3, 0x10, 0xa3, 0x10, 0xf1, 0x31, 0xf1, 0x31, 0xf1, 0x31, 0xf1, 0x31, 0xf1, 0x31, 0xf1, 0x31,
    0xf1, 0x31, 0xf1, 0x31, 0xf1, 0x31, 0xf1, 0x31, 0x3e, 0x5b, 0x3e, 0x5b, 0x3e, 0x5b, 0x3e, 0x5b, 0x3e, 0x5b, 0x3e,
    0x5b, 0x3e, 0x5b, 0x3e, 0x5b, 0x3e, 0x5b, 0x3e, 0x5b, 0x3e, 0x5b, 0x3e, 0x5b, 0x3e, 0x5b, 0x3e, 0x5b, 0x3e, 0x5b,
    0x3e, 0x5b, 0x3e, 0x5b, 0x3e, 0x5b, 0x3e, 0x5b, 0x3e, 0x5b, 0x3e, 0x5b, 0x3e, 0x5b, 0x3e, 0x5b, 0x3e, 0x5b, 0x3e,
    0x5b, 0x3e, 0x5b, 0x3e, 0x5b, 0x3e, 0x5b, 0x3e, 0x5b, 0x3e, 0x5b, 0x3e, 0x5b, 0x3e, 0x5b, 0x3e, 0x5b, 0x3e, 0x5b,
    0x3e, 0x5b, 0x3e, 0x5b, 0x3e, 0x5b, 0x3e, 0x5b, 0x3e, 0x5b, 0x3e, 0x5b, 0x3e, 0x5b, 0x3e, 0x5b, 0x3e, 0x5b, 0x3e,
    0x5b, 0x3e, 0x5b, 0x3e, 0x5b, 0x3e, 0x5b, 0x3e, 0x5b, 0x3e, 0x5b, 0x3e, 0x5b, 0x3e, 0x5b, 0x3e, 0x5b, 0x3e, 0x5b,
    0x3e, 0x5b, 0x3e, 0x5b, 0x3e, 0x5b, 0x3e, 0x5b, 0x3e, 0x5b, 0x3e, 0x5b, 0x3e, 0x5b, 0x3e, 0x5b, 0x3e, 0x5b, 0x3e,
    0x5b, 0x3e, 0x5b, 0x3e, 0x5b, 0x3e, 0x5b, 0x3e, 0x5b, 0x3e, 0x5b, 0x3e, 0x5b, 0x3e, 0x5b, 0x3e, 0x5b, 0x3e, 0x5b,
    0x3e, 0x5b, 0x3e, 0x5b, 0x3e, 0x5b, 0x3e, 0x5b, 0x3e, 0x5b, 0x3e, 0x5b, 0x3e, 0x5b, 0x3e, 0x5b, 0x3e, 0x5b, 0x3e,
    0x5b, 0x3e, 0x5b, 0x3e, 0x5b, 0x3e, 0x5b, 0x3e, 0x5b, 0x3e, 0x5b, 0x3e, 0x5b, 0x3e, 0x5b, 0x3e, 0x5b, 0x3e, 0x5b,
    0x3e, 0x5b, 0x3e, 0x5b, 0x3e, 0x5b, 0x3e, 0x5b, 0x3e, 0x5b, 0x3e, 0x5b, 0x3e, 0x5b, 0x3e, 0x5b, 0x3e, 0x5b, 0x3e,
    0x5b, 0x3e, 0x5b, 0x3e, 0x5b, 0x3e, 0x5b, 0x3e, 0x5b, 0x3e, 0x5b, 0x3e, 0x5b, 0x3e, 0x5b, 0xa3, 0x10, 0xa3, 0x10,
    0xa3, 0x10, 0xa3, 0x10, 0xa3, 0x10, 0xa3, 0x10, 0xa3, 0x10, 0xa3, 0x10, 0xa3, 0x10, 0xa3, 0x10, 0xa3, 0x10, 0xa3,
    0x10, 0xa3, 0x10, 0xa3, 0x10, 0xa3, 0x10, 0xa3, 0x10, 0xa3, 0x10, 0xa3, 0x10, 0xa3, 0x10, 0xa3, 0x10, 0xa3, 0x10,
    0xa3, 0x10, 0xa3, 0x10, 0xa3, 0x10, 0xa3, 0x10, 0xa3, 0x10, 0xa3, 0x10, 0xa3, 0x10, 0xa3, 0x10, 0xa3, 0x10, 0xa3,
    0x10, 0xa3, 0x10, 0xa3, 0x10, 0xa3, 0x10, 0xa3, 0x10, 0xa3, 0x10, 0xa3, 0x10, 0xa3, 0x10, 0xa3, 0x10, 0xa3, 0x10,
    0xa3, 0x10, 0xa3, 0x10, 0xa3, 0x10, 0xa3, 0x10, 0xa3, 0x10, 0xa3, 0x10, 0xa3, 0x10, 0xa3, 0x10, 0xa3, 0x10, 0xa3,
    0x10, 0xa3, 0x10, 0xa3, 0x10, 0xa3, 0x10, 0xa3, 0x10, 0xa3, 0x10, 0xa3, 0x10, 0xa3, 0x10, 0xa3, 0x10, 0xa3, 0x10,
    0xa3, 0x10, 0xa3, 0x10, 0xa3, 0x10, 0xa3, 0x10, 0xa3, 0x10, 0xa3, 0x10, 0xa3, 0x10, 0xa3, 0x10, 0xa3, 0x10, 0xa3,
    0x10, 0xa3, 0x10, 0xa3, 0x10, 0xa3, 0x10, 0xa3, 0x10, 0xa3, 0x10, 0xa3, 0x10, 0xa3, 0x10, 0xa3, 0x10, 0xa3, 0x10,
    0xa3, 0x10, 0xa3, 0x10, 0xa3, 0x10, 0xa3, 0x10, 0xf1, 0x31, 0xf1, 0x31, 0xf1, 0x31, 0xf1, 0x31, 0xf1, 0x31, 0xf1,
    0x31, 0xf1, 0x31, 0xf1, 0x31, 0xf1, 0x31, 0xf1, 0x31, 0x3e, 0x5b, 0x3e, 0x5b, 0x3e, 0x5b, 0x3e, 0x5b, 0x3e, 0x5b,
    0x3e, 0x5b, 0x3e, 0x5b, 0x3e, 0x5b, 0x3e, 0x5b, 0x3e, 0x5b, 0x3e, 0x5b, 0x3e, 0x5b, 0x3e, 0x5b, 0x3e, 0x5b, 0x3e,
    0x5b, 0x3e, 0x5b, 0x3e, 0x5b, 0x3e, 0x5b, 0x3e, 0x5b, 0x3e, 0x5b, 0x3e, 0x5b, 0x3e, 0x5b, 0x3e, 0x5b, 0x3e, 0x5b,
    0x3e, 0x5b, 0x3e, 0x5b, 0x3e, 0x5b, 0x3e, 0x5b, 0x3e, 0x5b, 0x3e, 0x5b, 0x3e, 0x5b, 0x3e, 0x5b, 0x3e, 0x5b, 0x3e,
    0x5b, 0x3e, 0x5b, 0x3e, 0x5b, 0x3e, 0x5b, 0x3e, 0x5b, 0x3e, 0x5b, 0x3e, 0x5b, 0x3e, 0x5b, 0x3e, 0x5b, 0x3e, 0x5b,
    0x3e, 0x5b, 0x3e, 0x5b, 0x3e, 0x5b, 0x3e, 0x5b, 0x3e, 0x5b, 0x3e, 0x5b, 0x3e, 0x5b, 0x3e, 0x5b, 0x3e, 0x5b, 0x3e,
    0x5b, 0x3e, 0x5b, 0x3e, 0x5b, 0x3e, 0x5b, 0x3e, 0x5b, 0x3e, 0x5b, 0x3e, 0x5b, 0x3e, 0x5b, 0x3e, 0x5b, 0x3e, 0x5b,
    0x3e, 0x5b, 0x3e, 0x5b, 0x3e, 0x5b, 0x3e, 0x5b, 0x3e, 0x5b, 0x3e, 0x5b, 0x3e, 0x5b, 0x3e, 0x5b, 0x3e, 0x5b, 0x3e,
    0x5b, 0x3e, 0x5b, 0x3e, 0x5b, 0x3e, 0x5b, 0x3e, 0x5b, 0x3e, 0x5b, 0x3e, 0x5b, 0x3e, 0x5b, 0x3e, 0x5b, 0x3e, 0x5b,
    0x3e, 0x5b, 0x3e, 0x5b, 0x3e, 0x5b, 0x3e, 0x5b, 0x3e, 0x5b, 0x3e, 0x5b, 0x3e, 0x5b, 0x3e, 0x5b, 0x3e, 0x5b, 0x3e,
    0x5b, 0x3e, 0x5b, 0x3e, 0x5b, 0x3e, 0x5b, 0x3e, 0x5b, 0x3e, 0x5b, 0x3e, 0x5b, 0x3e, 0x5b, 0x3e, 0x5b, 0x3e, 0x5b,
    0x3e, 0x5b, 0x3e, 0x5b, 0x3e, 0x5b, 0x3e, 0x5b, 0x3e, 0x5b, 0x3e, 0x5b, 0x3e, 0x5b, 0x3e, 0x5b, 0xa3, 0x10, 0xa3,
    0x10, 0xa3, 0x10, 0xa3, 0x10, 0xa3, 0x10, 0xa3, 0x10, 0xa3, 0x10, 0xa3, 0x10, 0xa3, 0x10, 0xa3, 0x10, 0xa3, 0x10,
    0xa3, 0x10, 0xa3, 0x10, 0xa3, 0x10, 0xa3, 0x10, 0xa3, 0x10, 0xa3, 0x10, 0xa3, 0x10, 0xa3, 0x10, 0xa3, 0x10, 0xa3,
    0x10, 0xa3, 0x10, 0xa3, 0x10, 0xa3, 0x10, 0xa3, 0x10, 0xa3, 0x10, 0xa3, 0x10, 0xa3, 0x10, 0xa3, 0x10, 0xa3, 0x10,
    0xa3, 0x10, 0xa3, 0x10, 0xa3, 0x10, 0xa3, 0x10, 0xa3, 0x10, 0xa3, 0x10, 0xa3, 0x10, 0xa3, 0x10, 0xa3, 0x10, 0xa3,
    0x10, 0xa3, 0x10, 0xa3, 0x10, 0xa3, 0x10, 0xa3, 0x10, 0xa3, 0x10, 0xa3, 0x10, 0xa3, 0x10, 0xa3, 0x10, 0xa3, 0x10,
    0xa3, 0x10, 0xa3, 0x10, 0xa3, 0x10, 0xa3, 0x10, 0xa3, 0x10, 0xa3, 0x10, 0xa3, 0x10, 0xa3, 0x10, 0xa3, 0x10, 0xa3,
    0x10, 0xa3, 0x10, 0xa3, 0x10, 0xa3, 0x10, 0xa3, 0x10, 0xa3, 0x10, 0xa3, 0x10, 0xa3, 0x10, 0xa3, 0x10, 0xa3, 0x10,
    0xa3, 0x10, 0xa3, 0x10, 0xa3, 0x10, 0xa3, 0x10, 0xa3, 0x10, 0xa3, 0x10, 0xa3, 0x10, 0xa3, 0x10, 0xa3, 0x10, 0xa3,
    0x10, 0xa3, 0x10, 0xa3, 0x10, 0xa3, 0x10, 0xa3, 0x10, 0xa3, 0x10, 0xf1, 0x31, 0xf1, 0x31, 0xf1, 0x31, 0xf1, 0x31,
    0xf1, 0x31, 0xf1, 0x31, 0xf1, 0x31, 0xf1, 0x31, 0xf1, 0x31, 0x3e, 0x5b, 0x3e, 0x5b, 0x3e, 0x5b, 0x3e, 0x5b, 0x3e,
    0x5b, 0x3e, 0x5b, 0x3e, 0x5b, 0x3e, 0x5b, 0x3e, 0x5b, 0x3e, 0x5b, 0x3e, 0x5b, 0x3e, 0x5b, 0x3e, 0x5b, 0x3e, 0x5b,
    0x3e, 0x5b, 0x3e, 0x5b, 0x3e, 0x5b, 0x3e, 0x5b, 0x3e, 0x5b, 0x3e, 0x5b, 0x3e, 0x5b, 0x3e, 0x5b, 0x3e, 0x5b, 0x3e,
    0x5b, 0x3e, 0x5b, 0x3e, 0x5b, 0x3e, 0x5b, 0x3e, 0x5b, 0x3e, 0x5b, 0x3e, 0x5b, 0x3e, 0x5b, 0x3e, 0x5b, 0x3e, 0x5b,
    0x3e, 0x5b, 0x3e, 0x5b, 0x3e, 0x5b, 0x3e, 0x5b, 0x3e, 0x5b, 0x3e, 0x5b, 0x3e, 0x5b, 0x3e, 0x5b, 0x3e, 0x5b, 0x3e,
    0x5b, 0x3e, 0x5b, 0x3e, 0x5b, 0x3e, 0x5b, 0x3e, 0x5b, 0x3e, 0x5b, 0x3e, 0x5b, 0x3e, 0x5b, 0x3e, 0x5b, 0x3e, 0x5b,
    0x3e, 0x5b, 0x3e, 0x5b, 0x3e, 0x5b, 0x3e, 0x5b, 0x3e, 0x5b, 0x3e, 0x5b, 0x3e, 0x5b, 0x3e, 0x5b, 0x3e, 0x5b, 0x3e,
    0x5b, 0x3e, 0x5b, 0x3e, 0x5b, 0x3e, 0x5b, 0x3e, 0x5b, 0x3e, 0x5b, 0x3e, 0x5b, 0x3e, 0x5b, 0x3e, 0x5b, 0x3e, 0x5b,
    0x3e, 0x5b, 0x3e, 0x5b, 0x3e, 0x5b, 0x3e, 0x5b, 0x3e, 0x5b, 0x3e, 0x5b, 0x3e, 0x5b, 0x3e, 0x5b, 0x3e, 0x5b, 0x3e,
    0x5b, 0x3e, 0x5b, 0x3e, 0x5b, 0x3e, 0x5b, 0x3e, 0x5b, 0x3e, 0x5b, 0x3e, 0x5b, 0x3e, 0x5b, 0x3e, 0x5b, 0x3e, 0x5b,
    0x3e, 0x5b, 0x3e, 0x5b, 0x3e, 0x5b, 0x3e, 0x5b, 0x3e, 0x5b, 0x3e, 0x5b, 0x3e, 0x5b, 0x3e, 0x5b, 0x3e, 0x5b, 0x3e,
    0x5b, 0x3e, 0x5b, 0x3e, 0x5b, 0x3e, 0x5b, 0x3e, 0x5b, 0x3e, 0x5b, 0x3e, 0x5b, 0x3e, 0x5b, 0x3e, 0x5b, 0xa3, 0x10,
    0xa3, 0x10, 0xa3, 0x10, 0xa3, 0x10, 0xa3, 0x10, 0xa3, 0x10, 0xa3, 0x10, 0xa3, 0x10, 0xa3, 0x10, 0xa3, 0x10, 0xa3,
    0x10, 0xa3, 0x10, 0xa3, 0x10, 0xa3, 0x10, 0xa3, 0x10, 0xa3, 0x10, 0xa3, 0x10, 0xa3, 0x10, 0xa3, 0x10, 0xa3, 0x10,
    0xa3, 0x10, 0xa3, 0x10, 0xa3, 0x10, 0xa3, 0x10, 0xa3, 0x10, 0xa3, 0x10, 0xa3, 0x10, 0xa3, 0x10, 0xa3, 0x10, 0xa3,
    0x10, 0xa3, 0x10, 0xa3, 0x10, 0xa3, 0x10, 0xa3, 0x10, 0xa3, 0x10, 0xa3, 0x10, 0xa3, 0x10, 0xa3, 0x10, 0xa3, 0x10,
    0xa3, 0x10, 0xa3, 0x10, 0xa3, 0x10, 0xa3, 0x10, 0xa3, 0x10, 0xa3, 0x10, 0xa3, 0x10, 0xa3, 0x10, 0xa3, 0x10, 0xa3,
    0x10, 0xa3, 0x10, 0xa3, 0x10, 0xa3, 0x10, 0xa3, 0x10, 0xa3, 0x10, 0xa3, 0x10, 0xa3, 0x10, 0xa3, 0x10, 0xa3, 0x10,
    0xa3, 0x10, 0xa3, 0x10, 0xa3, 0x10, 0xa3, 0x10, 0xa3, 0x10, 0xa3, 0x10, 0xa3, 0x10, 0xa3, 0x10, 0xa3, 0x10, 0xa3,
    0x10, 0xa3, 0x10, 0xa3, 0x10, 0xa3, 0x10, 0xa3, 0x10, 0xa3, 0x10, 0xa3, 0x10, 0xa3, 0x10, 0xa3, 0x10, 0xa3, 0x10,
    0xa3, 0x10, 0xa3, 0x10, 0xa3, 0x10, 0xa3, 0x10, 0xa3, 0x10, 0xa3, 0x10, 0xa3, 0x10, 0xf1, 0x31, 0xf1, 0x31, 0xf1,
    0x31, 0xf1, 0x31, 0xf1, 0x31, 0xf1, 0x31, 0xf1, 0x31, 0xf1, 0x31, 0x3e, 0x5b, 0x3e, 0x5b, 0x3e, 0x5b, 0x3e, 0x5b,
    0x3e, 0x5b, 0x3e, 0x5b, 0x3e, 0x5b, 0x3e, 0x5b, 0x3e, 0x5b, 0x3e, 0x5b, 0x3e, 0x5b, 0x3e, 0x5b, 0x3e, 0x5b, 0x3e,
    0x5b, 0x3e, 0x5b, 0x3e, 0x5b, 0x3e, 0x5b, 0x3e, 0x5b, 0x3e, 0x5b, 0x3e, 0x5b, 0x3e, 0x5b, 0x3e, 0x5b, 0x3e, 0x5b,
    0x3e, 0x5b, 0x3e, 0x5b, 0x3e, 0x5b, 0x3e, 0x5b, 0x3e, 0x5b, 0x3e, 0x5b, 0x3e, 0x5b, 0x3e, 0x5b, 0x3e, 0x5b, 0x3e,
    0x5b, 0x3e, 0x5b, 0x3e, 0x5b, 0x3e, 0x5b, 0x3e, 0x5b, 0x3e, 0x5b, 0x3e, 0x5b, 0x3e, 0x5b, 0x3e, 0x5b, 0x3e, 0x5b,
    0x3e, 0x5b, 0x3e, 0x5b, 0x3e, 0x5b, 0x3e, 0x5b, 0x3e, 0x5b, 0x3e, 0x5b, 0x3e, 0x5b, 0x3e, 0x5b, 0x3e, 0x5b, 0x3e,
    0x5b, 0x3e, 0x5b, 0x3e, 0x5b, 0x3e, 0x5b, 0x3e, 0x5b, 0x3e, 0x5b, 0x3e, 0x5b, 0x3e, 0x5b, 0x3e, 0x5b, 0x3e, 0x5b,
    0x3e, 0x5b, 0x3e, 0x5b, 0x3e, 0x5b, 0x3e, 0x5b, 0x3e, 0x5b, 0x3e, 0x5b, 0x3e, 0x5b, 0x3e, 0x5b, 0x3e, 0x5b, 0x3e,
    0x5b, 0x3e, 0x5b, 0x3e, 0x5b, 0x3e, 0x5b, 0x3e, 0x5b, 0x3e, 0x5b, 0x3e, 0x5b, 0x3e, 0x5b, 0x3e, 0x5b, 0x3e, 0x5b,
    0x3e, 0x5b, 0x3e, 0x5b, 0x3e, 0x5b, 0x3e, 0x5b, 0x3e, 0x5b, 0x3e, 0x5b, 0x3e, 0x5b, 0x3e, 0x5b, 0x3e, 0x5b, 0x3e,
    0x5b, 0x3e, 0x5b, 0x3e, 0x5b, 0x3e, 0x5b, 0x3e, 0x5b, 0x3e, 0x5b, 0x3e, 0x5b, 0x3e, 0x5b, 0x3e, 0x5b, 0x3e, 0x5b,
    0x3e, 0x5b, 0x3e, 0x5b, 0x3e, 0x5b, 0x3e, 0x5b, 0x3e, 0x5b, 0x3e, 0x5b, 0x3e, 0x5b, 0x3e, 0x5b, 0x3e, 0x5b, 0xa3,
    0x10, 0xa3, 0x10, 0xa3, 0x10, 0xa3, 0x10, 0xa3, 0x10, 0xa3, 0x10, 0xa3, 0x10, 0xa3, 0x10, 0xa3, 0x10, 0xa3, 0x10,
    0xa3, 0x10, 0xa3, 0x10, 0xa3, 0x10, 0xa3, 0x10, 0xa3, 0x10, 0xa3, 0x10, 0xa3, 0x10, 0xa3, 0x10, 0xa3, 0x10, 0xa3,
    0x10, 0xa3, 0x10, 0xa3, 0x10, 0xa3, 0x10, 0xa3, 0x10, 0xa3, 0x10, 0xa3, 0x10, 0xa3, 0x10, 0xa3, 0x10, 0xa3, 0x10,
    0xa3, 0x10, 0xa3, 0x10, 0xa3, 0x10, 0xa3, 0x10, 0xa3, 0x10, 0xa3, 0x10, 0xa3, 0x10, 0xa3, 0x10, 0xa3, 0x10, 0xa3,
    0x10, 0xa3, 0x10, 0xa3, 0x10, 0xa3, 0x10, 0xa3, 0x10, 0xa3, 0x10, 0xa3, 0x10, 0xa3, 0x10, 0xa3, 0x10, 0xa3, 0x10,
    0xa3, 0x10, 0xa3, 0x10, 0xa3, 0x10, 0xa3, 0x10, 0xa3, 0x10, 0xa3, 0x10, 0xa3, 0x10, 0xa3, 0x10, 0xa3, 0x10, 0xa3,
    0x10, 0xa3, 0x10, 0xa3, 0x10, 0xa3, 0x10, 0xa3, 0x10, 0xa3, 0x10, 0xa3, 0x10, 0xa3, 0x10, 0xa3, 0x10, 0xa3, 0x10,
    0xa3, 0x10, 0xa3, 0x10, 0xa3, 0x10, 0xa3, 0x10, 0xa3, 0x10, 0xa3, 0x10, 0xa3, 0x10, 0xa3, 0x10, 0xa3, 0x10, 0xa3,
    0x10, 0xa3, 0x10, 0xa3, 0x10, 0xa3, 0x10, 0xa3, 0x10, 0xa3, 0x10, 0xa3, 0x10, 0xa3, 0x10, 0xa3, 0x10, 0xf1, 0x31,
    0xf1, 0x31, 0xf1, 0x31, 0xf1, 0x31, 0xf1, 0x31, 0xf1, 0x31, 0xf1, 0x31, 0x3e, 0x5b, 0x3e, 0x5b, 0x3e, 0x5b, 0x3e,
    0x5b, 0x3e, 0x5b, 0x3e, 0x5b, 0x3e, 0x5b, 0x3e, 0x5b, 0x3e, 0x5b, 0x3e, 0x5b, 0x3e, 0x5b, 0x3e, 0x5b, 0x3e, 0x5b,
    0x3e, 0x5b, 0x3e, 0x5b, 0x3e, 0x5b, 0x3e, 0x5b, 0x3e, 0x5b, 0x3e, 0x5b, 0x3e, 0x5b, 0x3e, 0x5b, 0x3e, 0x5b, 0x3e,
    0x5b, 0x3e, 0x5b, 0x3e, 0x5b, 0x3e, 0x5b, 0x3e, 0x5b, 0x3e, 0x5b, 0x3e, 0x5b, 0x3e, 0x5b, 0x3e, 0x5b, 0x3e, 0x5b,
    0x3e, 0x5b, 0x3e, 0x5b, 0x3e, 0x5b, 0x3e, 0x5b, 0x3e, 0x5b, 0x3e, 0x5b, 0x3e, 0x5b, 0x3e, 0x5b, 0x3e, 0x5b, 0x3e,
    0x5b, 0x3e, 0x5b, 0x3e, 0x5b, 0x3e, 0x5b, 0x3e, 0x5b, 0x3e, 0x5b, 0x3e, 0x5b, 0x3e, 0x5b, 0x3e, 0x5b, 0x3e, 0x5b,
    0x3e, 0x5b, 0x3e, 0x5b, 0x3e, 0x5b, 0x3e, 0x5b, 0x3e, 0x5b, 0x3e, 0x5b, 0x3e, 0x5b, 0x3e, 0x5b, 0x3e, 0x5b, 0x3e,
    0x5b, 0x3e, 0x5b, 0x3e, 0x5b, 0x3e, 0x5b, 0x3e, 0x5b, 0x3e, 0x5b, 0x3e, 0x5b, 0x3e, 0x5b, 0x3e, 0x5b, 0x3e, 0x5b,
    0x3e, 0x5b, 0x3e, 0x5b, 0x3e, 0x5b, 0x3e, 0x5b, 0x3e, 0x5b, 0x3e, 0x5b, 0x3e, 0x5b, 0x3e, 0x5b, 0x3e, 0x5b, 0x3e,
    0x5b, 0x3e, 0x5b, 0x3e, 0x5b, 0x3e, 0x5b, 0x3e, 0x5b, 0x3e, 0x5b, 0x3e, 0x5b, 0x3e, 0x5b, 0x3e, 0x5b, 0x3e, 0x5b,
    0x3e, 0x5b, 0x3e, 0x5b, 0x3e, 0x5b, 0x3e, 0x5b, 0x3e, 0x5b, 0x3e, 0x5b, 0x3e, 0x5b, 0x3e, 0x5b, 0x3e, 0x5b, 0x3e,
    0x5b, 0x3e, 0x5b, 0x3e, 0x5b, 0x3e, 0x5b, 0x3e, 0x5b, 0x3e, 0x5b, 0x3e, 0x5b, 0x3e, 0x5b, 0x3e, 0x5b, 0x3e, 0x5b,
    0xa3, 0x10, 0xa3, 0x10, 0xa3, 0x10, 0xa3, 0x10, 0xa3, 0x10, 0xa3, 0x10, 0xa3, 0x10, 0xa3, 0x10, 0xa3, 0x10, 0xa3,
    0x10, 0xa3, 0x10, 0xa3, 0x10, 0xa3, 0x10, 0xa3, 0x10, 0xa3, 0x10, 0xa3, 0x10, 0xa3, 0x10, 0xa3, 0x10, 0xa3, 0x10,
    0xa3, 0x10, 0xa3, 0x10, 0xa3, 0x10, 0xa3, 0x10, 0xa3, 0x10, 0xa3, 0x10, 0xa3, 0x10, 0xa3, 0x10, 0xa3, 0x10, 0xa3,
    0x10, 0xa3, 0x10, 0xa3, 0x10, 0xa3, 0x10, 0xa3, 0x10, 0xa3, 0x10, 0xa3, 0x10, 0xa3, 0x10, 0xa3, 0x10, 0xa3, 0x10,
    0xa3, 0x10, 0xa3, 0x10, 0xa3, 0x10, 0xa3, 0x10, 0xa3, 0x10, 0xa3, 0x10, 0xa3, 0x10, 0xa3, 0x10, 0xa3, 0x10, 0xa3,
    0x10, 0xa3, 0x10, 0xa3, 0x10, 0xa3, 0x10, 0xa3, 0x10, 0xa3, 0x10, 0xa3, 0x10, 0xa3, 0x10, 0xa3, 0x10, 0xa3, 0x10,
    0xa3, 0x10, 0xa3, 0x10, 0xa3, 0x10, 0xa3, 0x10, 0xa3, 0x10, 0xa3, 0x10, 0xa3, 0x10, 0xa3, 0x10, 0xa3, 0x10, 0xa3,
    0x10, 0xa3, 0x10, 0xa3, 0x10, 0xa3, 0x10, 0xa3, 0x10, 0xa3, 0x10, 0xa3, 0x10, 0xa3, 0x10, 0xa3, 0x10, 0xa3, 0x10,
    0xa3, 0x10, 0xa3, 0x10, 0xa3, 0x10, 0xa3, 0x10, 0xa3, 0x10, 0xa3, 0x10, 0xa3, 0x10, 0xa3, 0x10, 0xa3, 0x10, 0xa3,
    0x10, 0xa3, 0x10, 0xf1, 0x31, 0xf1, 0x31, 0xf1, 0x31, 0xf1, 0x31, 0xf1, 0x31, 0xf1, 0x31, 0x3e, 0x5b, 0x3e, 0x5b,
    0x3e, 0x5b, 0x3e, 0x5b, 0x3e, 0x5b, 0x3e, 0x5b, 0x3e, 0x5b, 0x3e, 0x5b, 0x3e, 0x5b, 0x3e, 0x5b, 0x3e, 0x5b, 0x3e,
    0x5b, 0x3e, 0x5b, 0x3e, 0x5b, 0x3e, 0x5b, 0x3e, 0x5b, 0x3e, 0x5b, 0x3e, 0x5b, 0x3e, 0x5b, 0x3e, 0x5b, 0x3e, 0x5b,
    0x3e, 0x5b, 0x3e, 0x5b, 0x3e, 0x5b, 0x3e, 0x5b, 0x3e, 0x5b, 0x3e, 0x5b, 0x3e, 0x5b, 0x3e, 0x5b, 0x3e, 0x5b, 0x3e,
    0x5b, 0x3e, 0x5b, 0x3e, 0x5b, 0x3e, 0x5b, 0x3e, 0x5b, 0x3e, 0x5b, 0x3e, 0x5b, 0x3e, 0x5b, 0x3e, 0x5b, 0x3e, 0x5b,
    0x3e, 0x5b, 0x3e, 0x5b, 0x3e, 0x5b, 0x3e, 0x5b, 0x3e, 0x5b, 0x3e, 0x5b, 0x3e, 0x5b, 0x3e, 0x5b, 0x3e, 0x5b, 0x3e,
    0x5b, 0x3e, 0x5b, 0x3e, 0x5b, 0x3e, 0x5b, 0x3e, 0x5b, 0x3e, 0x5b, 0x3e, 0x5b, 0x3e, 0x5b, 0x3e, 0x5b, 0x3e, 0x5b,
    0x3e, 0x5b, 0x3e, 0x5b, 0x3e, 0x5b, 0x3e, 0x5b, 0x3e, 0x5b, 0x3e, 0x5b, 0x3e, 0x5b, 0x3e, 0x5b, 0x3e, 0x5b, 0x3e,
    0x5b, 0x3e, 0x5b, 0x3e, 0x5b, 0x3e, 0x5b, 0x3e, 0x5b, 0x3e, 0x5b, 0x3e, 0x5b, 0x3e, 0x5b, 0x3e, 0x5b, 0x3e, 0x5b,
    0x3e, 0x5b, 0x3e, 0x5b, 0x3e, 0x5b, 0x3e, 0x5b, 0x3e, 0x5b, 0x3e, 0x5b, 0x3e, 0x5b, 0x3e, 0x5b, 0x3e, 0x5b, 0x3e,
    0x5b, 0x3e, 0x5b, 0x3e, 0x5b, 0x3e, 0x5b, 0x3e, 0x5b, 0x3e, 0x5b, 0x3e, 0x5b, 0x3e, 0x5b, 0x3e, 0x5b, 0x3e, 0x5b,
    0x3e, 0x5b, 0x3e, 0x5b, 0x3e, 0x5b, 0x3e, 0x5b, 0x3e, 0x5b, 0x3e, 0x5b, 0x3e, 0x5b, 0x3e, 0x5b, 0x3e, 0x5b, 0xa3,
    0x10, 0xa3, 0x10, 0xa3, 0x10, 0xa3, 0x10, 0xa3, 0x10, 0xa3, 0x10, 0xa3, 0x10, 0xa3, 0x10, 0xa3, 0x10, 0xa3, 0x10,
    0xa3, 0x10, 0xa3, 0x10, 0xa3, 0x10, 0xa3, 0x10, 0xa3, 0x10, 0xa3, 0x10, 0xa3, 0x10, 0xa3, 0x10, 0xa3, 0x10, 0xa3,
    0x10, 0xa3, 0x10, 0xa3, 0x10, 0xa3, 0x10, 0xa3, 0x10, 0xa3, 0x10, 0xa3, 0x10, 0xa3, 0x10, 0xa3, 0x10, 0xa3, 0x10,
    0xa3, 0x10, 0xa3, 0x10, 0xa3, 0x10, 0xa3, 0x10, 0xa3, 0x10, 0xa3, 0x10, 0xa3, 0x10, 0xa3, 0x10, 0xa3, 0x10, 0xa3,
    0x10, 0xa3, 0x10, 0xa3, 0x10, 0xa3, 0x10, 0xa3, 0x10, 0xa3, 0x10, 0xa3, 0x10, 0xa3, 0x10, 0xa3, 0x10, 0xa3, 0x10,
    0xa3, 0x10, 0xa3, 0x10, 0xa3, 0x10, 0xa3, 0x10, 0xa3, 0x10, 0xa3, 0x10, 0xa3, 0x10, 0xa3, 0x10, 0xa3, 0x10, 0xa3,
    0x10, 0xa3, 0x10, 0xa3, 0x10, 0xa3, 0x10, 0xa3, 0x10, 0xa3, 0x10, 0xa3, 0x10, 0xa3, 0x10, 0xa3, 0x10, 0xa3, 0x10,
    0xa3, 0x10, 0xa3, 0x10, 0xa3, 0x10, 0xa3, 0x10, 0xa3, 0x10, 0xa3, 0x10, 0xa3, 0x10, 0xa3, 0x10, 0xa3, 0x10, 0xa3,
    0x10, 0xa3, 0x10, 0xa3, 0x10, 0xa3, 0x10, 0xa3, 0x10, 0xa3, 0x10, 0xa3, 0x10, 0xa3, 0x10, 0xa3, 0x10, 0xa3, 0x10,
    0xa3, 0x10, 0xa3, 0x10, 0xa3, 0x10, 0xf1, 0x31, 0xf1, 0x31, 0xf1, 0x31, 0xf1, 0x31, 0xf1, 0x31, 0x3e, 0x5b, 0x3e,
    0x5b, 0x3e, 0x5b, 0x3e, 0x5b, 0x3e, 0x5b, 0x3e, 0x5b, 0x3e, 0x5b, 0x3e, 0x5b, 0x3e, 0x5b, 0x3e, 0x5b, 0x3e, 0x5b,
    0x3e, 0x5b, 0x3e, 0x5b, 0x3e, 0x5b, 0x3e, 0x5b, 0x3e, 0x5b, 0x3e, 0x5b, 0x3e, 0x5b, 0x3e, 0x5b, 0x3e, 0x5b, 0x3e,
    0x5b, 0x3e, 0x5b, 0x3e, 0x5b, 0x3e, 0x5b, 0x3e, 0x5b, 0x3e, 0x5b, 0x3e, 0x5b, 0x3e, 0x5b, 0x3e, 0x5b, 0x3e, 0x5b,
    0x3e, 0x5b, 0x3e, 0x5b, 0x3e, 0x5b, 0x3e, 0x5b, 0x3e, 0x5b, 0x3e, 0x5b, 0x3e, 0x5b, 0x3e, 0x5b, 0x3e, 0x5b, 0x3e,
    0x5b, 0x3e, 0x5b, 0x3e, 0x5b, 0x3e, 0x5b, 0x3e, 0x5b, 0x3e, 0x5b, 0x3e, 0x5b, 0x3e, 0x5b, 0x3e, 0x5b, 0x3e, 0x5b,
    0x3e, 0x5b, 0x3e, 0x5b, 0x3e, 0x5b, 0x3e, 0x5b, 0x3e, 0x5b, 0x3e, 0x5b, 0x3e, 0x5b, 0x3e, 0x5b, 0x3e, 0x5b, 0x3e,
    0x5b, 0x3e, 0x5b, 0x3e, 0x5b, 0x3e, 0x5b, 0x3e, 0x5b, 0x3e, 0x5b, 0x3e, 0x5b, 0x3e, 0x5b, 0x3e, 0x5b, 0x3e, 0x5b,
    0x3e, 0x5b, 0x3e, 0x5b, 0x3e, 0x5b, 0x3e, 0x5b, 0x3e, 0x5b, 0x3e, 0x5b, 0x3e, 0x5b, 0x3e, 0x5b, 0x3e, 0x5b, 0x3e,
    0x5b, 0x3e, 0x5b, 0x3e, 0x5b, 0x3e, 0x5b, 0x3e, 0x5b, 0x3e, 0x5b, 0x3e, 0x5b, 0x3e, 0x5b, 0x3e, 0x5b, 0x3e, 0x5b,
    0x3e, 0x5b, 0x3e, 0x5b, 0x3e, 0x5b, 0x3e, 0x5b, 0x3e, 0x5b, 0x3e, 0x5b, 0x3e, 0x5b, 0x3e, 0x5b, 0x3e, 0x5b, 0x3e,
    0x5b, 0x3e, 0x5b, 0x3e, 0x5b, 0x3e, 0x5b, 0x3e, 0x5b, 0x3e, 0x5b, 0x3e, 0x5b, 0x3e, 0x5b, 0x3e, 0x5b, 0x3e, 0x5b,
    0xa3, 0x10, 0xa3, 0x10, 0xa3, 0x10, 0xa3, 0x10, 0xa3, 0x10, 0xa3, 0x10, 0xa3, 0x10, 0xa3, 0x10, 0xa3, 0x10, 0xa3,
    0x10, 0xa3, 0x10, 0xa3, 0x10, 0xa3, 0x10, 0xa3, 0x10, 0xa3, 0x10, 0xa3, 0x10, 0xa3, 0x10, 0xa3, 0x10, 0xa3, 0x10,
    0xa3, 0x10, 0xa3, 0x10, 0xa3, 0x10, 0xa3, 0x10, 0xa3, 0x10, 0xa3, 0x10, 0xa3, 0x10, 0xa3, 0x10, 0xa3, 0x10, 0xa3,
    0x10, 0xa3, 0x10, 0xa3, 0x10, 0xa3, 0x10, 0xa3, 0x10, 0xa3, 0x10, 0xa3, 0x10, 0xa3, 0x10, 0xa3, 0x10, 0xa3, 0x10,
    0xa3, 0x10, 0xa3, 0x10, 0xa3, 0x10, 0xa3, 0x10, 0xa3, 0x10, 0xa3, 0x10, 0xa3, 0x10, 0xa3, 0x10, 0xa3, 0x10, 0xa3,
    0x10, 0xa3, 0x10, 0xa3, 0x10, 0xa3, 0x10, 0xa3, 0x10, 0xa3, 0x10, 0xa3, 0x10, 0xa3, 0x10, 0xa3, 0x10, 0xa3, 0x10,
    0xa3, 0x10, 0xa3, 0x10, 0xa3, 0x10, 0xa3, 0x10, 0xa3, 0x10, 0xa3, 0x10, 0xa3, 0x10, 0xa3, 0x10, 0xa3, 0x10, 0xa3,
    0x10, 0xa3, 0x10, 0xa3, 0x10, 0xa3, 0x10, 0xa3, 0x10, 0xa3, 0x10, 0xa3, 0x10, 0xa3, 0x10, 0xa3, 0x10, 0xa3, 0x10,
    0xa3, 0x10, 0xa3, 0x10, 0xa3, 0x10, 0xa3, 0x10, 0xa3, 0x10, 0xa3, 0x10, 0xa3, 0x10, 0xa3, 0x10, 0xa3, 0x10, 0xa3,
    0x10, 0xa3, 0x10, 0xa3, 0x10, 0xa3, 0x10, 0xa3, 0x10, 0xa3, 0x10, 0xa3, 0x10, 0xf1, 0x31, 0xf1, 0x31, 0x3e, 0x5b,
    0x3e, 0x5b, 0x3e, 0x5b, 0x3e, 0x5b, 0x3e, 0x5b, 0x3e, 0x5b, 0x3e, 0x5b, 0x3e, 0x5b, 0x3e, 0x5b, 0x3e, 0x5b, 0x3e,
    0x5b, 0x3e, 0x5b, 0x3e, 0x5b, 0x3e, 0x5b, 0x3e, 0x5b, 0x3e, 0x5b, 0x3e, 0x5b, 0x3e, 0x5b, 0x3e, 0x5b, 0x3e, 0x5b,
    0x3e, 0x5b, 0x3e, 0x5b, 0x3e, 0x5b, 0x3e, 0x5b, 0x3e, 0x5b, 0x3e, 0x5b, 0x3e, 0x5b, 0x3e, 0x5b, 0x3e, 0x5b, 0x3e,
    0x5b, 0x3e, 0x5b, 0x3e, 0x5b, 0x3e, 0x5b, 0x3e, 0x5b, 0x3e, 0x5b, 0x3e, 0x5b, 0x3e, 0x5b, 0x3e, 0x5b, 0x3e, 0x5b,
    0x3e, 0x5b, 0x3e, 0x5b, 0x3e, 0x5b, 0x3e, 0x5b, 0x3e, 0x5b, 0x3e, 0x5b, 0x3e, 0x5b, 0x3e, 0x5b, 0x3e, 0x5b, 0x3e,
    0x5b, 0x3e, 0x5b, 0x3e, 0x5b, 0x3e, 0x5b, 0x3e, 0x5b, 0x3e, 0x5b, 0x3e, 0x5b, 0x3e, 0x5b, 0x3e, 0x5b, 0x3e, 0x5b,
    0x3e, 0x5b, 0x3e, 0x5b, 0x3e, 0x5b, 0x3e, 0x5b, 0x3e, 0x5b, 0x3e, 0x5b, 0x3e, 0x5b, 0x3e, 0x5b, 0x3e, 0x5b, 0x3e,
    0x5b, 0x3e, 0x5b, 0x3e, 0x5b, 0x3e, 0x5b, 0x3e, 0x5b, 0x3e, 0x5b, 0x3e, 0x5b, 0x3e, 0x5b, 0x3e, 0x5b, 0x3e, 0x5b,
    0x3e, 0x5b, 0x3e, 0x5b, 0x3e, 0x5b, 0x3e, 0x5b, 0x3e, 0x5b, 0x3e, 0x5b, 0x3e, 0x5b, 0x3e, 0x5b, 0x3e, 0x5b, 0x3e,
    0x5b, 0x3e, 0x5b, 0x3e, 0x5b, 0x3e, 0x5b, 0x3e, 0x5b, 0x3e, 0x5b, 0x3e, 0x5b, 0x3e, 0x5b, 0x3e, 0x5b, 0x3e, 0x5b,
    0x3e, 0x5b, 0x3e, 0x5b, 0x3e, 0x5b, 0x3e, 0x5b, 0x3e, 0x5b, 0x3e, 0x5b, 0x3e, 0x5b, 0x3e, 0x5b, 0x3e, 0x5b, 0x3e,
    0x5b, 0xa3, 0x10, 0xa3, 0x10, 0xa3, 0x10, 0xa3, 0x10, 0xa3, 0x10, 0xa3, 0x10, 0xa3, 0x10, 0xa3, 0x10, 0xa3, 0x10,
    0xa3, 0x10, 0xa3, 0x10, 0xa3, 0x10, 0xa3, 0x10, 0xa3, 0x10, 0xa3, 0x10, 0xa3, 0x10, 0xa3, 0x10, 0xa3, 0x10, 0xa3,
    0x10, 0xa3, 0x10, 0xa3, 0x10, 0xa3, 0x10, 0xa3, 0x10, 0xa3, 0x10, 0xa3, 0x10, 0xa3, 0x10, 0xa3, 0x10, 0xa3, 0x10,
    0xa3, 0x10, 0xa3, 0x10, 0xa3, 0x10, 0xa3, 0x10, 0xa3, 0x10, 0xa3, 0x10, 0xa3, 0x10, 0xa3, 0x10, 0xa3, 0x10, 0xa3,
    0x10, 0xa3, 0x10, 0xa3, 0x10, 0xa3, 0x10, 0xa3, 0x10, 0xa3, 0x10, 0xa3, 0x10, 0xa3, 0x10, 0xa3, 0x10, 0xa3, 0x10,
    0xa3, 0x10, 0xa3, 0x10, 0xa3, 0x10, 0xa3, 0x10, 0xa3, 0x10, 0xa3, 0x10, 0xa3, 0x10, 0xa3, 0x10, 0xa3, 0x10, 0xa3,
    0x10, 0xa3, 0x10, 0xa3, 0x10, 0xa3, 0x10, 0xa3, 0x10, 0xa3, 0x10, 0xa3, 0x10, 0xa3, 0x10, 0xa3, 0x10, 0xa3, 0x10,
    0xa3, 0x10, 0xa3, 0x10, 0xa3, 0x10, 0xa3, 0x10, 0xa3, 0x10, 0xa3, 0x10, 0xa3, 0x10, 0xa3, 0x10, 0xa3, 0x10, 0xa3,
    0x10, 0xa3, 0x10, 0xa3, 0x10, 0xa3, 0x10, 0xa3, 0x10, 0xa3, 0x10, 0xa3, 0x10, 0xa3, 0x10, 0xa3, 0x10, 0xa3, 0x10,
    0xa3, 0x10, 0xa3, 0x10, 0xa3, 0x10, 0xa3, 0x10, 0xa3, 0x10, 0xa3, 0x10, 0xa3, 0x10, 0xa3, 0x10, 0xa3, 0x10, 0x3e,
    0x5b, 0x3e, 0x5b, 0x3e, 0x5b, 0x3e, 0x5b, 0x3e, 0x5b, 0x3e, 0x5b, 0x3e, 0x5b, 0x3e, 0x5b, 0x3e, 0x5b, 0x3e, 0x5b,
    0x3e, 0x5b, 0x3e, 0x5b, 0x3e, 0x5b, 0x3e, 0x5b, 0x3e, 0x5b, 0x3e, 0x5b, 0x3e, 0x5b, 0x3e, 0x5b, 0x3e, 0x5b, 0x3e,
    0x5b, 0x3e, 0x5b, 0x3e, 0x5b, 0x3e, 0x5b, 0x3e, 0x5b, 0x3e, 0x5b, 0x3e, 0x5b, 0x3e, 0x5b, 0x3e, 0x5b, 0x3e, 0x5b,
    0x3e, 0x5b, 0x3e, 0x5b, 0x3e, 0x5b, 0x3e, 0x5b, 0x3e, 0x5b, 0x3e, 0x5b, 0x3e, 0x5b, 0x3e, 0x5b, 0x3e, 0x5b, 0x3e,
    0x5b, 0x3e, 0x5b, 0x3e, 0x5b, 0x3e, 0x5b, 0x3e, 0x5b, 0x3e, 0x5b, 0x3e, 0x5b, 0x3e, 0x5b, 0x3e, 0x5b, 0x3e, 0x5b,
    0x3e, 0x5b, 0x3e, 0x5b, 0x3e, 0x5b, 0x3e, 0x5b, 0x3e, 0x5b, 0x3e, 0x5b, 0x3e, 0x5b, 0x3e, 0x5b, 0x3e, 0x5b, 0x3e,
    0x5b, 0x3e, 0x5b, 0x3e, 0x5b, 0x3e, 0x5b, 0x3e, 0x5b, 0x3e, 0x5b, 0x3e, 0x5b, 0x3e, 0x5b, 0x3e, 0x5b, 0x3e, 0x5b,
    0x3e, 0x5b, 0x3e, 0x5b, 0x3e, 0x5b, 0x3e, 0x5b, 0x3e, 0x5b, 0x3e, 0x5b, 0x3e, 0x5b, 0x3e, 0x5b, 0x3e, 0x5b, 0x3e,
    0x5b, 0x3e, 0x5b, 0x3e, 0x5b, 0x3e, 0x5b, 0x3e, 0x5b, 0x3e, 0x5b, 0x3e, 0x5b, 0x3e, 0x5b, 0x3e, 0x5b, 0x3e, 0x5b,
    0x3e, 0x5b, 0x3e, 0x5b, 0x3e, 0x5b, 0x3e, 0x5b, 0x3e, 0x5b, 0x3e, 0x5b, 0x3e, 0x5b, 0x3e, 0x5b, 0x3e, 0x5b, 0x3e,
    0x5b, 0x3e, 0x5b, 0x3e, 0x5b, 0x3e, 0x5b, 0x3e, 0x5b, 0x3e, 0x5b, 0x3e, 0x5b, 0x3e, 0x5b, 0x3e, 0x5b, 0x3e, 0x5b,
    0x3e, 0x5b, 0xa3, 0x10, 0xa3, 0x10, 0xa3, 0x10, 0xa3, 0x10, 0xa3, 0x10, 0xa3, 0x10, 0xa3, 0x10, 0xa3, 0x10, 0xa3,
    0x10, 0xa3, 0x10, 0xa3, 0x10, 0xa3, 0x10, 0xa3, 0x10, 0xa3, 0x10, 0xa3, 0x10, 0xa3, 0x10, 0xa3, 0x10, 0xa3, 0x10,
    0xa3, 0x10, 0xa3, 0x10, 0xa3, 0x10, 0xa3, 0x10, 0xa3, 0x10, 0xa3, 0x10, 0xa3, 0x10, 0xa3, 0x10, 0xa3, 0x10, 0xa3,
    0x10, 0xa3, 0x10, 0xa3, 0x10, 0xa3, 0x10, 0xa3, 0x10, 0xa3, 0x10, 0xa3, 0x10, 0xa3, 0x10, 0xa3, 0x10, 0xa3, 0x10,
    0xa3, 0x10, 0xa3, 0x10, 0xa3, 0x10, 0xa3, 0x10, 0xa3, 0x10, 0xa3, 0x10, 0xa3, 0x10, 0xa3, 0x10, 0xa3, 0x10, 0xa3,
    0x10, 0xa3, 0x10, 0xa3, 0x10, 0xa3, 0x10, 0xa3, 0x10, 0xa3, 0x10, 0xa3, 0x10, 0xa3, 0x10, 0xa3, 0x10, 0xa3, 0x10,
    0xa3, 0x10, 0xa3, 0x10, 0xa3, 0x10, 0xa3, 0x10, 0xa3, 0x10, 0xa3, 0x10, 0xa3, 0x10, 0xa3, 0x10, 0xa3, 0x10, 0xa3,
    0x10, 0xa3, 0x10, 0xa3, 0x10, 0xa3, 0x10, 0xa3, 0x10, 0xa3, 0x10, 0xa3, 0x10, 0xa3, 0x10, 0xa3, 0x10, 0xa3, 0x10,
    0xa3, 0x10, 0xa3, 0x10, 0xa3, 0x10, 0xa3, 0x10, 0xa3, 0x10, 0xa3, 0x10, 0xa3, 0x10, 0xa3, 0x10, 0xa3, 0x10, 0xa3,
    0x10, 0xa3, 0x10, 0xa3, 0x10, 0xa3, 0x10, 0xa3, 0x10, 0xa3, 0x10, 0xa3, 0x10, 0xa3, 0x10, 0xa3, 0x10, 0xa3, 0x10,
    0x3e, 0x5b, 0x3e, 0x5b, 0x3e, 0x5b, 0x3e, 0x5b, 0x3e, 0x5b, 0x3e, 0x5b, 0x3e, 0x5b, 0x3e, 0x5b, 0x3e, 0x5b, 0x3e,
    0x5b, 0x3e, 0x5b, 0x3e, 0x5b, 0x3e, 0x5b, 0x3e, 0x5b, 0x3e, 0x5b, 0x3e, 0x5b, 0x3e, 0x5b, 0x3e, 0x5b, 0x3e, 0x5b,
    0x3e, 0x5b, 0x3e, 0x5b, 0x3e, 0x5b, 0x3e, 0x5b, 0x3e, 0x5b, 0x3e, 0x5b, 0x3e, 0x5b, 0x3e, 0x5b, 0x3e, 0x5b, 0x3e,
    0x5b, 0x3e, 0x5b, 0x3e, 0x5b, 0x3e, 0x5b, 0x3e, 0x5b, 0x3e, 0x5b, 0x3e, 0x5b, 0x3e, 0x5b, 0x3e, 0x5b, 0x3e, 0x5b,
    0x3e, 0x5b, 0x3e, 0x5b, 0x3e, 0x5b, 0x3e, 0x5b, 0x3e, 0x5b, 0x3e, 0x5b, 0x3e, 0x5b, 0x3e, 0x5b, 0x3e, 0x5b, 0x3e,
    0x5b, 0x3e, 0x5b, 0x3e, 0x5b, 0x3e, 0x5b, 0x3e, 0x5b, 0x3e, 0x5b, 0x3e, 0x5b, 0x3e, 0x5b, 0x3e, 0x5b, 0x3e, 0x5b,
    0x3e, 0x5b, 0x3e, 0x5b, 0x3e, 0x5b, 0x3e, 0x5b, 0x3e, 0x5b, 0x3e, 0x5b, 0x3e, 0x5b, 0x3e, 0x5b, 0x3e, 0x5b, 0x3e,
    0x5b, 0x3e, 0x5b, 0x3e, 0x5b, 0x3e, 0x5b, 0x3e, 0x5b, 0x3e, 0x5b, 0x3e, 0x5b, 0x3e, 0x5b, 0x3e, 0x5b, 0x3e, 0x5b,
    0x3e, 0x5b, 0x3e, 0x5b, 0x3e, 0x5b, 0x3e, 0x5b, 0x3e, 0x5b, 0x3e, 0x5b, 0x3e, 0x5b, 0x3e, 0x5b, 0x3e, 0x5b, 0x3e,
    0x5b, 0x3e, 0x5b, 0x3e, 0x5b, 0x3e, 0x5b, 0x3e, 0x5b, 0x3e, 0x5b, 0x3e, 0x5b, 0x3e, 0x5b, 0x3e, 0x5b, 0x3e, 0x5b,
    0x3e, 0x5b, 0x3e, 0x5b, 0x3e, 0x5b, 0x3e, 0x5b, 0x3e, 0x5b, 0x3e, 0x5b, 0x3e, 0x5b, 0x3e, 0x5b, 0x3e, 0x5b, 0x3e,
    0x5b, 0x3e, 0x5b, 0xa3, 0x10, 0xa3, 0x10, 0xa3, 0x10, 0xa3, 0x10, 0xa3, 0x10, 0xa3, 0x10, 0xa3, 0x10, 0xa3, 0x10,
    0xa3, 0x10, 0xa3, 0x10, 0xa3, 0x10, 0xa3, 0x10, 0xa3, 0x10, 0xa3, 0x10, 0xa3, 0x10, 0xa3, 0x10, 0xa3, 0x10, 0xa3,
    0x10, 0xa3, 0x10, 0xa3, 0x10, 0xa3, 0x10, 0xa3, 0x10, 0xa3, 0x10, 0xa3, 0x10, 0xa3, 0x10, 0xa3, 0x10, 0xa3, 0x10,
    0xa3, 0x10, 0xa3, 0x10, 0xa3, 0x10, 0xa3, 0x10, 0xa3, 0x10, 0xa3, 0x10, 0xa3, 0x10, 0xa3, 0x10, 0xa3, 0x10, 0xa3,
    0x10, 0xa3, 0x10, 0xa3, 0x10, 0xa3, 0x10, 0xa3, 0x10, 0xa3, 0x10, 0xa3, 0x10, 0xa3, 0x10, 0xa3, 0x10, 0xa3, 0x10,
    0xa3, 0x10, 0xa3, 0x10, 0xa3, 0x10, 0xa3, 0x10, 0xa3, 0x10, 0xa3, 0x10, 0xa3, 0x10, 0xa3, 0x10, 0xa3, 0x10, 0xa3,
    0x10, 0xa3, 0x10, 0xa3, 0x10, 0xa3, 0x10, 0xa3, 0x10, 0xa3, 0x10, 0xa3, 0x10, 0xa3, 0x10, 0xa3, 0x10, 0xa3, 0x10,
    0xa3, 0x10, 0xa3, 0x10, 0xa3, 0x10, 0xa3, 0x10, 0xa3, 0x10, 0xa3, 0x10, 0xa3, 0x10, 0xa3, 0x10, 0xa3, 0x10, 0xa3,
    0x10, 0xa3, 0x10, 0xa3, 0x10, 0xa3, 0x10, 0xa3, 0x10, 0xa3, 0x10, 0xa3, 0x10, 0xa3, 0x10, 0xa3, 0x10, 0xa3, 0x10,
    0xa3, 0x10, 0xa3, 0x10, 0xa3, 0x10, 0xa3, 0x10, 0xa3, 0x10, 0xa3, 0x10, 0xa3, 0x10, 0xa3, 0x10, 0xa3, 0x10, 0xa3,
    0x10, 0xa3, 0x10, 0x3e, 0x5b, 0x3e, 0x5b, 0x3e, 0x5b, 0x3e, 0x5b, 0x3e, 0x5b, 0x3e, 0x5b, 0x3e, 0x5b, 0x3e, 0x5b,
    0x3e, 0x5b, 0x3e, 0x5b, 0x3e, 0x5b, 0x3e, 0x5b, 0x3e, 0x5b, 0x3e, 0x5b, 0x3e, 0x5b, 0x3e, 0x5b, 0x3e, 0x5b, 0x3e,
    0x5b, 0x3e, 0x5b, 0x3e, 0x5b, 0x3e, 0x5b, 0x3e, 0x5b, 0x3e, 0x5b, 0x3e, 0x5b, 0x3e, 0x5b, 0x3e, 0x5b, 0x3e, 0x5b,
    0x3e, 0x5b, 0x3e, 0x5b, 0x3e, 0x5b, 0x3e, 0x5b, 0x3e, 0x5b, 0x3e, 0x5b, 0x3e, 0x5b, 0x3e, 0x5b, 0x3e, 0x5b, 0x3e,
    0x5b, 0x3e, 0x5b, 0x3e, 0x5b, 0x3e, 0x5b, 0x3e, 0x5b, 0x3e, 0x5b, 0x3e, 0x5b, 0x3e, 0x5b, 0x3e, 0x5b, 0x3e, 0x5b,
    0x3e, 0x5b, 0x3e, 0x5b, 0x3e, 0x5b, 0x3e, 0x5b, 0x3e, 0x5b, 0x3e, 0x5b, 0x3e, 0x5b, 0x3e, 0x5b, 0x3e, 0x5b, 0x3e,
    0x5b, 0x3e, 0x5b, 0x3e, 0x5b, 0x3e, 0x5b, 0x3e, 0x5b, 0x3e, 0x5b, 0x3e, 0x5b, 0x3e, 0x5b, 0x3e, 0x5b, 0x3e, 0x5b,
    0x3e, 0x5b, 0x3e, 0x5b, 0x3e, 0x5b, 0x3e, 0x5b, 0x3e, 0x5b, 0x3e, 0x5b, 0x3e, 0x5b, 0x3e, 0x5b, 0x3e, 0x5b, 0x3e,
    0x5b, 0x3e, 0x5b, 0x3e, 0x5b, 0x3e, 0x5b, 0x3e, 0x5b, 0x3e, 0x5b, 0x3e, 0x5b, 0x3e, 0x5b, 0x3e, 0x5b, 0x3e, 0x5b,
    0x3e, 0x5b, 0x3e, 0x5b, 0x3e, 0x5b, 0x3e, 0x5b, 0x3e, 0x5b, 0x3e, 0x5b, 0x3e, 0x5b, 0x3e, 0x5b, 0x3e, 0x5b, 0x3e,
    0x5b, 0x3e, 0x5b, 0x3e, 0x5b, 0x3e, 0x5b, 0x3e, 0x5b, 0x3e, 0x5b, 0x3e, 0x5b, 0x3e, 0x5b, 0x3e, 0x5b, 0x3e, 0x5b,
    0x3e, 0x5b, 0xa3, 0x10, 0xa3, 0x10, 0xa3, 0x10, 0xa3, 0x10, 0xa3, 0x10, 0xa3, 0x10, 0xa3, 0x10, 0xa3, 0x10, 0xa3,
    0x10, 0xa3, 0x10, 0xa3, 0x10, 0xa3, 0x10, 0xa3, 0x10, 0xa3, 0x10, 0xa3, 0x10, 0xa3, 0x10, 0xa3, 0x10, 0xa3, 0x10,
    0xa3, 0x10, 0xa3, 0x10, 0xa3, 0x10, 0xa3, 0x10, 0xa3, 0x10, 0xa3, 0x10, 0xa3, 0x10, 0xa3, 0x10, 0xa3, 0x10, 0xa3,
    0x10, 0xa3, 0x10, 0xa3, 0x10, 0xa3, 0x10, 0xa3, 0x10, 0xa3, 0x10, 0xa3, 0x10, 0xa3, 0x10, 0xa3, 0x10, 0xa3, 0x10,
    0xa3, 0x10, 0xa3, 0x10, 0xa3, 0x10, 0xa3, 0x10, 0xa3, 0x10, 0xa3, 0x10, 0xa3, 0x10, 0xa3, 0x10, 0xa3, 0x10, 0xa3,
    0x10, 0xa3, 0x10, 0xa3, 0x10, 0xa3, 0x10, 0xa3, 0x10, 0xa3, 0x10, 0xa3, 0x10, 0xa3, 0x10, 0xa3, 0x10, 0xa3, 0x10,
    0xa3, 0x10, 0xa3, 0x10, 0xa3, 0x10, 0xa3, 0x10, 0xa3, 0x10, 0xa3, 0x10, 0xa3, 0x10, 0xa3, 0x10, 0xa3, 0x10, 0xa3,
    0x10, 0xa3, 0x10, 0xa3, 0x10, 0xa3, 0x10, 0xa3, 0x10, 0xa3, 0x10, 0xa3, 0x10, 0xa3, 0x10, 0xa3, 0x10, 0xa3, 0x10,
    0xa3, 0x10, 0xa3, 0x10, 0xa3, 0x10, 0xa3, 0x10, 0xa3, 0x10, 0xa3, 0x10, 0xa3, 0x10, 0xa3, 0x10, 0xa3, 0x10, 0xa3,
    0x10, 0xa3, 0x10, 0xa3, 0x10, 0xa3, 0x10, 0xa3, 0x10, 0xa3, 0x10, 0xa3, 0x10, 0xa3, 0x10, 0xa3, 0x10, 0xa3, 0x10,
    0xa3, 0x10, 0xa3, 0x10, 0x3e, 0x5b, 0x3e, 0x5b, 0x3e, 0x5b, 0x3e, 0x5b, 0x3e, 0x5b, 0x3e, 0x5b, 0x3e, 0x5b, 0x3e,
    0x5b, 0x3e, 0x5b, 0x3e, 0x5b, 0x3e, 0x5b, 0x3e, 0x5b, 0x3e, 0x5b, 0x3e, 0x5b, 0x3e, 0x5b, 0x3e, 0x5b, 0x3e, 0x5b,
    0x3e, 0x5b, 0x3e, 0x5b, 0x3e, 0x5b, 0x3e, 0x5b, 0x3e, 0x5b, 0x3e, 0x5b, 0x3e, 0x5b, 0x3e, 0x5b, 0x3e, 0x5b, 0x3e,
    0x5b, 0x3e, 0x5b, 0x3e, 0x5b, 0x3e, 0x5b, 0x3e, 0x5b, 0x3e, 0x5b, 0x3e, 0x5b, 0x3e, 0x5b, 0x3e, 0x5b, 0x3e, 0x5b,
    0x3e, 0x5b, 0x3e, 0x5b, 0x3e, 0x5b, 0x3e, 0x5b, 0x3e, 0x5b, 0x3e, 0x5b, 0x3e, 0x5b, 0x3e, 0x5b, 0x3e, 0x5b, 0x3e,
    0x5b, 0x3e, 0x5b, 0x3e, 0x5b, 0x3e, 0x5b, 0x3e, 0x5b, 0x3e, 0x5b, 0x3e, 0x5b, 0x3e, 0x5b, 0x3e, 0x5b, 0x3e, 0x5b,
    0x3e, 0x5b, 0x3e, 0x5b, 0x3e, 0x5b, 0x3e, 0x5b, 0x3e, 0x5b, 0x3e, 0x5b, 0x3e, 0x5b, 0x3e, 0x5b, 0x3e, 0x5b, 0x3e,
    0x5b, 0x3e, 0x5b, 0x3e, 0x5b, 0x3e, 0x5b, 0x3e, 0x5b, 0x3e, 0x5b, 0x3e, 0x5b, 0x3e, 0x5b, 0x3e, 0x5b, 0x3e, 0x5b,
    0x3e, 0x5b, 0x3e, 0x5b, 0x3e, 0x5b, 0x3e, 0x5b, 0x3e, 0x5b, 0x3e, 0x5b, 0x3e, 0x5b, 0x3e, 0x5b, 0x3e, 0x5b, 0x3e,
    0x5b, 0x3e, 0x5b, 0x3e, 0x5b, 0x3e, 0x5b, 0x3e, 0x5b, 0x3e, 0x5b, 0x3e, 0x5b, 0x3e, 0x5b, 0x3e, 0x5b, 0x3e, 0x5b,
    0x3e, 0x5b, 0x3e, 0x5b, 0x3e, 0x5b, 0x3e, 0x5b, 0x3e, 0x5b, 0x3e, 0x5b, 0x3e, 0x5b, 0x3e, 0x5b, 0x3e, 0x5b, 0x3e,
    0x5b, 0x3e, 0x5b, 0xa3, 0x10, 0xa3, 0x10, 0xa3, 0x10, 0xa3, 0x10, 0xa3, 0x10, 0xa3, 0x10, 0xa3, 0x10, 0xa3, 0x10,
    0xa3, 0x10, 0xa3, 0x10, 0xa3, 0x10, 0xa3, 0x10, 0xa3, 0x10, 0xa3, 0x10, 0xa3, 0x10, 0xa3, 0x10, 0xa3, 0x10, 0xa3,
    0x10, 0xa3, 0x10, 0xa3, 0x10, 0xa3, 0x10, 0xa3, 0x10, 0xa3, 0x10, 0xa3, 0x10, 0xa3, 0x10, 0xa3, 0x10, 0xa3, 0x10,
    0xa3, 0x10, 0xa3, 0x10, 0xa3, 0x10, 0xa3, 0x10, 0xa3, 0x10, 0xa3, 0x10, 0xa3, 0x10, 0xa3, 0x10, 0xa3, 0x10, 0xa3,
    0x10, 0xa3, 0x10, 0xa3, 0x10, 0xa3, 0x10, 0xa3, 0x10, 0xa3, 0x10, 0xa3, 0x10, 0xa3, 0x10, 0xa3, 0x10, 0xa3, 0x10,
    0xa3, 0x10, 0xa3, 0x10, 0xa3, 0x10, 0xa3, 0x10, 0xa3, 0x10, 0xa3, 0x10, 0xa3, 0x10, 0xa3, 0x10, 0xa3, 0x10, 0xa3,
    0x10, 0xa3, 0x10, 0xa3, 0x10, 0xa3, 0x10, 0xa3, 0x10, 0xa3, 0x10, 0xa3, 0x10, 0xa3, 0x10, 0xa3, 0x10, 0xa3, 0x10,
    0xa3, 0x10, 0xa3, 0x10, 0xa3, 0x10, 0xa3, 0x10, 0xa3, 0x10, 0xa3, 0x10, 0xa3, 0x10, 0xa3, 0x10, 0xa3, 0x10, 0xa3,
    0x10, 0xa3, 0x10, 0xa3, 0x10, 0xa3, 0x10, 0xa3, 0x10, 0xa3, 0x10, 0xa3, 0x10, 0xa3, 0x10, 0xa3, 0x10, 0xa3, 0x10,
    0xa3, 0x10, 0xa3, 0x10, 0xa3, 0x10, 0xa3, 0x10, 0xa3, 0x10, 0xa3, 0x10, 0xa3, 0x10, 0xa3, 0x10, 0xa3, 0x10, 0xa3,
    0x10, 0xa3, 0x10, 0xa3, 0x10, 0x3e, 0x5b, 0x3e, 0x5b, 0x3e, 0x5b, 0x3e, 0x5b, 0x3e, 0x5b, 0x3e, 0x5b, 0x3e, 0x5b,
    0x3e, 0x5b, 0x3e, 0x5b, 0x3e, 0x5b, 0x3e, 0x5b, 0x3e, 0x5b, 0x3e, 0x5b, 0x3e, 0x5b, 0x3e, 0x5b, 0x3e, 0x5b, 0x3e,
    0x5b, 0x3e, 0x5b, 0x3e, 0x5b, 0x3e, 0x5b, 0x3e, 0x5b, 0x3e, 0x5b, 0x3e, 0x5b, 0x3e, 0x5b, 0x3e, 0x5b, 0x3e, 0x5b,
    0x3e, 0x5b, 0x3e, 0x5b, 0x3e, 0x5b, 0x3e, 0x5b, 0x3e, 0x5b, 0x3e, 0x5b, 0x3e, 0x5b, 0x3e, 0x5b, 0x3e, 0x5b, 0x3e,
    0x5b, 0x3e, 0x5b, 0x3e, 0x5b, 0x3e, 0x5b, 0x3e, 0x5b, 0x3e, 0x5b, 0x3e, 0x5b, 0x3e, 0x5b, 0x3e, 0x5b, 0x3e, 0x5b,
    0x3e, 0x5b, 0x3e, 0x5b, 0x3e, 0x5b, 0x3e, 0x5b, 0x3e, 0x5b, 0x3e, 0x5b, 0x3e, 0x5b, 0x3e, 0x5b, 0x3e, 0x5b, 0x3e,
    0x5b, 0x3e, 0x5b, 0x3e, 0x5b, 0x3e, 0x5b, 0x3e, 0x5b, 0x3e, 0x5b, 0x3e, 0x5b, 0x3e, 0x5b, 0x3e, 0x5b, 0x3e, 0x5b,
    0x3e, 0x5b, 0x3e, 0x5b, 0x3e, 0x5b, 0x3e, 0x5b, 0x3e, 0x5b, 0x3e, 0x5b, 0x3e, 0x5b, 0x3e, 0x5b, 0x3e, 0x5b, 0x3e,
    0x5b, 0x3e, 0x5b, 0x3e, 0x5b, 0x3e, 0x5b, 0x3e, 0x5b, 0x3e, 0x5b, 0x3e, 0x5b, 0x3e, 0x5b, 0x3e, 0x5b, 0x3e, 0x5b,
    0x3e, 0x5b, 0x3e, 0x5b, 0x3e, 0x5b, 0x3e, 0x5b, 0x3e, 0x5b, 0x3e, 0x5b, 0x3e, 0x5b, 0x3e, 0x5b, 0x3e, 0x5b, 0x3e,
    0x5b, 0x3e, 0x5b, 0x3e, 0x5b, 0x3e, 0x5b, 0x3e, 0x5b, 0x3e, 0x5b, 0x3e, 0x5b, 0x3e, 0x5b, 0x3e, 0x5b, 0x3e, 0x5b,
    0x3e, 0x5b, 0x3e, 0x5b, 0xa3, 0x10, 0xa3, 0x10, 0xa3, 0x10, 0xa3, 0x10, 0xa3, 0x10, 0xa3, 0x10, 0xa3, 0x10, 0xa3,
    0x10, 0xa3, 0x10, 0xa3, 0x10, 0xa3, 0x10, 0xa3, 0x10, 0xa3, 0x10, 0xa3, 0x10, 0xa3, 0x10, 0xa3, 0x10, 0xa3, 0x10,
    0xa3, 0x10, 0xa3, 0x10, 0xa3, 0x10, 0xa3, 0x10, 0xa3, 0x10, 0xa3, 0x10, 0xa3, 0x10, 0xa3, 0x10, 0xa3, 0x10, 0xa3,
    0x10, 0xa3, 0x10, 0xa3, 0x10, 0xa3, 0x10, 0xa3, 0x10, 0xa3, 0x10, 0xa3, 0x10, 0xa3, 0x10, 0xa3, 0x10, 0xa3, 0x10,
    0xa3, 0x10, 0xa3, 0x10, 0xa3, 0x10, 0xa3, 0x10, 0xa3, 0x10, 0xa3, 0x10, 0xa3, 0x10, 0xa3, 0x10, 0xa3, 0x10, 0xa3,
    0x10, 0xa3, 0x10, 0xa3, 0x10, 0xa3, 0x10, 0xa3, 0x10, 0xa3, 0x10, 0xa3, 0x10, 0xa3, 0x10, 0xa3, 0x10, 0xa3, 0x10,
    0xa3, 0x10, 0xa3, 0x10, 0xa3, 0x10, 0xa3, 0x10, 0xa3, 0x10, 0xa3, 0x10, 0xa3, 0x10, 0xa3, 0x10, 0xa3, 0x10, 0xa3,
    0x10, 0xa3, 0x10, 0xa3, 0x10, 0xa3, 0x10, 0xa3, 0x10, 0xa3, 0x10, 0xa3, 0x10, 0xa3, 0x10, 0xa3, 0x10, 0xa3, 0x10,
    0xa3, 0x10, 0xa3, 0x10, 0xa3, 0x10, 0xa3, 0x10, 0xa3, 0x10, 0xa3, 0x10, 0xa3, 0x10, 0xa3, 0x10, 0xa3, 0x10, 0xa3,
    0x10, 0xa3, 0x10, 0xa3, 0x10, 0xa3, 0x10, 0xa3, 0x10, 0xa3, 0x10, 0xa3, 0x10, 0xa3, 0x10, 0xa3, 0x10, 0xa3, 0x10,
    0xa3, 0x10, 0xa3, 0x10, 0xa3, 0x10, 0xa3, 0x10, 0x3e, 0x5b, 0x3e, 0x5b, 0x3e, 0x5b, 0x3e, 0x5b, 0x3e, 0x5b, 0x3e,
    0x5b, 0x3e, 0x5b, 0x3e, 0x5b, 0x3e, 0x5b, 0x3e, 0x5b, 0x3e, 0x5b, 0x3e, 0x5b, 0x3e, 0x5b, 0x3e, 0x5b, 0x3e, 0x5b,
    0x3e, 0x5b, 0x3e, 0x5b, 0x3e, 0x5b, 0x3e, 0x5b, 0x3e, 0x5b, 0x3e, 0x5b, 0x3e, 0x5b, 0x3e, 0x5b, 0x3e, 0x5b, 0x3e,
    0x5b, 0x3e, 0x5b, 0x3e, 0x5b, 0x3e, 0x5b, 0x3e, 0x5b, 0x3e, 0x5b, 0x3e, 0x5b, 0x3e, 0x5b, 0x3e, 0x5b, 0x3e, 0x5b,
    0x3e, 0x5b, 0x3e, 0x5b, 0x3e, 0x5b, 0x3e, 0x5b, 0x3e, 0x5b, 0x3e, 0x5b, 0x3e, 0x5b, 0x3e, 0x5b, 0x3e, 0x5b, 0x3e,
    0x5b, 0x3e, 0x5b, 0x3e, 0x5b, 0x3e, 0x5b, 0x3e, 0x5b, 0x3e, 0x5b, 0x3e, 0x5b, 0x3e, 0x5b, 0x3e, 0x5b, 0x3e, 0x5b,
    0x3e, 0x5b, 0x3e, 0x5b, 0x3e, 0x5b, 0x3e, 0x5b, 0x3e, 0x5b, 0x3e, 0x5b, 0x3e, 0x5b, 0x3e, 0x5b, 0x3e, 0x5b, 0x3e,
    0x5b, 0x3e, 0x5b, 0x3e, 0x5b, 0x3e, 0x5b, 0x3e, 0x5b, 0x3e, 0x5b, 0x3e, 0x5b, 0x3e, 0x5b, 0x3e, 0x5b, 0x3e, 0x5b,
    0x3e, 0x5b, 0x3e, 0x5b, 0x3e, 0x5b, 0x3e, 0x5b, 0x3e, 0x5b, 0x3e, 0x5b, 0x3e, 0x5b, 0x3e, 0x5b, 0x3e, 0x5b, 0x3e,
    0x5b, 0x3e, 0x5b, 0x3e, 0x5b, 0x3e, 0x5b, 0x3e, 0x5b, 0x3e, 0x5b, 0x3e, 0x5b, 0x3e, 0x5b, 0x3e, 0x5b, 0x3e, 0x5b,
    0x3e, 0x5b, 0x3e, 0x5b, 0x3e, 0x5b, 0x3e, 0x5b, 0x3e, 0x5b, 0x3e, 0x5b, 0x3e, 0x5b, 0x3e, 0x5b, 0x3e, 0x5b, 0x3e,
    0x5b, 0x3e, 0x5b, 0xa3, 0x10, 0xa3, 0x10, 0xa3, 0x10, 0xa3, 0x10, 0xa3, 0x10, 0xa3, 0x10, 0xa3, 0x10, 0xa3, 0x10,
    0xa3, 0x10, 0xa3, 0x10, 0xa3, 0x10, 0xa3, 0x10, 0xa3, 0x10, 0xa3, 0x10, 0xa3, 0x10, 0xa3, 0x10, 0xa3, 0x10, 0xa3,
    0x10, 0xa3, 0x10, 0xa3, 0x10, 0xa3, 0x10, 0xa3, 0x10, 0xa3, 0x10, 0xa3, 0x10, 0xa3, 0x10, 0xa3, 0x10, 0xa3, 0x10,
    0xa3, 0x10, 0xa3, 0x10, 0xa3, 0x10, 0xa3, 0x10, 0xa3, 0x10, 0xa3, 0x10, 0xa3, 0x10, 0xa3, 0x10, 0xa3, 0x10, 0xa3,
    0x10, 0xa3, 0x10, 0xa3, 0x10, 0xa3, 0x10, 0xa3, 0x10, 0xa3, 0x10, 0xa3, 0x10, 0xa3, 0x10, 0xa3, 0x10, 0xa3, 0x10,
    0xa3, 0x10, 0xa3, 0x10, 0xa3, 0x10, 0xa3, 0x10, 0xa3, 0x10, 0xa3, 0x10, 0xa3, 0x10, 0xa3, 0x10, 0xa3, 0x10, 0xa3,
    0x10, 0xa3, 0x10, 0xa3, 0x10, 0xa3, 0x10, 0xa3, 0x10, 0xa3, 0x10, 0xa3, 0x10, 0xa3, 0x10, 0xa3, 0x10, 0xa3, 0x10,
    0xa3, 0x10, 0xa3, 0x10, 0xa3, 0x10, 0xa3, 0x10, 0xa3, 0x10, 0xa3, 0x10, 0xa3, 0x10, 0xa3, 0x10, 0xa3, 0x10, 0xa3,
    0x10, 0xa3, 0x10, 0xa3, 0x10, 0xa3, 0x10, 0xa3, 0x10, 0xa3, 0x10, 0xa3, 0x10, 0xa3, 0x10, 0xa3, 0x10, 0xa3, 0x10,
    0xa3, 0x10, 0xa3, 0x10, 0xa3, 0x10, 0xa3, 0x10, 0xa3, 0x10, 0xa3, 0x10, 0xa3, 0x10, 0xa3, 0x10, 0xa3, 0x10, 0xa3,
    0x10, 0xa3, 0x10, 0xa3, 0x10, 0xa3, 0x10, 0xa3, 0x10, 0xa3, 0x10, 0x3e, 0x5b, 0x3e, 0x5b, 0x3e, 0x5b, 0x3e, 0x5b,
    0x3e, 0x5b, 0x3e, 0x5b, 0x3e, 0x5b, 0x3e, 0x5b, 0x3e, 0x5b, 0x3e, 0x5b, 0x3e, 0x5b, 0x3e, 0x5b, 0x3e, 0x5b, 0x3e,
    0x5b, 0x3e, 0x5b, 0x3e, 0x5b, 0x3e, 0x5b, 0x3e, 0x5b, 0x3e, 0x5b, 0x3e, 0x5b, 0x3e, 0x5b, 0x3e, 0x5b, 0x3e, 0x5b,
    0x3e, 0x5b, 0x3e, 0x5b, 0x3e, 0x5b, 0x3e, 0x5b, 0x3e, 0x5b, 0x3e, 0x5b, 0x3e, 0x5b, 0x3e, 0x5b, 0x3e, 0x5b, 0x3e,
    0x5b, 0x3e, 0x5b, 0x3e, 0x5b, 0x3e, 0x5b, 0x3e, 0x5b, 0x3e, 0x5b, 0x3e, 0x5b, 0x3e, 0x5b, 0x3e, 0x5b, 0x3e, 0x5b,
    0x3e, 0x5b, 0x3e, 0x5b, 0x3e, 0x5b, 0x3e, 0x5b, 0x3e, 0x5b, 0x3e, 0x5b, 0x3e, 0x5b, 0x3e, 0x5b, 0x3e, 0x5b, 0x3e,
    0x5b, 0x3e, 0x5b, 0x3e, 0x5b, 0x3e, 0x5b, 0x3e, 0x5b, 0x3e, 0x5b, 0x3e, 0x5b, 0x3e, 0x5b, 0x3e, 0x5b, 0x3e, 0x5b,
    0x3e, 0x5b, 0x3e, 0x5b, 0x3e, 0x5b, 0x3e, 0x5b, 0x3e, 0x5b, 0x3e, 0x5b, 0x3e, 0x5b, 0x3e, 0x5b, 0x3e, 0x5b, 0x3e,
    0x5b, 0x3e, 0x5b, 0x3e, 0x5b, 0x3e, 0x5b, 0x3e, 0x5b, 0x3e, 0x5b, 0x3e, 0x5b, 0x3e, 0x5b, 0x3e, 0x5b, 0x3e, 0x5b,
    0x3e, 0x5b, 0x3e, 0x5b, 0x3e, 0x5b, 0x3e, 0x5b, 0x3e, 0x5b, 0x3e, 0x5b, 0x3e, 0x5b, 0x3e, 0x5b, 0x3e, 0x5b, 0x3e,
    0x5b, 0x3e, 0x5b, 0x3e, 0x5b, 0x3e, 0x5b, 0x3e, 0x5b, 0x3e, 0x5b, 0x3e, 0x5b, 0x3e, 0x5b, 0x3e, 0x5b, 0x3e, 0x5b,
    0x3e, 0x5b, 0xa3, 0x10, 0xa3, 0x10, 0xa3, 0x10, 0xa3, 0x10, 0xa3, 0x10, 0xa3, 0x10, 0xa3, 0x10, 0xa3, 0x10, 0xa3,
    0x10, 0xa3, 0x10, 0xa3, 0x10, 0xa3, 0x10, 0xa3, 0x10, 0xa3, 0x10, 0xa3, 0x10, 0xa3, 0x10, 0xa3, 0x10, 0xa3, 0x10,
    0xa3, 0x10, 0xa3, 0x10, 0xa3, 0x10, 0xa3, 0x10, 0xa3, 0x10, 0xa3, 0x10, 0xa3, 0x10, 0xa3, 0x10, 0xa3, 0x10, 0xa3,
    0x10, 0xa3, 0x10, 0xa3, 0x10, 0xa3, 0x10, 0xa3, 0x10, 0xa3, 0x10, 0xa3, 0x10, 0xa3, 0x10, 0xa3, 0x10, 0xa3, 0x10,
    0xa3, 0x10, 0xa3, 0x10, 0xa3, 0x10, 0xa3, 0x10, 0xa3, 0x10, 0xa3, 0x10, 0xa3, 0x10, 0xa3, 0x10, 0xa3, 0x10, 0xa3,
    0x10, 0xa3, 0x10, 0xa3, 0x10, 0xa3, 0x10, 0xa3, 0x10, 0xa3, 0x10, 0xa3, 0x10, 0xa3, 0x10, 0xa3, 0x10, 0xa3, 0x10,
    0xa3, 0x10, 0xa3, 0x10, 0xa3, 0x10, 0xa3, 0x10, 0xa3, 0x10, 0xa3, 0x10, 0xa3, 0x10, 0xa3, 0x10, 0xa3, 0x10, 0xa3,
    0x10, 0xa3, 0x10, 0xa3, 0x10, 0xa3, 0x10, 0xa3, 0x10, 0xa3, 0x10, 0xa3, 0x10, 0xa3, 0x10, 0xa3, 0x10, 0xa3, 0x10,
    0xa3, 0x10, 0xa3, 0x10, 0xa3, 0x10, 0xa3, 0x10, 0xa3, 0x10, 0xa3, 0x10, 0xa3, 0x10, 0xa3, 0x10, 0xa3, 0x10, 0xa3,
    0x10, 0xa3, 0x10, 0xa3, 0x10, 0xa3, 0x10, 0xa3, 0x10, 0xa3, 0x10, 0xa3, 0x10, 0xa3, 0x10, 0xa3, 0x10, 0xa3, 0x10,
    0xa3, 0x10, 0xa3, 0x10, 0xa3, 0x10, 0xa3, 0x10, 0xa3, 0x10, 0xa3, 0x10, 0x3e, 0x5b, 0x3e, 0x5b, 0x3e, 0x5b, 0x3e,
    0x5b, 0x3e, 0x5b, 0x3e, 0x5b, 0x3e, 0x5b, 0x3e, 0x5b, 0x3e, 0x5b, 0x3e, 0x5b, 0x3e, 0x5b, 0x3e, 0x5b, 0x3e, 0x5b,
    0x3e, 0x5b, 0x3e, 0x5b, 0x3e, 0x5b, 0x3e, 0x5b, 0x3e, 0x5b, 0x3e, 0x5b, 0x3e, 0x5b, 0x3e, 0x5b, 0x3e, 0x5b, 0x3e,
    0x5b, 0x3e, 0x5b, 0x3e, 0x5b, 0x3e, 0x5b, 0x3e, 0x5b, 0x3e, 0x5b, 0x3e, 0x5b, 0x3e, 0x5b, 0x3e, 0x5b, 0x3e, 0x5b,
    0x3e, 0x5b, 0x3e, 0x5b, 0x3e, 0x5b, 0x3e, 0x5b, 0x3e, 0x5b, 0x3e, 0x5b, 0x3e, 0x5b, 0x3e, 0x5b, 0x3e, 0x5b, 0x3e,
    0x5b, 0x3e, 0x5b, 0x3e, 0x5b, 0x3e, 0x5b, 0x3e, 0x5b, 0x3e, 0x5b, 0x3e, 0x5b, 0x3e, 0x5b, 0x3e, 0x5b, 0x3e, 0x5b,
    0x3e, 0x5b, 0x3e, 0x5b, 0x3e, 0x5b, 0x3e, 0x5b, 0x3e, 0x5b, 0x3e, 0x5b, 0x3e, 0x5b, 0x3e, 0x5b, 0x3e, 0x5b, 0x3e,
    0x5b, 0x3e, 0x5b, 0x3e, 0x5b, 0x3e, 0x5b, 0x3e, 0x5b, 0x3e, 0x5b, 0x3e, 0x5b, 0x3e, 0x5b, 0x3e, 0x5b, 0x3e, 0x5b,
    0x3e, 0x5b, 0x3e, 0x5b, 0x3e, 0x5b, 0x3e, 0x5b, 0x3e, 0x5b, 0x3e, 0x5b, 0x3e, 0x5b, 0x3e, 0x5b, 0x3e, 0x5b, 0x3e,
    0x5b, 0x3e, 0x5b, 0x3e, 0x5b, 0x3e, 0x5b, 0x3e, 0x5b, 0x3e, 0x5b, 0x3e, 0x5b, 0x3e, 0x5b, 0x3e, 0x5b, 0x3e, 0x5b,
    0x3e, 0x5b, 0x3e, 0x5b, 0x3e, 0x5b, 0x3e, 0x5b, 0x3e, 0x5b, 0x3e, 0x5b, 0x3e, 0x5b, 0x3e, 0x5b, 0x3e, 0x5b, 0x3e,
    0x5b, 0x3e, 0x5b, 0xa3, 0x10, 0xa3, 0x10, 0xa3, 0x10, 0xa3, 0x10, 0xa3, 0x10, 0xa3, 0x10, 0xa3, 0x10, 0xa3, 0x10,
    0xa3, 0x10, 0xa3, 0x10, 0xa3, 0x10, 0xa3, 0x10, 0xa3, 0x10, 0xa3, 0x10, 0xa3, 0x10, 0xa3, 0x10, 0xa3, 0x10, 0xa3,
    0x10, 0xa3, 0x10, 0xa3, 0x10, 0xa3, 0x10, 0xa3, 0x10, 0xa3, 0x10, 0xa3, 0x10, 0xa3, 0x10, 0xa3, 0x10, 0xa3, 0x10,
    0xa3, 0x10, 0xa3, 0x10, 0xa3, 0x10, 0xa3, 0x10, 0xa3, 0x10, 0xa3, 0x10, 0xa3, 0x10, 0xa3, 0x10, 0xa3, 0x10, 0xa3,
    0x10, 0xa3, 0x10, 0xa3, 0x10, 0xa3, 0x10, 0xa3, 0x10, 0xa3, 0x10, 0xa3, 0x10, 0xa3, 0x10, 0xa3, 0x10, 0xa3, 0x10,
    0xa3, 0x10, 0xa3, 0x10, 0xa3, 0x10, 0xa3, 0x10, 0xa3, 0x10, 0xa3, 0x10, 0xa3, 0x10, 0xa3, 0x10, 0xa3, 0x10, 0xa3,
    0x10, 0xa3, 0x10, 0xa3, 0x10, 0xa3, 0x10, 0xa3, 0x10, 0xa3, 0x10, 0xa3, 0x10, 0xa3, 0x10, 0xa3, 0x10, 0xa3, 0x10,
    0xa3, 0x10, 0xa3, 0x10, 0xa3, 0x10, 0xa3, 0x10, 0xa3, 0x10, 0xa3, 0x10, 0xa3, 0x10, 0xa3, 0x10, 0xa3, 0x10, 0xa3,
    0x10, 0xa3, 0x10, 0xa3, 0x10, 0xa3, 0x10, 0xa3, 0x10, 0xa3, 0x10, 0xa3, 0x10, 0xa3, 0x10, 0xa3, 0x10, 0xa3, 0x10,
    0xa3, 0x10, 0xa3, 0x10, 0xa3, 0x10, 0xa3, 0x10, 0xa3, 0x10, 0xa3, 0x10, 0xa3, 0x10, 0xa3, 0x10, 0xa3, 0x10, 0xa3,
    0x10, 0xa3, 0x10, 0xa3, 0x10, 0xa3, 0x10, 0xa3, 0x10, 0xa3, 0x10, 0xa3, 0x10, 0xa3, 0x10, 0x3e, 0x5b, 0x3e, 0x5b,
    0x3e, 0x5b, 0x3e, 0x5b, 0x3e, 0x5b, 0x3e, 0x5b, 0x3e, 0x5b, 0x3e, 0x5b, 0x3e, 0x5b, 0x3e, 0x5b, 0x3e, 0x5b, 0x3e,
    0x5b, 0x3e, 0x5b, 0x3e, 0x5b, 0x3e, 0x5b, 0x3e, 0x5b, 0x3e, 0x5b, 0x3e, 0x5b, 0x3e, 0x5b, 0x3e, 0x5b, 0x3e, 0x5b,
    0x3e, 0x5b, 0x3e, 0x5b, 0x3e, 0x5b, 0x3e, 0x5b, 0x3e, 0x5b, 0x3e, 0x5b, 0x3e, 0x5b, 0x3e, 0x5b, 0x3e, 0x5b, 0x3e,
    0x5b, 0x3e, 0x5b, 0x3e, 0x5b, 0x3e, 0x5b, 0x3e, 0x5b, 0x3e, 0x5b, 0x3e, 0x5b, 0x3e, 0x5b, 0x3e, 0x5b, 0x3e, 0x5b,
    0x3e, 0x5b, 0x3e, 0x5b, 0x3e, 0x5b, 0x3e, 0x5b, 0x3e, 0x5b, 0x3e, 0x5b, 0x3e, 0x5b, 0x3e, 0x5b, 0x3e, 0x5b, 0x3e,
    0x5b, 0x3e, 0x5b, 0x3e, 0x5b, 0x3e, 0x5b, 0x3e, 0x5b, 0x3e, 0x5b, 0x3e, 0x5b, 0x3e, 0x5b, 0x3e, 0x5b, 0x3e, 0x5b,
    0x3e, 0x5b, 0x3e, 0x5b, 0x3e, 0x5b, 0x3e, 0x5b, 0x3e, 0x5b, 0x3e, 0x5b, 0x3e, 0x5b, 0x3e, 0x5b, 0x3e, 0x5b, 0x3e,
    0x5b, 0x3e, 0x5b, 0x3e, 0x5b, 0x3e, 0x5b, 0x3e, 0x5b, 0x3e, 0x5b, 0x3e, 0x5b, 0x3e, 0x5b, 0x3e, 0x5b, 0x3e, 0x5b,
    0x3e, 0x5b, 0x3e, 0x5b, 0x3e, 0x5b, 0x3e, 0x5b, 0x3e, 0x5b, 0x3e, 0x5b, 0x3e, 0x5b, 0x3e, 0x5b, 0x3e, 0x5b, 0x3e,
    0x5b, 0x3e, 0x5b, 0x3e, 0x5b, 0x3e, 0x5b, 0x3e, 0x5b, 0x3e, 0x5b, 0x3e, 0x5b, 0x3e, 0x5b, 0x3e, 0x5b, 0x3e, 0x5b,
    0x3e, 0x5b, 0xa3, 0x10, 0xa3, 0x10, 0xa3, 0x10, 0xa3, 0x10, 0xa3, 0x10, 0xa3, 0x10, 0xa3, 0x10, 0xa3, 0x10, 0xa3,
    0x10, 0xa3, 0x10, 0xa3, 0x10, 0xa3, 0x10, 0xa3, 0x10, 0xa3, 0x10, 0xa3, 0x10, 0xa3, 0x10, 0xa3, 0x10, 0xa3, 0x10,
    0xa3, 0x10, 0xa3, 0x10, 0xa3, 0x10, 0xa3, 0x10, 0xa3, 0x10, 0xa3, 0x10, 0xa3, 0x10, 0xa3, 0x10, 0xa3, 0x10, 0xa3,
    0x10, 0xa3, 0x10, 0xa3, 0x10, 0xa3, 0x10, 0xa3, 0x10, 0xa3, 0x10, 0xa3, 0x10, 0xa3, 0x10, 0xa3, 0x10, 0xa3, 0x10,
    0xa3, 0x10, 0xa3, 0x10, 0xa3, 0x10, 0xa3, 0x10, 0xa3, 0x10, 0xa3, 0x10, 0xa3, 0x10, 0xa3, 0x10, 0xa3, 0x10, 0xa3,
    0x10, 0xa3, 0x10, 0xa3, 0x10, 0xa3, 0x10, 0xa3, 0x10, 0xa3, 0x10, 0xa3, 0x10, 0xa3, 0x10, 0xa3, 0x10, 0xa3, 0x10,
    0xa3, 0x10, 0xa3, 0x10, 0xa3, 0x10, 0xa3, 0x10, 0xa3, 0x10, 0xa3, 0x10, 0xa3, 0x10, 0xa3, 0x10, 0xa3, 0x10, 0xa3,
    0x10, 0xa3, 0x10, 0xa3, 0x10, 0xa3, 0x10, 0xa3, 0x10, 0xa3, 0x10, 0xa3, 0x10, 0xa3, 0x10, 0xa3, 0x10, 0xa3, 0x10,
    0xa3, 0x10, 0xa3, 0x10, 0xa3, 0x10, 0xa3, 0x10, 0xa3, 0x10, 0xa3, 0x10, 0xa3, 0x10, 0xa3, 0x10, 0xa3, 0x10, 0xa3,
    0x10, 0xa3, 0x10, 0xa3, 0x10, 0xa3, 0x10, 0xa3, 0x10, 0xa3, 0x10, 0xa3, 0x10, 0xa3, 0x10, 0xa3, 0x10, 0xa3, 0x10,
    0xa3, 0x10, 0xa3, 0x10, 0xa3, 0x10, 0xa3, 0x10, 0xa3, 0x10, 0xa3, 0x10, 0xa3, 0x10, 0xa3, 0x10, 0xa3, 0x10, 0x3e,
    0x5b, 0x3e, 0x5b, 0x3e, 0x5b, 0x3e, 0x5b, 0x3e, 0x5b, 0x3e, 0x5b, 0x3e, 0x5b, 0x3e, 0x5b, 0x3e, 0x5b, 0x3e, 0x5b,
    0x3e, 0x5b, 0x3e, 0x5b, 0x3e, 0x5b, 0x3e, 0x5b, 0x3e, 0x5b, 0x3e, 0x5b, 0x3e, 0x5b, 0x3e, 0x5b, 0x3e, 0x5b, 0x3e,
    0x5b, 0x3e, 0x5b, 0x3e, 0x5b, 0x3e, 0x5b, 0x3e, 0x5b, 0x3e, 0x5b, 0x3e, 0x5b, 0x3e, 0x5b, 0x3e, 0x5b, 0x3e, 0x5b,
    0x3e, 0x5b, 0x3e, 0x5b, 0x3e, 0x5b, 0x3e, 0x5b, 0x3e, 0x5b, 0x3e, 0x5b, 0x3e, 0x5b, 0x3e, 0x5b, 0x3e, 0x5b, 0x3e,
    0x5b, 0x3e, 0x5b, 0x3e, 0x5b, 0x3e, 0x5b, 0x3e, 0x5b, 0x3e, 0x5b, 0x3e, 0x5b, 0x3e, 0x5b, 0x3e, 0x5b, 0x3e, 0x5b,
    0x3e, 0x5b, 0x3e, 0x5b, 0x3e, 0x5b, 0x3e, 0x5b, 0x3e, 0x5b, 0x3e, 0x5b, 0x3e, 0x5b, 0x3e, 0x5b, 0x3e, 0x5b, 0x3e,
    0x5b, 0x3e, 0x5b, 0x3e, 0x5b, 0x3e, 0x5b, 0x3e, 0x5b, 0x3e, 0x5b, 0x3e, 0x5b, 0x3e, 0x5b, 0x3e, 0x5b, 0x3e, 0x5b,
    0x3e, 0x5b, 0x3e, 0x5b, 0x3e, 0x5b, 0x3e, 0x5b, 0x3e, 0x5b, 0x3e, 0x5b, 0x3e, 0x5b, 0x3e, 0x5b, 0x3e, 0x5b, 0x3e,
    0x5b, 0x3e, 0x5b, 0x3e, 0x5b, 0x3e, 0x5b, 0x3e, 0x5b, 0x3e, 0x5b, 0x3e, 0x5b, 0x3e, 0x5b, 0x3e, 0x5b, 0x3e, 0x5b,
    0x3e, 0x5b, 0x3e, 0x5b, 0x3e, 0x5b, 0x3e, 0x5b, 0x3e, 0x5b, 0x3e, 0x5b, 0x3e, 0x5b, 0x3e, 0x5b, 0x3e, 0x5b, 0x3e,
    0x5b, 0xa3, 0x10, 0xa3, 0x10, 0xa3, 0x10, 0xa3, 0x10, 0xa3, 0x10, 0xa3, 0x10, 0xa3, 0x10, 0xa3, 0x10, 0xa3, 0x10,
    0xa3, 0x10, 0xa3, 0x10, 0xa3, 0x10, 0xa3, 0x10, 0xa3, 0x10, 0xa3, 0x10, 0xa3, 0x10, 0xa3, 0x10, 0xa3, 0x10, 0xa3,
    0x10, 0xa3, 0x10, 0xa3, 0x10, 0xa3, 0x10, 0xa3, 0x10, 0xa3, 0x10, 0xa3, 0x10, 0xa3, 0x10, 0xa3, 0x10, 0xa3, 0x10,
    0xa3, 0x10, 0xa3, 0x10, 0xa3, 0x10, 0xa3, 0x10, 0xa3, 0x10, 0xa3, 0x10, 0xa3, 0x10, 0xa3, 0x10, 0xa3, 0x10, 0xa3,
    0x10, 0xa3, 0x10, 0xa3, 0x10, 0xa3, 0x10, 0xa3, 0x10, 0xa3, 0x10, 0xa3, 0x10, 0xa3, 0x10, 0xa3, 0x10, 0xa3, 0x10,
    0xa3, 0x10, 0xa3, 0x10, 0xa3, 0x10, 0xa3, 0x10, 0xa3, 0x10, 0xa3, 0x10, 0xa3, 0x10, 0xa3, 0x10, 0xa3, 0x10, 0xa3,
    0x10, 0xa3, 0x10, 0xa3, 0x10, 0xa3, 0x10, 0xa3, 0x10, 0xa3, 0x10, 0xa3, 0x10, 0xa3, 0x10, 0xa3, 0x10, 0xa3, 0x10,
    0xa3, 0x10, 0xa3, 0x10, 0xa3, 0x10, 0xa3, 0x10, 0xa3, 0x10, 0xa3, 0x10, 0xa3, 0x10, 0xa3, 0x10, 0xa3, 0x10, 0xa3,
    0x10, 0xa3, 0x10, 0xa3, 0x10, 0xa3, 0x10, 0xa3, 0x10, 0xa3, 0x10, 0xa3, 0x10, 0xa3, 0x10, 0xa3, 0x10, 0xa3, 0x10,
    0xa3, 0x10, 0xa3, 0x10, 0xa3, 0x10, 0xa3, 0x10, 0xa3, 0x10, 0xa3, 0x10, 0xa3, 0x10, 0xa3, 0x10, 0xa3, 0x10, 0xa3,
    0x10, 0xa3, 0x10, 0xa3, 0x10, 0xa3, 0x10, 0xa3, 0x10, 0xa3, 0x10, 0xa3, 0x10, 0xa3, 0x10, 0xa3, 0x10, 0xa3, 0x10,
    0xa3, 0x10, 0x3e, 0x5b, 0x3e, 0x5b, 0x3e, 0x5b, 0x3e, 0x5b, 0x3e, 0x5b, 0x3e, 0x5b, 0x3e, 0x5b, 0x3e, 0x5b, 0x3e,
    0x5b, 0x3e, 0x5b, 0x3e, 0x5b, 0x3e, 0x5b, 0x3e, 0x5b, 0x3e, 0x5b, 0x3e, 0x5b, 0x3e, 0x5b, 0x3e, 0x5b, 0x3e, 0x5b,
    0x3e, 0x5b, 0x3e, 0x5b, 0x3e, 0x5b, 0x3e, 0x5b, 0x3e, 0x5b, 0x3e, 0x5b, 0x3e, 0x5b, 0x3e, 0x5b, 0x3e, 0x5b, 0x3e,
    0x5b, 0x3e, 0x5b, 0x3e, 0x5b, 0x3e, 0x5b, 0x3e, 0x5b, 0x3e, 0x5b, 0x3e, 0x5b, 0x3e, 0x5b, 0x3e, 0x5b, 0x3e, 0x5b,
    0x3e, 0x5b, 0x3e, 0x5b, 0x3e, 0x5b, 0x3e, 0x5b, 0x3e, 0x5b, 0x3e, 0x5b, 0x3e, 0x5b, 0x3e, 0x5b, 0x3e, 0x5b, 0x3e,
    0x5b, 0x3e, 0x5b, 0x3e, 0x5b, 0x3e, 0x5b, 0x3e, 0x5b, 0x3e, 0x5b, 0x3e, 0x5b, 0x3e, 0x5b, 0x3e, 0x5b, 0x3e, 0x5b,
    0x3e, 0x5b, 0x3e, 0x5b, 0x3e, 0x5b, 0x3e, 0x5b, 0x3e, 0x5b, 0x3e, 0x5b, 0x3e, 0x5b, 0x3e, 0x5b, 0x3e, 0x5b, 0x3e,
    0x5b, 0x3e, 0x5b, 0x3e, 0x5b, 0x3e, 0x5b, 0x3e, 0x5b, 0x3e, 0x5b, 0x3e, 0x5b, 0x3e, 0x5b, 0x3e, 0x5b, 0x3e, 0x5b,
    0x3e, 0x5b, 0x3e, 0x5b, 0x3e, 0x5b, 0x3e, 0x5b, 0x3e, 0x5b, 0x3e, 0x5b, 0x3e, 0x5b, 0x3e, 0x5b, 0x3e, 0x5b, 0x3e,
    0x5b, 0x3e, 0x5b, 0x3e, 0x5b, 0x3e, 0x5b, 0x3e, 0x5b, 0x3e, 0x5b, 0x3e, 0x5b, 0x3e, 0x5b, 0x3e, 0x5b, 0x3e, 0x5b,
    0xa3, 0x10, 0xa3, 0x10, 0xa3, 0x10, 0xa3, 0x10, 0xa3, 0x10, 0xa3, 0x10, 0xa3, 0x10, 0xa3, 0x10, 0xa3, 0x10, 0xa3,
    0x10, 0xa3, 0x10, 0xa3, 0x10, 0xa3, 0x10, 0xa3, 0x10, 0xa3, 0x10, 0xa3, 0x10, 0xa3, 0x10, 0xa3, 0x10, 0xa3, 0x10,
    0xa3, 0x10, 0xa3, 0x10, 0xa3, 0x10, 0xa3, 0x10, 0xa3, 0x10, 0xa3, 0x10, 0xa3, 0x10, 0xa3, 0x10, 0xa3, 0x10, 0xa3,
    0x10, 0xa3, 0x10, 0xa3, 0x10, 0xa3, 0x10, 0xa3, 0x10, 0xa3, 0x10, 0xa3, 0x10, 0xa3, 0x10, 0xa3, 0x10, 0xa3, 0x10,
    0xa3, 0x10, 0xa3, 0x10, 0xa3, 0x10, 0xa3, 0x10, 0xa3, 0x10, 0xa3, 0x10, 0xa3, 0x10, 0xa3, 0x10, 0xa3, 0x10, 0xa3,
    0x10, 0xa3, 0x10, 0xa3, 0x10, 0xa3, 0x10, 0xa3, 0x10, 0xa3, 0x10, 0xa3, 0x10, 0xa3, 0x10, 0xa3, 0x10, 0xa3, 0x10,
    0xa3, 0x10, 0xa3, 0x10, 0xa3, 0x10, 0xa3, 0x10, 0xa3, 0x10, 0xa3, 0x10, 0xa3, 0x10, 0xa3, 0x10, 0xa3, 0x10, 0xa3,
    0x10, 0xa3, 0x10, 0xa3, 0x10, 0xa3, 0x10, 0xa3, 0x10, 0xa3, 0x10, 0xa3, 0x10, 0xa3, 0x10, 0xa3, 0x10, 0xa3, 0x10,
    0xa3, 0x10, 0xa3, 0x10, 0xa3, 0x10, 0xa3, 0x10, 0xa3, 0x10, 0xa3, 0x10, 0xa3, 0x10, 0xa3, 0x10, 0xa3, 0x10, 0xa3,
    0x10, 0xa3, 0x10, 0xa3, 0x10, 0xa3, 0x10, 0xa3, 0x10, 0xa3, 0x10, 0xa3, 0x10, 0xa3, 0x10, 0xa3, 0x10, 0xa3, 0x10,
    0xa3, 0x10, 0xa3, 0x10, 0xa3, 0x10, 0xa3, 0x10, 0xa3, 0x10, 0xa3, 0x10, 0xa3, 0x10, 0xa3, 0x10, 0xa3, 0x10, 0xa3,
    0x10, 0xa3, 0x10, 0xa3, 0x10, 0xa3, 0x10, 0x3e, 0x5b, 0x3e, 0x5b, 0x3e, 0x5b, 0x3e, 0x5b, 0x3e, 0x5b, 0x3e, 0x5b,
    0x3e, 0x5b, 0x3e, 0x5b, 0x3e, 0x5b, 0x3e, 0x5b, 0x3e, 0x5b, 0x3e, 0x5b, 0x3e, 0x5b, 0x3e, 0x5b, 0x3e, 0x5b, 0x3e,
    0x5b, 0x3e, 0x5b, 0x3e, 0x5b, 0x3e, 0x5b, 0x3e, 0x5b, 0x3e, 0x5b, 0x3e, 0x5b, 0x3e, 0x5b, 0x3e, 0x5b, 0x3e, 0x5b,
    0x3e, 0x5b, 0x3e, 0x5b, 0x3e, 0x5b, 0x3e, 0x5b, 0x3e, 0x5b, 0x3e, 0x5b, 0x3e, 0x5b, 0x3e, 0x5b, 0x3e, 0x5b, 0x3e,
    0x5b, 0x3e, 0x5b, 0x3e, 0x5b, 0x3e, 0x5b, 0x3e, 0x5b, 0x3e, 0x5b, 0x3e, 0x5b, 0x3e, 0x5b, 0x3e, 0x5b, 0x3e, 0x5b,
    0x3e, 0x5b, 0x3e, 0x5b, 0x3e, 0x5b, 0x3e, 0x5b, 0x3e, 0x5b, 0x3e, 0x5b, 0x3e, 0x5b, 0x3e, 0x5b, 0x3e, 0x5b, 0x3e,
    0x5b, 0x3e, 0x5b, 0x3e, 0x5b, 0x3e, 0x5b, 0x3e, 0x5b, 0x3e, 0x5b, 0x3e, 0x5b, 0x3e, 0x5b, 0x3e, 0x5b, 0x3e, 0x5b,
    0x3e, 0x5b, 0x3e, 0x5b, 0x3e, 0x5b, 0x3e, 0x5b, 0x3e, 0x5b, 0x3e, 0x5b, 0x3e, 0x5b, 0x3e, 0x5b, 0x3e, 0x5b, 0x3e,
    0x5b, 0x3e, 0x5b, 0x3e, 0x5b, 0x3e, 0x5b, 0x3e, 0x5b, 0x3e, 0x5b, 0x3e, 0x5b, 0x3e, 0x5b, 0x3e, 0x5b, 0x3e, 0x5b,
    0x3e, 0x5b, 0x3e, 0x5b, 0x3e, 0x5b, 0x3e, 0x5b, 0x3e, 0x5b, 0x3e, 0x5b, 0x3e, 0x5b, 0x3e, 0x5b, 0xa3, 0x10, 0xa3,
    0x10, 0xa3, 0x10, 0xa3, 0x10, 0xa3, 0x10, 0xa3, 0x10, 0xa3, 0x10, 0xa3, 0x10, 0xa3, 0x10, 0xa3, 0x10, 0xa3, 0x10,
    0xa3, 0x10, 0xa3, 0x10, 0xa3, 0x10, 0xa3, 0x10, 0xa3, 0x10, 0xa3, 0x10, 0xa3, 0x10, 0xa3, 0x10, 0xa3, 0x10, 0xa3,
    0x10, 0xa3, 0x10, 0xa3, 0x10, 0xa3, 0x10, 0xa3, 0x10, 0xa3, 0x10, 0xa3, 0x10, 0xa3, 0x10, 0xa3, 0x10, 0xa3, 0x10,
    0xa3, 0x10, 0xa3, 0x10, 0xa3, 0x10, 0xa3, 0x10, 0xa3, 0x10, 0xa3, 0x10, 0xa3, 0x10, 0xa3, 0x10, 0xa3, 0x10, 0xa3,
    0x10, 0xa3, 0x10, 0xa3, 0x10, 0xa3, 0x10, 0xa3, 0x10, 0xa3, 0x10, 0xa3, 0x10, 0xa3, 0x10, 0xa3, 0x10, 0xa3, 0x10,
    0xa3, 0x10, 0xa3, 0x10, 0xa3, 0x10, 0xa3, 0x10, 0xa3, 0x10, 0xa3, 0x10, 0xa3, 0x10, 0xa3, 0x10, 0xa3, 0x10, 0xa3,
    0x10, 0xa3, 0x10, 0xa3, 0x10, 0xa3, 0x10, 0xa3, 0x10, 0xa3, 0x10, 0xa3, 0x10, 0xa3, 0x10, 0xa3, 0x10, 0xa3, 0x10,
    0xa3, 0x10, 0xa3, 0x10, 0xa3, 0x10, 0xa3, 0x10, 0xa3, 0x10, 0xa3, 0x10, 0xa3, 0x10, 0xa3, 0x10, 0xa3, 0x10, 0xa3,
    0x10, 0xa3, 0x10, 0xa3, 0x10, 0xa3, 0x10, 0xa3, 0x10, 0xa3, 0x10, 0xa3, 0x10, 0xa3, 0x10, 0xa3, 0x10, 0xa3, 0x10,
    0xa3, 0x10, 0xa3, 0x10, 0xa3, 0x10, 0xa3, 0x10, 0xa3, 0x10, 0xa3, 0x10, 0xa3, 0x10, 0xa3, 0x10, 0xa3, 0x10, 0xa3,
    0x10, 0xa3, 0x10, 0xa3, 0x10, 0xa3, 0x10, 0xa3, 0x10, 0xa3, 0x10, 0xa3, 0x10, 0xa3, 0x10, 0xa3, 0x10, 0xa3, 0x10,
    0xa3, 0x10, 0xa3, 0x10, 0xa3, 0x10, 0xa3, 0x10, 0xa3, 0x10, 0x3e, 0x5b, 0x3e, 0x5b, 0x3e, 0x5b, 0x3e, 0x5b, 0x3e,
    0x5b, 0x3e, 0x5b, 0x3e, 0x5b, 0x3e, 0x5b, 0x3e, 0x5b, 0x3e, 0x5b, 0x3e, 0x5b, 0x3e, 0x5b, 0x3e, 0x5b, 0x3e, 0x5b,
    0x3e, 0x5b, 0x3e, 0x5b, 0x3e, 0x5b, 0x3e, 0x5b, 0x3e, 0x5b, 0x3e, 0x5b, 0x3e, 0x5b, 0x3e, 0x5b, 0x3e, 0x5b, 0x3e,
    0x5b, 0x3e, 0x5b, 0x3e, 0x5b, 0x3e, 0x5b, 0x3e, 0x5b, 0x3e, 0x5b, 0x3e, 0x5b, 0x3e, 0x5b, 0x3e, 0x5b, 0x3e, 0x5b,
    0x3e, 0x5b, 0x3e, 0x5b, 0x3e, 0x5b, 0x3e, 0x5b, 0x3e, 0x5b, 0x3e, 0x5b, 0x3e, 0x5b, 0x3e, 0x5b, 0x3e, 0x5b, 0x3e,
    0x5b, 0x3e, 0x5b, 0x3e, 0x5b, 0x3e, 0x5b, 0x3e, 0x5b, 0x3e, 0x5b, 0x3e, 0x5b, 0x3e, 0x5b, 0x3e, 0x5b, 0x3e, 0x5b,
    0x3e, 0x5b, 0x3e, 0x5b, 0x3e, 0x5b, 0x3e, 0x5b, 0x3e, 0x5b, 0x3e, 0x5b, 0x3e, 0x5b, 0x3e, 0x5b, 0x3e, 0x5b, 0x3e,
    0x5b, 0x3e, 0x5b, 0x3e, 0x5b, 0x3e, 0x5b, 0x3e, 0x5b, 0x3e, 0x5b, 0x3e, 0x5b, 0x3e, 0x5b, 0x3e, 0x5b, 0x3e, 0x5b,
    0x3e, 0x5b, 0x3e, 0x5b, 0x3e, 0x5b, 0x3e, 0x5b, 0x3e, 0x5b, 0x3e, 0x5b, 0x3e, 0x5b, 0x3e, 0x5b, 0x3e, 0x5b, 0x3e,
    0x5b, 0x3e, 0x5b, 0x3e, 0x5b, 0x3e, 0x5b, 0x3e, 0x5b, 0x3e, 0x5b, 0x3e, 0x5b, 0x3e, 0x5b, 0xa3, 0x10, 0xa3, 0x10,
    0xa3, 0x10, 0xa3, 0x10, 0xa3, 0x10, 0xa3, 0x10, 0xa3, 0x10, 0xa3, 0x10, 0xa3, 0x10, 0xa3, 0x10, 0xa3, 0x10, 0xa3,
    0x10, 0xa3, 0x10, 0xa3, 0x10, 0xa3, 0x10, 0xa3, 0x10, 0xa3, 0x10, 0xa3, 0x10, 0xa3, 0x10, 0xa3, 0x10, 0xa3, 0x10,
    0xa3, 0x10, 0xa3, 0x10, 0xa3, 0x10, 0xa3, 0x10, 0xa3, 0x10, 0xa3, 0x10, 0xa3, 0x10, 0xa3, 0x10, 0xa3, 0x10, 0xa3,
    0x10, 0xa3, 0x10, 0xa3, 0x10, 0xa3, 0x10, 0xa3, 0x10, 0xa3, 0x10, 0xa3, 0x10, 0xa3, 0x10, 0xa3, 0x10, 0xa3, 0x10,
    0xa3, 0x10, 0xa3, 0x10, 0xa3, 0x10, 0xa3, 0x10, 0xa3, 0x10, 0xa3, 0x10, 0xa3, 0x10, 0xa3, 0x10, 0xa3, 0x10, 0xa3,
    0x10, 0xa3, 0x10, 0xa3, 0x10, 0xa3, 0x10, 0xa3, 0x10, 0xa3, 0x10, 0xa3, 0x10, 0xa3, 0x10, 0xa3, 0x10, 0xa3, 0x10,
    0xa3, 0x10, 0xa3, 0x10, 0xa3, 0x10, 0xa3, 0x10, 0xa3, 0x10, 0xa3, 0x10, 0xa3, 0x10, 0xa3, 0x10, 0xa3, 0x10, 0xa3,
    0x10, 0xa3, 0x10, 0xa3, 0x10, 0xa3, 0x10, 0xa3, 0x10, 0xa3, 0x10, 0xa3, 0x10, 0xa3, 0x10, 0xa3, 0x10, 0xa3, 0x10,
    0xa3, 0x10, 0xa3, 0x10, 0xa3, 0x10, 0xa3, 0x10, 0xa3, 0x10, 0xa3, 0x10, 0xa3, 0x10, 0xa3, 0x10, 0xa3, 0x10, 0xa3,
    0x10, 0xa3, 0x10, 0xa3, 0x10, 0xa3, 0x10, 0xa3, 0x10, 0xa3, 0x10, 0xa3, 0x10, 0xa3, 0x10, 0xa3, 0x10, 0xa3, 0x10,
    0xa3, 0x10, 0xa3, 0x10, 0xa3, 0x10, 0xa3, 0x10, 0xa3, 0x10, 0xa3, 0x10, 0xa3, 0x10, 0xa3, 0x10, 0xa3, 0x10, 0xa3,
    0x10, 0xa3, 0x10, 0xa3, 0x10, 0xa3, 0x10, 0xa3, 0x10, 0xa3, 0x10, 0xa3, 0x10, 0xa3, 0x10, 0xa3, 0x10, 0x3e, 0x5b,
    0x3e, 0x5b, 0x3e, 0x5b, 0x3e, 0x5b, 0x3e, 0x5b, 0x3e, 0x5b, 0x3e, 0x5b, 0x3e, 0x5b, 0x3e, 0x5b, 0x3e, 0x5b, 0x3e,
    0x5b, 0x3e, 0x5b, 0x3e, 0x5b, 0x3e, 0x5b, 0x3e, 0x5b, 0x3e, 0x5b, 0x3e, 0x5b, 0x3e, 0x5b, 0x3e, 0x5b, 0x3e, 0x5b,
    0x3e, 0x5b, 0x3e, 0x5b, 0x3e, 0x5b, 0x3e, 0x5b, 0x3e, 0x5b, 0x3e, 0x5b, 0x3e, 0x5b, 0x3e, 0x5b, 0x3e, 0x5b, 0x3e,
    0x5b, 0x3e, 0x5b, 0x3e, 0x5b, 0x3e, 0x5b, 0x3e, 0x5b, 0x3e, 0x5b, 0x3e, 0x5b, 0x3e, 0x5b, 0x3e, 0x5b, 0x3e, 0x5b,
    0x3e, 0x5b, 0x3e, 0x5b, 0x3e, 0x5b, 0x3e, 0x5b, 0x3e, 0x5b, 0x3e, 0x5b, 0x3e, 0x5b, 0x3e, 0x5b, 0x3e, 0x5b, 0x3e,
    0x5b, 0x3e, 0x5b, 0x3e, 0x5b, 0x3e, 0x5b, 0x3e, 0x5b, 0x3e, 0x5b, 0x3e, 0x5b, 0x3e, 0x5b, 0x3e, 0x5b, 0x3e, 0x5b,
    0x3e, 0x5b, 0x3e, 0x5b, 0x3e, 0x5b, 0x3e, 0x5b, 0x3e, 0x5b, 0x3e, 0x5b, 0x3e, 0x5b, 0x3e, 0x5b, 0x3e, 0x5b, 0x3e,
    0x5b, 0x3e, 0x5b, 0x3e, 0x5b, 0x3e, 0x5b, 0x3e, 0x5b, 0x3e, 0x5b, 0x3e, 0x5b, 0x3e, 0x5b, 0x3e, 0x5b, 0x3e, 0x5b,
    0x3e, 0x5b, 0x3e, 0x5b, 0x3e, 0x5b, 0x3e, 0x5b, 0x3e, 0x5b, 0xa3, 0x10, 0xa3, 0x10, 0xa3, 0x10, 0xa3, 0x10, 0xa3,
    0x10, 0xa3, 0x10, 0xa3, 0x10, 0xa3, 0x10, 0xa3, 0x10, 0xa3, 0x10, 0xa3, 0x10, 0xa3, 0x10, 0xa3, 0x10, 0xa3, 0x10,
    0xa3, 0x10, 0xa3, 0x10, 0xa3, 0x10, 0xa3, 0x10, 0xa3, 0x10, 0xa3, 0x10, 0xa3, 0x10, 0xa3, 0x10, 0xa3, 0x10, 0xa3,
    0x10, 0xa3, 0x10, 0xa3, 0x10, 0xa3, 0x10, 0xa3, 0x10, 0xa3, 0x10, 0xa3, 0x10, 0xa3, 0x10, 0xa3, 0x10, 0xa3, 0x10,
    0xa3, 0x10, 0xa3, 0x10, 0xa3, 0x10, 0xa3, 0x10, 0xa3, 0x10, 0xa3, 0x10, 0xa3, 0x10, 0xa3, 0x10, 0xa3, 0x10, 0xa3,
    0x10, 0xa3, 0x10, 0xa3, 0x10, 0xa3, 0x10, 0xa3, 0x10, 0xa3, 0x10, 0xa3, 0x10, 0xa3, 0x10, 0xa3, 0x10, 0xa3, 0x10,
    0xa3, 0x10, 0xa3, 0x10, 0xa3, 0x10, 0xa3, 0x10, 0xa3, 0x10, 0xa3, 0x10, 0xa3, 0x10, 0xa3, 0x10, 0xa3, 0x10, 0xa3,
    0x10, 0xa3, 0x10, 0xa3, 0x10, 0xa3, 0x10, 0xa3, 0x10, 0xa3, 0x10, 0xa3, 0x10, 0xa3, 0x10, 0xa3, 0x10, 0xa3, 0x10,
    0xa3, 0x10, 0xa3, 0x10, 0xa3, 0x10, 0xa3, 0x10, 0xa3, 0x10, 0xa3, 0x10, 0xa3, 0x10, 0xa3, 0x10, 0xa3, 0x10, 0xa3,
    0x10, 0xa3, 0x10, 0xa3, 0x10, 0xa3, 0x10, 0xa3, 0x10, 0xa3, 0x10, 0xa3, 0x10, 0xa3, 0x10, 0xa3, 0x10, 0xa3, 0x10,
    0xa3, 0x10, 0xa3, 0x10, 0xa3, 0x10, 0xa3, 0x10, 0xa3, 0x10, 0xa3, 0x10, 0xa3, 0x10, 0xa3, 0x10, 0xa3, 0x10, 0xa3,
    0x10, 0xa3, 0x10, 0xa3, 0x10, 0xa3, 0x10, 0xa3, 0x10, 0xa3, 0x10, 0xa3, 0x10, 0xa3, 0x10, 0xa3, 0x10, 0xa3, 0x10,
    0xa3, 0x10, 0xa3, 0x10, 0xa3, 0x10, 0xa3, 0x10, 0xa3, 0x10, 0xa3, 0x10, 0xa3, 0x10, 0xa3, 0x10, 0xa3, 0x10, 0xa3,
    0x10, 0xa3, 0x10, 0xa3, 0x10, 0xa3, 0x10, 0xa3, 0x10, 0x3e, 0x5b, 0x3e, 0x5b, 0x3e, 0x5b, 0x3e, 0x5b, 0x3e, 0x5b,
    0x3e, 0x5b, 0x3e, 0x5b, 0x3e, 0x5b, 0x3e, 0x5b, 0x3e, 0x5b, 0x3e, 0x5b, 0x3e, 0x5b, 0x3e, 0x5b, 0x3e, 0x5b, 0x3e,
    0x5b, 0x3e, 0x5b, 0x3e, 0x5b, 0x3e, 0x5b, 0x3e, 0x5b, 0x3e, 0x5b, 0x3e, 0x5b, 0x3e, 0x5b, 0x3e, 0x5b, 0x3e, 0x5b,
    0x3e, 0x5b, 0x3e, 0x5b, 0x3e, 0x5b, 0x3e, 0x5b, 0x3e, 0x5b, 0x3e, 0x5b, 0x3e, 0x5b, 0x3e, 0x5b, 0x3e, 0x5b, 0x3e,
    0x5b, 0x3e, 0x5b, 0x3e, 0x5b, 0x3e, 0x5b, 0x3e, 0x5b, 0x3e, 0x5b, 0x3e, 0x5b, 0x3e, 0x5b, 0x3e, 0x5b, 0x3e, 0x5b,
    0x3e, 0x5b, 0x3e, 0x5b, 0x3e, 0x5b, 0x3e, 0x5b, 0x3e, 0x5b, 0x3e, 0x5b, 0x3e, 0x5b, 0x3e, 0x5b, 0x3e, 0x5b, 0x3e,
    0x5b, 0x3e, 0x5b, 0x3e, 0x5b, 0x3e, 0x5b, 0x3e, 0x5b, 0x3e, 0x5b, 0x3e, 0x5b, 0x3e, 0x5b, 0x3e, 0x5b, 0x3e, 0x5b,
    0x3e, 0x5b, 0x3e, 0x5b, 0x3e, 0x5b, 0x3e, 0x5b, 0x3e, 0x5b, 0x3e, 0x5b, 0x3e, 0x5b, 0x3e, 0x5b, 0x3e, 0x5b, 0x3e,
    0x5b, 0xa3, 0x10, 0xa3, 0x10, 0xa3, 0x10, 0xa3, 0x10, 0xa3, 0x10, 0xa3, 0x10, 0xa3, 0x10, 0xa3, 0x10, 0xa3, 0x10,
    0xa3, 0x10, 0xa3, 0x10, 0xa3, 0x10, 0xa3, 0x10, 0xa3, 0x10, 0xa3, 0x10, 0xa3, 0x10, 0xa3, 0x10, 0xa3, 0x10, 0xa3,
    0x10, 0xa3, 0x10, 0xa3, 0x10, 0xa3, 0x10, 0xa3, 0x10, 0xa3, 0x10, 0xa3, 0x10, 0xa3, 0x10, 0xa3, 0x10, 0xa3, 0x10,
    0xa3, 0x10, 0xa3, 0x10, 0xa3, 0x10, 0xa3, 0x10, 0xa3, 0x10, 0xa3, 0x10, 0xa3, 0x10, 0xa3, 0x10, 0xa3, 0x10, 0xa3,
    0x10, 0xa3, 0x10, 0xa3, 0x10, 0xa3, 0x10, 0xa3, 0x10, 0xa3, 0x10, 0xa3, 0x10, 0xa3, 0x10, 0xa3, 0x10, 0xa3, 0x10,
    0xa3, 0x10, 0xa3, 0x10, 0xa3, 0x10, 0xa3, 0x10, 0xa3, 0x10, 0xa3, 0x10, 0xa3, 0x10, 0xa3, 0x10, 0xa3, 0x10, 0xa3,
    0x10, 0xa3, 0x10, 0xa3, 0x10, 0xa3, 0x10, 0xa3, 0x10, 0xa3, 0x10, 0xa3, 0x10, 0xa3, 0x10, 0xa3, 0x10, 0xa3, 0x10,
    0xa3, 0x10, 0xa3, 0x10, 0xa3, 0x10, 0xa3, 0x10, 0xa3, 0x10, 0xa3, 0x10, 0xa3, 0x10, 0xa3, 0x10, 0xa3, 0x10, 0xa3,
    0x10, 0xa3, 0x10, 0xa3, 0x10, 0xa3, 0x10, 0xa3, 0x10, 0xa3, 0x10, 0xa3, 0x10, 0xa3, 0x10, 0xa3, 0x10, 0xa3, 0x10,
    0xa3, 0x10, 0xa3, 0x10, 0xa3, 0x10, 0xa3, 0x10, 0xa3, 0x10, 0xa3, 0x10, 0xa3, 0x10, 0xa3, 0x10, 0xa3, 0x10, 0xa3,
    0x10, 0xa3, 0x10, 0xa3, 0x10, 0xa3, 0x10, 0xa3, 0x10, 0xa3, 0x10, 0xa3, 0x10, 0xa3, 0x10, 0xa3, 0x10, 0xa3, 0x10,
    0xa3, 0x10, 0xa3, 0x10, 0xa3, 0x10, 0xa3, 0x10, 0xa3, 0x10, 0xa3, 0x10, 0xa3, 0x10, 0xa3, 0x10, 0xa3, 0x10, 0xa3,
    0x10, 0xa3, 0x10, 0xa3, 0x10, 0xa3, 0x10, 0xa3, 0x10, 0xa3, 0x10, 0xa3, 0x10, 0xa3, 0x10, 0xa3, 0x10, 0xa3, 0x10,
    0xa3, 0x10, 0xa3, 0x10, 0xa3, 0x10, 0xa3, 0x10, 0xa3, 0x10, 0xa3, 0x10, 0xa3, 0x10, 0xa3, 0x10, 0xa3, 0x10, 0xa3,
    0x10, 0xa3, 0x10, 0xa3, 0x10, 0xa3, 0x10, 0xa3, 0x10, 0xa3, 0x10, 0xa3, 0x10, 0xa3, 0x10, 0xa3, 0x10, 0xa3, 0x10,
    0xa3, 0x10, 0xa3, 0x10, 0xa3, 0x10, 0xa3, 0x10, 0xa3, 0x10, 0xa3, 0x10, 0xa3, 0x10, 0xa3, 0x10, 0xa3, 0x10, 0xa3,
    0x10, 0xa3, 0x10, 0xa3, 0x10, 0xa3, 0x10, 0xa3, 0x10, 0xa3, 0x10, 0xa3, 0x10, 0xa3, 0x10, 0xa3, 0x10, 0xa3, 0x10,
    0xa3, 0x10, 0xa3, 0x10, 0xa3, 0x10, 0xa3, 0x10, 0xa3, 0x10, 0xa3, 0x10, 0xa3, 0x10, 0xa3, 0x10, 0xa3, 0x10, 0xa3,
    0x10, 0xa3, 0x10, 0xa3, 0x10, 0xa3, 0x10, 0xa3, 0x10, 0xa3, 0x10, 0xa3, 0x10, 0xa3, 0x10, 0xa3, 0x10, 0xa3, 0x10,
    0xa3, 0x10, 0xa3, 0x10, 0xa3, 0x10, 0xa3, 0x10, 0xa3, 0x10, 0xa3, 0x10, 0xa3, 0x10, 0xa3, 0x10, 0xa3, 0x10, 0xa3,
    0x10, 0xa3, 0x10, 0xa3, 0x10, 0xa3, 0x10, 0xa3, 0x10, 0xa3, 0x10, 0xa3, 0x10, 0xa3, 0x10, 0xa3, 0x10, 0xa3, 0x10,
    0xa3, 0x10, 0xa3, 0x10, 0xa3, 0x10, 0xa3, 0x10, 0xa3, 0x10, 0xa3, 0x10, 0xa3, 0x10, 0xa3, 0x10, 0xa3, 0x10, 0xa3,
    0x10, 0xa3, 0x10, 0xa3, 0x10, 0xa3, 0x10, 0xa3, 0x10, 0xa3, 0x10, 0xa3, 0x10, 0xa3, 0x10, 0xa3, 0x10, 0xa3, 0x10,
    0xa3, 0x10, 0xa3, 0x10, 0xa3, 0x10, 0xa3, 0x10, 0xa3, 0x10, 0xa3, 0x10, 0xa3, 0x10, 0xa3, 0x10, 0xa3, 0x10, 0xa3,
    0x10, 0xa3, 0x10, 0xa3, 0x10, 0xa3, 0x10, 0xa3, 0x10, 0xa3, 0x10, 0xa3, 0x10, 0xa3, 0x10, 0xa3, 0x10, 0xa3, 0x10,
    0xa3, 0x10, 0xa3, 0x10, 0xa3, 0x10, 0xa3, 0x10, 0xa3, 0x10, 0xa3, 0x10, 0xa3, 0x10, 0xa3, 0x10, 0xa3, 0x10, 0xa3,
    0x10, 0xa3, 0x10, 0xa3, 0x10, 0xa3, 0x10, 0xa3, 0x10, 0xa3, 0x10, 0xa3, 0x10, 0xa3, 0x10, 0xa3, 0x10, 0xa3, 0x10,
    0xa3, 0x10, 0xa3, 0x10, 0xa3, 0x10, 0xa3, 0x10, 0xa3, 0x10, 0xa3, 0x10, 0xa3, 0x10, 0xa3, 0x10, 0xa3, 0x10, 0xa3,
    0x10, 0xa3, 0x10, 0xa3, 0x10, 0xa3, 0x10, 0xa3, 0x10, 0xa3, 0x10, 0xa3, 0x10, 0xa3, 0x10, 0xa3, 0x10, 0xa3, 0x10,
    0xa3, 0x10, 0xa3, 0x10, 0xa3, 0x10, 0xa3, 0x10, 0xa3, 0x10, 0xa3, 0x10, 0xa3, 0x10, 0xa3, 0x10, 0xa3, 0x10, 0xa3,
    0x10, 0xa3, 0x10, 0xa3, 0x10, 0xa3, 0x10, 0xa3, 0x10, 0xa3, 0x10, 0xa3, 0x10, 0xa3, 0x10, 0xa3, 0x10, 0xa3, 0x10,
    0xa3, 0x10, 0xa3, 0x10, 0xa3, 0x10, 0xa3, 0x10, 0xa3, 0x10, 0xa3, 0x10, 0xa3, 0x10, 0xa3, 0x10, 0xa3, 0x10, 0xa3,
    0x10, 0xa3, 0x10, 0xa3, 0x10, 0xa3, 0x10, 0xa3, 0x10, 0xa3, 0x10, 0xa3, 0x10, 0xa3, 0x10, 0xa3, 0x10, 0xa3, 0x10,
    0xa3, 0x10, 0xa3, 0x10, 0xa3, 0x10, 0xa3, 0x10, 0xa3, 0x10, 0xa3, 0x10, 0xa3, 0x10, 0xa3, 0x10, 0xa3, 0x10, 0xa3,
    0x10, 0xa3, 0x10, 0xa3, 0x10, 0xa3, 0x10, 0xa3, 0x10, 0xa3, 0x10, 0xa3, 0x10, 0xa3, 0x10, 0xa3, 0x10, 0xa3, 0x10,
    0xa3, 0x10, 0xa3, 0x10, 0xa3, 0x10, 0xa3, 0x10, 0xa3, 0x10, 0xa3, 0x10, 0xa3, 0x10, 0xa3, 0x10, 0xa3, 0x10, 0xa3,
    0x10, 0xa3, 0x10, 0xa3, 0x10, 0xa3, 0x10, 0xa3, 0x10, 0xa3, 0x10, 0xa3, 0x10, 0xa3, 0x10, 0xa3, 0x10, 0xa3, 0x10,
    0xa3, 0x10, 0xa3, 0x10, 0xa3, 0x10, 0xa3, 0x10, 0xa3, 0x10, 0xa3, 0x10, 0xa3, 0x10, 0xa3, 0x10, 0xa3, 0x10, 0xa3,
    0x10, 0xa3, 0x10, 0xa3, 0x10, 0xa3, 0x10, 0xa3, 0x10, 0xa3, 0x10, 0xa3, 0x10, 0xa3, 0x10, 0xa3, 0x10, 0xa3, 0x10,
    0xa3, 0x10, 0xa3, 0x10, 0xa3, 0x10, 0xa3, 0x10, 0xa3, 0x10, 0xa3, 0x10, 0xa3, 0x10, 0xa3, 0x10, 0xa3, 0x10, 0xa3,
    0x10, 0xa3, 0x10, 0xa3, 0x10, 0xa3, 0x10, 0xa3, 0x10, 0xa3, 0x10, 0xa3, 0x10, 0xa3, 0x10, 0xa3, 0x10, 0xa3, 0x10,
    0xa3, 0x10, 0xa3, 0x10, 0xa3, 0x10, 0xa3, 0x10, 0xa3, 0x10, 0xa3, 0x10, 0xa3, 0x10, 0xa3, 0x10, 0xa3, 0x10, 0xa3,
    0x10, 0xa3, 0x10, 0xa3, 0x10, 0xa3, 0x10, 0xa3, 0x10, 0xa3, 0x10, 0xa3, 0x10, 0xa3, 0x10, 0xa3, 0x10, 0xa3, 0x10,
    0xa3, 0x10, 0xa3, 0x10, 0xa3, 0x10, 0xa3, 0x10, 0xa3, 0x10, 0xa3, 0x10, 0xa3, 0x10, 0xa3, 0x10, 0xa3, 0x10, 0xa3,
    0x10, 0xa3, 0x10, 0xa3, 0x10, 0xa3, 0x10, 0xa3, 0x10, 0xa3, 0x10, 0xa3, 0x10, 0xa3, 0x10, 0xa3, 0x10, 0xa3, 0x10,
    0xa3, 0x10, 0xa3, 0x10, 0xa3, 0x10, 0xa3, 0x10, 0xa3, 0x10, 0xa3, 0x10, 0xa3, 0x10, 0xa3, 0x10, 0xa3, 0x10, 0xa3,
    0x10, 0xa3, 0x10, 0xa3, 0x10, 0xa3, 0x10, 0xa3, 0x10, 0xa3, 0x10, 0xa3, 0x10, 0xa3, 0x10, 0xa3, 0x10, 0xa3, 0x10,
    0xa3, 0x10, 0xa3, 0x10, 0xa3, 0x10, 0xa3, 0x10, 0xa3, 0x10, 0xa3, 0x10, 0xa3, 0x10, 0xa3, 0x10, 0xa3, 0x10, 0xa3,
    0x10, 0xa3, 0x10, 0xa3, 0x10, 0xa3, 0x10, 0xa3, 0x10, 0xa3, 0x10, 0xa3, 0x10, 0xa3, 0x10, 0xa3, 0x10, 0xa3, 0x10,
    0xa3, 0x10, 0xa3, 0x10, 0xa3, 0x10, 0xa3, 0x10, 0xa3, 0x10, 0xa3, 0x10, 0xa3, 0x10, 0xa3, 0x10, 0xa3, 0x10, 0xa3,
    0x10, 0xa3, 0x10, 0xa3, 0x10, 0xa3, 0x10, 0xa3, 0x10, 0xa3, 0x10, 0xa3, 0x10, 0xa3, 0x10, 0xa3, 0x10, 0xa3, 0x10,
    0xa3, 0x10, 0xa3, 0x10, 0xa3, 0x10, 0xa3, 0x10, 0xa3, 0x10, 0xa3, 0x10, 0xa3, 0x10, 0xa3, 0x10, 0xa3, 0x10, 0xa3,
    0x10, 0xa3, 0x10, 0xa3, 0x10, 0xa3, 0x10, 0xa3, 0x10, 0xa3, 0x10, 0xa3, 0x10, 0xa3, 0x10, 0xa3, 0x10, 0xa3, 0x10,
    0xa3, 0x10, 0xa3, 0x10, 0xa3, 0x10, 0xa3, 0x10, 0xa3, 0x10, 0xa3, 0x10, 0xa3, 0x10, 0xa3, 0x10, 0xa3, 0x10, 0xa3,
    0x10, 0xa3, 0x10, 0xa3, 0x10, 0xa3, 0x10, 0xa3, 0x10, 0xa3, 0x10, 0xa3, 0x10, 0xa3, 0x10, 0xa3, 0x10, 0xa3, 0x10,
    0xa3, 0x10, 0xa3, 0x10, 0xa3, 0x10, 0xa3, 0x10, 0xa3, 0x10, 0xa3, 0x10, 0xa3, 0x10, 0xa3, 0x10, 0xa3, 0x10, 0xa3,
    0x10, 0xa3, 0x10, 0xa3, 0x10, 0xa3, 0x10, 0xa3, 0x10, 0xa3, 0x10, 0xa3, 0x10, 0xa3, 0x10, 0xa3, 0x10, 0xa3, 0x10,
    0xa3, 0x10, 0xa3, 0x10, 0xa3, 0x10, 0xa3, 0x10, 0xa3, 0x10, 0xa3, 0x10, 0xa3, 0x10, 0xa3, 0x10, 0xa3, 0x10, 0xa3,
    0x10, 0xa3, 0x10, 0xa3, 0x10, 0xa3, 0x10, 0xa3, 0x10, 0xa3, 0x10, 0xa3, 0x10, 0xa3, 0x10, 0xa3, 0x10, 0xa3, 0x10,
    0xa3, 0x10, 0xa3, 0x10, 0xa3, 0x10, 0xa3, 0x10, 0xa3, 0x10, 0xa3, 0x10, 0xa3, 0x10, 0xa3, 0x10, 0xa3, 0x10, 0xa3,
    0x10, 0xa3, 0x10, 0xa3, 0x10, 0xa3, 0x10, 0xa3, 0x10, 0xa3, 0x10, 0xa3, 0x10, 0xa3, 0x10, 0xa3, 0x10, 0xa3, 0x10,
    0xa3, 0x10, 0xa3, 0x10, 0xa3, 0x10, 0xa3, 0x10, 0xa3, 0x10, 0xa3, 0x10, 0xa3, 0x10, 0xa3, 0x10, 0xa3, 0x10, 0xa3,
    0x10, 0xa3, 0x10, 0xa3, 0x10, 0xa3, 0x10, 0xa3, 0x10, 0xa3, 0x10, 0xa3, 0x10, 0xa3, 0x10, 0xa3, 0x10, 0xa3, 0x10,
    0xa3, 0x10, 0xa3, 0x10, 0xa3, 0x10, 0xa3, 0x10, 0xa3, 0x10, 0xa3, 0x10, 0xa3, 0x10, 0xa3, 0x10, 0xa3, 0x10, 0xa3,
    0x10, 0xa3, 0x10, 0xa3, 0x10, 0xa3, 0x10, 0xa3, 0x10, 0xa3, 0x10, 0xa3, 0x10, 0xa3, 0x10, 0xa3, 0x10, 0xa3, 0x10,
    0xa3, 0x10, 0xa3, 0x10, 0xa3, 0x10, 0xa3, 0x10, 0xa3, 0x10, 0xa3, 0x10, 0xa3, 0x10, 0xa3, 0x10, 0xa3, 0x10, 0xa3,
    0x10, 0xa3, 0x10, 0xa3, 0x10, 0xa3, 0x10, 0xa3, 0x10, 0xa3, 0x10, 0xa3, 0x10, 0xa3, 0x10, 0xa3, 0x10, 0xa3, 0x10,
    0xa3, 0x10, 0xa3, 0x10, 0xa3, 0x10, 0xa3, 0x10, 0xa3, 0x10, 0xa3, 0x10, 0xa3, 0x10, 0xa3, 0x10, 0xa3, 0x10, 0xa3,
    0x10, 0xa3, 0x10, 0xa3, 0x10, 0xa3, 0x10, 0xa3, 0x10, 0xa3, 0x10, 0xa3, 0x10, 0xa3, 0x10, 0xa3, 0x10, 0xa3, 0x10,
    0xa3, 0x10, 0xa3, 0x10, 0xa3, 0x10, 0xa3, 0x10, 0xa3, 0x10, 0xa3, 0x10, 0xa3, 0x10, 0xa3, 0x10, 0xa3, 0x10, 0xa3,
    0x10, 0xa3, 0x10, 0xa3, 0x10, 0xa3, 0x10, 0xa3, 0x10, 0xa3, 0x10, 0xa3, 0x10, 0xa3, 0x10, 0xa3, 0x10, 0xa3, 0x10,
    0xa3, 0x10, 0xa3, 0x10, 0xa3, 0x10, 0xa3, 0x10, 0xa3, 0x10, 0xa3, 0x10, 0xa3, 0x10, 0xa3, 0x10, 0xa3, 0x10, 0xa3,
    0x10, 0xa3, 0x10, 0xa3, 0x10, 0xa3, 0x10, 0xa3, 0x10, 0xa3, 0x10, 0xa3, 0x10, 0xa3, 0x10, 0xa3, 0x10, 0xa3, 0x10,
    0xa3, 0x10, 0xa3, 0x10, 0xa3, 0x10, 0xa3, 0x10, 0xa3, 0x10, 0xa3, 0x10, 0xa3, 0x10, 0xa3, 0x10, 0xa3, 0x10, 0xa3,
    0x10, 0xa3, 0x10, 0xa3, 0x10, 0xa3, 0x10, 0xa3, 0x10, 0xa3, 0x10, 0xa3, 0x10, 0xa3, 0x10, 0xa3, 0x10, 0xa3, 0x10,
    0xa3, 0x10, 0xa3, 0x10, 0xa3, 0x10, 0xa3, 0x10, 0xa3, 0x10, 0xa3, 0x10, 0xa3, 0x10, 0xa3, 0x10, 0xa3, 0x10, 0xa3,
    0x10, 0xa3, 0x10, 0xa3, 0x10, 0xa3, 0x10, 0xa3, 0x10, 0xa3, 0x10, 0xa3, 0x10, 0xa3, 0x10, 0xa3, 0x10, 0xa3, 0x10,
    0xa3, 0x10, 0xa3, 0x10, 0xa3, 0x10, 0xa3, 0x10, 0xa3, 0x10, 0xa3, 0x10, 0xa3, 0x10, 0xa3, 0x10, 0xa3, 0x10, 0xa3,
    0x10, 0xa3, 0x10, 0xa3, 0x10, 0xa3, 0x10, 0xa3, 0x10, 0xa3, 0x10, 0xa3, 0x10, 0xa3, 0x10, 0xa3, 0x10, 0xa3, 0x10,
    0xa3, 0x10, 0xa3, 0x10, 0xa3, 0x10, 0xa3, 0x10, 0xa3, 0x10, 0xa3, 0x10, 0xa3, 0x10, 0xa3, 0x10, 0xa3, 0x10, 0xa3,
    0x10, 0xa3, 0x10, 0xa3, 0x10, 0xa3, 0x10, 0xa3, 0x10, 0xa3, 0x10, 0xa3, 0x10, 0xa3, 0x10, 0xa3, 0x10, 0xa3, 0x10,
    0xa3, 0x10, 0xa3, 0x10, 0xa3, 0x10, 0xa3, 0x10, 0xa3, 0x10, 0xa3, 0x10, 0xa3, 0x10, 0xa3, 0x10, 0xa3, 0x10, 0xa3,
    0x10, 0xa3, 0x10, 0xa3, 0x10, 0xa3, 0x10, 0xa3, 0x10, 0xa3, 0x10, 0xa3, 0x10, 0xa3, 0x10, 0xa3, 0x10, 0xa3, 0x10,
    0xa3, 0x10, 0xa3, 0x10, 0xa3, 0x10, 0xa3, 0x10, 0xa3, 0x10, 0xa3, 0x10, 0xa3, 0x10, 0xa3, 0x10, 0xa3, 0x10, 0xa3,
    0x10, 0xa3, 0x10, 0xa3, 0x10, 0xa3, 0x10, 0xa3, 0x10, 0xa3, 0x10, 0xa3, 0x10, 0xa3, 0x10, 0xa3, 0x10, 0xa3, 0x10,
    0xa3, 0x10, 0xa3, 0x10, 0xa3, 0x10, 0xa3, 0x10, 0xa3, 0x10, 0xa3, 0x10, 0xa3, 0x10, 0xa3, 0x10, 0xa3, 0x10, 0xa3,
    0x10, 0xa3, 0x10, 0xa3, 0x10, 0xa3, 0x10, 0xa3, 0x10, 0xa3, 0x10, 0xa3, 0x10, 0xa3, 0x10, 0xa3, 0x10, 0xa3, 0x10,
    0xa3, 0x10, 0xa3, 0x10, 0xa3, 0x10, 0xa3, 0x10, 0xa3, 0x10, 0xa3, 0x10, 0xa3, 0x10, 0xa3, 0x10, 0xa3, 0x10, 0xa3,
    0x10, 0xa3, 0x10, 0xa3, 0x10, 0xa3, 0x10, 0xa3, 0x10, 0xa3, 0x10, 0xa3, 0x10, 0xa3, 0x10, 0xa3, 0x10, 0xa3, 0x10,
    0xa3, 0x10, 0xa3, 0x10, 0xa3, 0x10, 0xa3, 0x10, 0xa3, 0x10, 0xa3, 0x10, 0xa3, 0x10, 0xa3, 0x10, 0xa3, 0x10, 0xa3,
    0x10, 0xa3, 0x10, 0xa3, 0x10, 0xa3, 0x10, 0xa3, 0x10, 0xa3, 0x10, 0xa3, 0x10, 0xa3, 0x10, 0xa3, 0x10, 0xa3, 0x10,
    0xa3, 0x10, 0xa3, 0x10, 0xa3, 0x10, 0xa3, 0x10, 0xa3, 0x10, 0xa3, 0x10, 0xa3, 0x10, 0xa3, 0x10, 0xa3, 0x10, 0xa3,
    0x10, 0xa3, 0x10, 0xa3, 0x10, 0xa3, 0x10, 0xa3, 0x10, 0xa3, 0x10, 0xa3, 0x10, 0xa3, 0x10, 0xa3, 0x10, 0xa3, 0x10,
    0xa3, 0x10, 0xa3, 0x10, 0xa3, 0x10, 0xa3, 0x10, 0xa3, 0x10, 0xa3, 0x10, 0xa3, 0x10, 0xa3, 0x10, 0xa3, 0x10, 0xa3,
    0x10, 0xa3, 0x10, 0xa3, 0x10, 0xa3, 0x10, 0xa3, 0x10, 0xa3, 0x10, 0xa3, 0x10, 0xa3, 0x10, 0xa3, 0x10, 0xa3, 0x10,
    0xa3, 0x10, 0xa3, 0x10, 0xa3, 0x10, 0xa3, 0x10, 0xa3, 0x10, 0xa3, 0x10, 0xa3, 0x10, 0xa3, 0x10, 0xa3, 0x10, 0xa3,
    0x10, 0xa3, 0x10, 0xa3, 0x10, 0xa3, 0x10, 0xa3, 0x10, 0xa3, 0x10, 0xa3, 0x10, 0xa3, 0x10, 0xa3, 0x10, 0xa3, 0x10,
    0xa3, 0x10, 0xa3, 0x10, 0xa3, 0x10, 0xa3, 0x10, 0xa3, 0x10, 0xa3, 0x10, 0xa3, 0x10, 0xa3, 0x10, 0xa3, 0x10, 0xa3,
    0x10, 0xa3, 0x10, 0xa3, 0x10, 0xa3, 0x10, 0xa3, 0x10, 0xa3, 0x10, 0xa3, 0x10, 0xa3, 0x10, 0xa3, 0x10, 0xa3, 0x10,
    0xa3, 0x10, 0xa3, 0x10, 0xa3, 0x10, 0xa3, 0x10, 0xa3, 0x10, 0xa3, 0x10, 0xa3, 0x10, 0xa3, 0x10, 0xa3, 0x10, 0xa3,
    0x10, 0xa3, 0x10, 0xa3, 0x10, 0xa3, 0x10, 0xa3, 0x10, 0xa3, 0x10, 0xa3, 0x10, 0xa3, 0x10, 0xa3, 0x10, 0xa3, 0x10,
    0xa3, 0x10, 0xa3, 0x10, 0xa3, 0x10, 0xa3, 0x10, 0xa3, 0x10, 0xa3, 0x10, 0xa3, 0x10, 0xa3, 0x10, 0xa3, 0x10, 0xa3,
    0x10, 0xa3, 0x10, 0xa3, 0x10, 0xa3, 0x10, 0xa3, 0x10, 0xa3, 0x10, 0xa3, 0x10, 0xa3, 0x10, 0xa3, 0x10, 0xa3, 0x10,
    0xa3, 0x10, 0xa3, 0x10, 0xa3, 0x10, 0xa3, 0x10, 0xa3, 0x10, 0xa3, 0x10, 0xa3, 0x10, 0xa3, 0x10, 0xa3, 0x10, 0xa3,
    0x10, 0xa3, 0x10, 0xa3, 0x10, 0xa3, 0x10, 0xa3, 0x10, 0xa3, 0x10, 0xa3, 0x10, 0xa3, 0x10, 0xa3, 0x10, 0xa3, 0x10,
    0xa3, 0x10, 0xa3, 0x10, 0xa3, 0x10, 0xa3, 0x10, 0xa3, 0x10, 0xa3, 0x10, 0xa3, 0x10, 0xa3, 0x10, 0xa3, 0x10, 0xa3,
    0x10, 0xa3, 0x10, 0xa3, 0x10, 0xa3, 0x10, 0xa3, 0x10, 0xa3, 0x10, 0xa3, 0x10, 0xa3, 0x10, 0xa3, 0x10, 0xa3, 0x10,
    0xa3, 0x10, 0xa3, 0x10, 0xa3, 0x10, 0xa3, 0x10, 0xa3, 0x10, 0xa3, 0x10, 0xa3, 0x10, 0xa3, 0x10, 0xa3, 0x10, 0xa3,
    0x10, 0xa3, 0x10, 0xa3, 0x10, 0xa3, 0x10, 0xa3, 0x10, 0xa3, 0x10, 0xa3, 0x10, 0xa3, 0x10, 0xa3, 0x10, 0xa3, 0x10,
    0xa3, 0x10, 0xa3, 0x10, 0xa3, 0x10, 0xa3, 0x10, 0xa3, 0x10, 0xa3, 0x10, 0xa3, 0x10, 0xa3, 0x10, 0xa3, 0x10, 0xa3,
    0x10, 0xa3, 0x10, 0xa3, 0x10, 0xa3, 0x10, 0xa3, 0x10, 0xa3, 0x10, 0xa3, 0x10, 0xa3, 0x10, 0xa3, 0x10, 0xa3, 0x10,
    0xa3, 0x10, 0xa3, 0x10, 0xa3, 0x10, 0xa3, 0x10, 0xa3, 0x10, 0xa3, 0x10, 0xa3, 0x10, 0xa3, 0x10, 0xa3, 0x10, 0xa3,
    0x10, 0xa3, 0x10, 0xa3, 0x10, 0xa3, 0x10, 0xa3, 0x10, 0xa3, 0x10, 0xa3, 0x10, 0xa3, 0x10, 0xa3, 0x10, 0xa3, 0x10,
    0xa3, 0x10, 0xa3, 0x10, 0xa3, 0x10, 0xa3, 0x10, 0xa3, 0x10, 0xa3, 0x10, 0xa3, 0x10, 0xa3, 0x10, 0xa3, 0x10, 0xa3,
    0x10, 0xa3, 0x10, 0xa3, 0x10, 0xa3, 0x10, 0xa3, 0x10, 0xa3, 0x10, 0xa3, 0x10, 0xa3, 0x10, 0xa3, 0x10, 0xa3, 0x10,
    0xa3, 0x10, 0xa3, 0x10, 0xa3, 0x10, 0xa3, 0x10, 0xa3, 0x10, 0xa3, 0x10, 0xa3, 0x10, 0xa3, 0x10, 0xa3, 0x10, 0xa3,
    0x10, 0xa3, 0x10, 0xa3, 0x10, 0xa3, 0x10, 0xa3, 0x10, 0xa3, 0x10, 0xa3, 0x10, 0xa3, 0x10, 0xa3, 0x10, 0xa3, 0x10,
    0xa3, 0x10, 0xa3, 0x10, 0xa3, 0x10, 0xa3, 0x10, 0xa3, 0x10, 0xa3, 0x10, 0xa3, 0x10, 0xa3, 0x10, 0xa3, 0x10, 0xa3,
    0x10, 0xa3, 0x10, 0xa3, 0x10, 0xa3, 0x10, 0xa3, 0x10, 0xa3, 0x10, 0xa3, 0x10, 0xa3, 0x10, 0xa3, 0x10, 0xa3, 0x10,
    0xa3, 0x10, 0xa3, 0x10, 0xa3, 0x10, 0xa3, 0x10, 0xa3, 0x10, 0xa3, 0x10, 0xa3, 0x10, 0xa3, 0x10, 0xa3, 0x10, 0xa3,
    0x10, 0xa3, 0x10, 0xa3, 0x10, 0xa3, 0x10, 0xa3, 0x10, 0xa3, 0x10, 0xa3, 0x10, 0xa3, 0x10, 0xa3, 0x10, 0xa3, 0x10,
    0xa3, 0x10, 0xa3, 0x10, 0xa3, 0x10, 0xa3, 0x10, 0xa3, 0x10, 0xa3, 0x10, 0xa3, 0x10, 0xa3, 0x10, 0xa3, 0x10, 0xa3,
    0x10, 0xa3, 0x10, 0xa3, 0x10, 0xa3, 0x10, 0xa3, 0x10, 0xa3, 0x10, 0xa3, 0x10, 0xa3, 0x10, 0xa3, 0x10, 0xa3, 0x10,
    0xa3, 0x10, 0xa3, 0x10, 0xa3, 0x10, 0xa3, 0x10, 0xa3, 0x10, 0xa3, 0x10, 0xa3, 0x10, 0xa3, 0x10, 0xa3, 0x10, 0xa3,
    0x10, 0xa3, 0x10, 0xa3, 0x10, 0xa3, 0x10, 0xa3, 0x10, 0xa3, 0x10, 0xa3, 0x10, 0xa3, 0x10, 0xa3, 0x10, 0xa3, 0x10,
    0xa3, 0x10, 0xa3, 0x10, 0xa3, 0x10, 0xa3, 0x10, 0xa3, 0x10, 0xa3, 0x10, 0xa3, 0x10, 0xa3, 0x10, 0xa3, 0x10, 0xa3,
    0x10, 0xa3, 0x10, 0xa3, 0x10, 0xa3, 0x10, 0xa3, 0x10, 0xa3, 0x10, 0xa3, 0x10, 0xa3, 0x10, 0xa3, 0x10, 0xa3, 0x10,
    0xa3, 0x10, 0xa3, 0x10, 0xa3, 0x10, 0xa3, 0x10, 0xa3, 0x10, 0xa3, 0x10, 0xa3, 0x10, 0xa3, 0x10, 0xa3, 0x10, 0xa3,
    0x10, 0xa3, 0x10, 0xa3, 0x10, 0xa3, 0x10, 0xa3, 0x10, 0xa3, 0x10, 0xa3, 0x10, 0xa3, 0x10, 0xa3, 0x10, 0xa3, 0x10,
    0xa3, 0x10, 0xa3, 0x10, 0xa3, 0x10, 0xa3, 0x10, 0xa3, 0x10, 0xa3, 0x10, 0xa3, 0x10, 0xa3, 0x10, 0xa3, 0x10, 0xa3,
    0x10, 0xa3, 0x10, 0xa3, 0x10, 0xa3, 0x10, 0xa3, 0x10, 0xa3, 0x10, 0xa3, 0x10, 0xa3, 0x10, 0xa3, 0x10, 0xa3, 0x10,
    0xa3, 0x10, 0xa3, 0x10, 0xa3, 0x10, 0xa3, 0x10, 0xa3, 0x10, 0xa3, 0x10, 0xa3, 0x10, 0xa3, 0x10, 0xa3, 0x10, 0xa3,
    0x10, 0xa3, 0x10, 0xa3, 0x10, 0xa3, 0x10, 0xa3, 0x10, 0xa3, 0x10, 0xa3, 0x10, 0xa3, 0x10, 0xa3, 0x10, 0xa3, 0x10,
    0xa3, 0x10, 0xa3, 0x10, 0xa3, 0x10, 0xa3, 0x10, 0xa3, 0x10, 0xa3, 0x10, 0xa3, 0x10, 0xa3, 0x10, 0xa3, 0x10, 0xa3,
    0x10, 0xa3, 0x10, 0xa3, 0x10, 0xa3, 0x10, 0xa3, 0x10, 0xa3, 0x10, 0xa3, 0x10, 0xa3, 0x10, 0xa3, 0x10, 0xa3, 0x10,
    0xa3, 0x10, 0xa3, 0x10, 0xa3, 0x10, 0xa3, 0x10, 0xa3, 0x10, 0xa3, 0x10, 0xa3, 0x10, 0xa3, 0x10, 0xa3, 0x10, 0xa3,
    0x10, 0xa3, 0x10, 0xa3, 0x10, 0xa3, 0x10, 0xa3, 0x10, 0xa3, 0x10, 0xa3, 0x10, 0xa3, 0x10, 0xa3, 0x10, 0xa3, 0x10,
    0xa3, 0x10, 0xa3, 0x10, 0xa3, 0x10, 0xa3, 0x10, 0xa3, 0x10, 0xa3, 0x10, 0xa3, 0x10, 0xa3, 0x10, 0xa3, 0x10, 0xa3,
    0x10, 0xa3, 0x10, 0xa3, 0x10, 0xa3, 0x10, 0xa3, 0x10, 0xa3, 0x10, 0xa3, 0x10, 0xa3, 0x10, 0xa3, 0x10, 0xa3, 0x10,
    0xa3, 0x10, 0xa3, 0x10, 0xa3, 0x10, 0xa3, 0x10, 0xa3, 0x10, 0xa3, 0x10, 0xa3, 0x10, 0xa3, 0x10, 0xa3, 0x10, 0xa3,
    0x10, 0xa3, 0x10, 0xa3, 0x10, 0xa3, 0x10, 0xa3, 0x10, 0xa3, 0x10, 0xa3, 0x10, 0xa3, 0x10, 0xa3, 0x10, 0xa3, 0x10,
    0xa3, 0x10, 0xa3, 0x10, 0xa3, 0x10, 0xa3, 0x10, 0xa3, 0x10, 0xa3, 0x10, 0xa3, 0x10, 0xa3, 0x10, 0xa3, 0x10, 0xa3,
    0x10, 0xa3, 0x10, 0xa3, 0x10, 0xa3, 0x10, 0xa3, 0x10, 0xa3, 0x10, 0xa3, 0x10, 0xa3, 0x10, 0xa3, 0x10, 0xa3, 0x10,
    0xa3, 0x10, 0xa3, 0x10, 0xa3, 0x10, 0xa3, 0x10, 0xa3, 0x10, 0xa3, 0x10, 0xa3, 0x10, 0xa3, 0x10, 0xa3, 0x10, 0xa3,
    0x10, 0xa3, 0x10, 0xa3, 0x10, 0xa3, 0x10, 0xa3, 0x10, 0xa3, 0x10, 0xa3, 0x10, 0xa3, 0x10, 0xa3, 0x10, 0xa3, 0x10,
    0xa3, 0x10, 0xa3, 0x10, 0xa3, 0x10, 0xa3, 0x10, 0xa3, 0x10, 0xa3, 0x10, 0xa3, 0x10, 0xa3, 0x10, 0xa3, 0x10, 0xa3,
    0x10, 0xa3, 0x10, 0xa3, 0x10, 0xa3, 0x10, 0xa3, 0x10, 0xa3, 0x10, 0xa3, 0x10, 0xa3, 0x10, 0xa3, 0x10, 0xa3, 0x10,
    0xa3, 0x10, 0xa3, 0x10, 0xa3, 0x10, 0xa3, 0x10, 0xa3, 0x10, 0xa3, 0x10, 0xa3, 0x10, 0xa3, 0x10, 0xa3, 0x10, 0xa3,
    0x10, 0xa3, 0x10, 0xa3, 0x10, 0xa3, 0x10, 0xa3, 0x10, 0xa3, 0x10, 0xa3, 0x10, 0xa3, 0x10, 0xa3, 0x10, 0xa3, 0x10,
    0xa3, 0x10, 0xa3, 0x10, 0xa3, 0x10, 0xa3, 0x10, 0xa3, 0x10, 0xa3, 0x10, 0xa3, 0x10, 0xa3, 0x10, 0xa3, 0x10, 0xa3,
    0x10, 0xa3, 0x10, 0xa3, 0x10, 0xa3, 0x10, 0xa3, 0x10, 0xa3, 0x10, 0xa3, 0x10, 0xa3, 0x10, 0xa3, 0x10, 0xa3, 0x10,
    0xa3, 0x10, 0xa3, 0x10, 0xa3, 0x10, 0xa3, 0x10, 0xa3, 0x10, 0xa3, 0x10, 0xa3, 0x10, 0xa3, 0x10, 0xa3, 0x10, 0xa3,
    0x10, 0xa3, 0x10, 0xa3, 0x10, 0xa3, 0x10, 0xa3, 0x10, 0xa3, 0x10, 0xa3, 0x10, 0xa3, 0x10, 0xa3, 0x10, 0xa3, 0x10,
    0xa3, 0x10, 0xa3, 0x10, 0xa3, 0x10, 0xa3, 0x10, 0xa3, 0x10, 0xa3, 0x10, 0xa3, 0x10, 0xa3, 0x10, 0xa3, 0x10, 0xa3,
    0x10, 0xa3, 0x10, 0xa3, 0x10, 0xa3, 0x10, 0xa3, 0x10, 0xa3, 0x10, 0xa3, 0x10, 0xa3, 0x10, 0xa3, 0x10, 0xa3, 0x10,
    0xa3, 0x10, 0xa3, 0x10, 0xa3, 0x10, 0xa3, 0x10, 0xa3, 0x10, 0xa3, 0x10, 0xa3, 0x10, 0xa3, 0x10, 0xa3, 0x10, 0xa3,
    0x10, 0xa3, 0x10, 0xa3, 0x10, 0xa3, 0x10, 0xa3, 0x10, 0xa3, 0x10, 0xa3, 0x10, 0xa3, 0x10, 0xa3, 0x10, 0xa3, 0x10,
    0xa3, 0x10, 0xa3, 0x10, 0xa3, 0x10, 0xa3, 0x10, 0xa3, 0x10, 0xa3, 0x10, 0xa3, 0x10, 0xa3, 0x10, 0xa3, 0x10, 0xa3,
    0x10, 0xa3, 0x10, 0xa3, 0x10, 0xa3, 0x10, 0xa3, 0x10, 0xa3, 0x10, 0xa3, 0x10, 0xa3, 0x10, 0xa3, 0x10, 0xa3, 0x10,
    0xa3, 0x10, 0xa3, 0x10, 0xa3, 0x10, 0xa3, 0x10, 0xa3, 0x10, 0xa3, 0x10, 0xa3, 0x10, 0xa3, 0x10, 0xa3, 0x10, 0xa3,
    0x10, 0xa3, 0x10, 0xa3, 0x10, 0xa3, 0x10, 0xa3, 0x10, 0xa3, 0x10, 0xa3, 0x10, 0xa3, 0x10, 0xa3, 0x10, 0xa3, 0x10,
    0xa3, 0x10, 0xa3, 0x10, 0xa3, 0x10, 0xa3, 0x10, 0xa3, 0x10, 0xa3, 0x10, 0xa3, 0x10, 0xa3, 0x10, 0xa3, 0x10, 0xa3,
    0x10, 0xa3, 0x10, 0xa3, 0x10, 0xa3, 0x10, 0xa3, 0x10, 0xa3, 0x10, 0xa3, 0x10, 0xa3, 0x10, 0xa3, 0x10, 0xa3, 0x10,
    0xa3, 0x10, 0xa3, 0x10, 0xa3, 0x10, 0xa3, 0x10, 0xa3, 0x10, 0xa3, 0x10, 0xa3, 0x10, 0xa3, 0x10, 0xa3, 0x10, 0xa3,
    0x10, 0xa3, 0x10, 0xa3, 0x10, 0xa3, 0x10, 0xa3, 0x10, 0xa3, 0x10, 0xa3, 0x10, 0xa3, 0x10, 0xa3, 0x10, 0xa3, 0x10,
    0xa3, 0x10, 0xa3, 0x10, 0xa3, 0x10, 0xa3, 0x10, 0xa3, 0x10, 0xa3, 0x10, 0xa3, 0x10, 0xa3, 0x10, 0xa3, 0x10, 0xa3,
    0x10, 0xa3, 0x10, 0xa3, 0x10, 0xa3, 0x10, 0xa3, 0x10, 0xa3, 0x10, 0xa3, 0x10, 0xa3, 0x10, 0xa3, 0x10, 0xa3, 0x10,
    0xa3, 0x10, 0xa3, 0x10, 0xa3, 0x10, 0xa3, 0x10, 0xa3, 0x10, 0xa3, 0x10, 0xa3, 0x10, 0xa3, 0x10, 0xa3, 0x10, 0xa3,
    0x10, 0xa3, 0x10, 0xa3, 0x10, 0xa3, 0x10, 0xa3, 0x10, 0xa3, 0x10, 0xa3, 0x10, 0xa3, 0x10, 0xa3, 0x10, 0xa3, 0x10,
    0xa3, 0x10, 0xa3, 0x10, 0xa3, 0x10, 0xa3, 0x10, 0xa3, 0x10, 0xa3, 0x10, 0xa3, 0x10, 0xa3, 0x10, 0xa3, 0x10, 0xa3,
    0x10, 0xa3, 0x10, 0xa3, 0x10, 0xa3, 0x10, 0xa3, 0x10, 0xa3, 0x10, 0xa3, 0x10, 0xa3, 0x10, 0xa3, 0x10, 0xa3, 0x10,
    0xa3, 0x10, 0xa3, 0x10, 0xa3, 0x10, 0xa3, 0x10, 0xa3, 0x10, 0xa3, 0x10, 0xa3, 0x10, 0xa3, 0x10, 0xa3, 0x10, 0xa3,
    0x10, 0xa3, 0x10, 0xa3, 0x10, 0xa3, 0x10, 0xa3, 0x10, 0xa3, 0x10, 0xa3, 0x10, 0xa3, 0x10, 0xa3, 0x10, 0xa3, 0x10,
    0xa3, 0x10, 0xa3, 0x10, 0xa3, 0x10, 0xa3, 0x10, 0xa3, 0x10, 0xa3, 0x10, 0xa3, 0x10, 0xa3, 0x10, 0xa3, 0x10, 0xa3,
    0x10, 0xa3, 0x10, 0xa3, 0x10, 0xa3, 0x10, 0xa3, 0x10, 0xa3, 0x10, 0xa3, 0x10, 0xa3, 0x10, 0xa3, 0x10, 0xa3, 0x10,
    0xa3, 0x10, 0xa3, 0x10, 0xa3, 0x10, 0xa3, 0x10, 0xa3, 0x10, 0xa3, 0x10, 0xa3, 0x10, 0xa3, 0x10, 0xa3, 0x10, 0xa3,
    0x10, 0xa3, 0x10, 0xa3, 0x10, 0xa3, 0x10, 0xa3, 0x10, 0xa3, 0x10, 0xa3, 0x10, 0xa3, 0x10, 0xa3, 0x10, 0xa3, 0x10,
    0xa3, 0x10, 0xa3, 0x10, 0xa3, 0x10, 0xa3, 0x10, 0xa3, 0x10, 0xa3, 0x10, 0xa3, 0x10, 0xa3, 0x10, 0xa3, 0x10, 0xa3,
    0x10, 0xa3, 0x10, 0xa3, 0x10, 0xa3, 0x10, 0xa3, 0x10, 0xa3, 0x10, 0xa3, 0x10, 0xa3, 0x10, 0xa3, 0x10, 0xa3, 0x10,
    0xa3, 0x10, 0xa3, 0x10, 0xa3, 0x10, 0xa3, 0x10, 0xa3, 0x10, 0xa3, 0x10, 0xa3, 0x10, 0xa3, 0x10, 0xa3, 0x10, 0xa3,
    0x10, 0xa3, 0x10, 0xa3, 0x10, 0xa3, 0x10, 0xa3, 0x10, 0xa3, 0x10, 0xa3, 0x10, 0xa3, 0x10, 0xa3, 0x10, 0xa3, 0x10,
    0xa3, 0x10, 0xa3, 0x10, 0xa3, 0x10, 0xa3, 0x10, 0xa3, 0x10, 0xa3, 0x10, 0xa3, 0x10, 0xa3, 0x10, 0xa3, 0x10, 0xa3,
    0x10, 0xa3, 0x10, 0xa3, 0x10, 0xa3, 0x10, 0xa3, 0x10, 0xa3, 0x10, 0xa3, 0x10, 0xa3, 0x10, 0xa3, 0x10, 0xa3, 0x10,
    0xa3, 0x10, 0xa3, 0x10, 0xa3, 0x10, 0xa3, 0x10, 0xa3, 0x10, 0xa3, 0x10, 0xa3, 0x10, 0xa3, 0x10, 0xa3, 0x10, 0xa3,
    0x10, 0xa3, 0x10, 0xa3, 0x10, 0xa3, 0x10, 0xa3, 0x10, 0xa3, 0x10, 0xa3, 0x10, 0xa3, 0x10, 0xa3, 0x10, 0xa3, 0x10,
    0xa3, 0x10, 0xa3, 0x10, 0xa3, 0x10, 0xa3, 0x10, 0xa3, 0x10, 0xa3, 0x10, 0xa3, 0x10, 0xa3, 0x10, 0xa3, 0x10, 0xa3,
    0x10, 0xa3, 0x10, 0xa3, 0x10, 0xa3, 0x10, 0xa3, 0x10, 0xa3, 0x10, 0xa3, 0x10, 0xa3, 0x10, 0xa3, 0x10, 0xa3, 0x10,
    0xa3, 0x10, 0xa3, 0x10, 0xa3, 0x10, 0xa3, 0x10, 0xa3, 0x10, 0xa3, 0x10, 0xa3, 0x10, 0xa3, 0x10, 0xa3, 0x10, 0xa3,
    0x10, 0xa3, 0x10, 0xa3, 0x10, 0xa3, 0x10, 0xa3, 0x10, 0xa3, 0x10, 0xa3, 0x10, 0xa3, 0x10, 0xa3, 0x10, 0xa3, 0x10,
    0xa3, 0x10, 0xa3, 0x10, 0xa3, 0x10, 0xa3, 0x10, 0xa3, 0x10, 0xa3, 0x10, 0xa3, 0x10, 0xa3, 0x10, 0xa3, 0x10, 0xa3,
    0x10, 0xa3, 0x10, 0xa3, 0x10, 0xa3, 0x10, 0xa3, 0x10, 0xa3, 0x10, 0xa3, 0x10, 0xa3, 0x10, 0xa3, 0x10, 0xa3, 0x10,
    0xa3, 0x10, 0xa3, 0x10, 0xa3, 0x10, 0xa3, 0x10, 0xa3, 0x10, 0xa3, 0x10, 0xa3, 0x10, 0xa3, 0x10, 0xa3, 0x10, 0xa3,
    0x10, 0xa3, 0x10, 0xa3, 0x10, 0xa3, 0x10, 0xa3, 0x10, 0xa3, 0x10, 0xa3, 0x10, 0xa3, 0x10, 0xa3, 0x10, 0xa3, 0x10,
    0xa3, 0x10, 0xa3, 0x10, 0xa3, 0x10, 0xa3, 0x10, 0xa3, 0x10, 0xa3, 0x10, 0xa3, 0x10, 0xa3, 0x10, 0xa3, 0x10, 0xa3,
    0x10, 0xa3, 0x10, 0xa3, 0x10, 0xa3, 0x10, 0xa3, 0x10, 0xa3, 0x10, 0xa3, 0x10, 0xa3, 0x10, 0xa3, 0x10, 0xa3, 0x10,
    0xa3, 0x10, 0xa3, 0x10, 0xa3, 0x10, 0xa3, 0x10, 0xa3, 0x10, 0xa3, 0x10, 0xa3, 0x10, 0xa3, 0x10, 0xa3, 0x10, 0xa3,
    0x10, 0xa3, 0x10, 0xa3, 0x10, 0xa3, 0x10, 0xa3, 0x10, 0xa3, 0x10, 0xa3, 0x10, 0xa3, 0x10, 0xa3, 0x10, 0xa3, 0x10,
    0xa3, 0x10, 0xa3, 0x10, 0xa3, 0x10, 0xa3, 0x10, 0xa3, 0x10, 0xa3, 0x10, 0xa3, 0x10, 0xa3, 0x10, 0xa3, 0x10, 0xa3,
    0x10, 0xa3, 0x10, 0xa3, 0x10, 0xa3, 0x10, 0xa3, 0x10, 0xa3, 0x10, 0xa3, 0x10, 0xa3, 0x10, 0xa3, 0x10, 0xa3, 0x10,
    0xa3, 0x10, 0xa3, 0x10, 0xa3, 0x10, 0xa3, 0x10, 0xa3, 0x10, 0xa3, 0x10, 0xa3, 0x10, 0xa3, 0x10, 0xa3, 0x10, 0xa3,
    0x10, 0xa3, 0x10, 0xa3, 0x10, 0xa3, 0x10, 0xa3, 0x10, 0xa3, 0x10, 0xa3, 0x10, 0xa3, 0x10, 0xa3, 0x10, 0xa3, 0x10,
    0xa3, 0x10, 0xa3, 0x10, 0xa3, 0x10, 0xa3, 0x10, 0xa3, 0x10, 0xa3, 0x10, 0xa3, 0x10, 0xa3, 0x10, 0xa3, 0x10, 0xa3,
    0x10, 0xa3, 0x10, 0xa3, 0x10, 0xa3, 0x10, 0xa3, 0x10, 0xa3, 0x10, 0xa3, 0x10, 0xa3, 0x10, 0xa3, 0x10, 0xa3, 0x10,
    0xa3, 0x10, 0xa3, 0x10, 0xa3, 0x10, 0xa3, 0x10, 0xa3, 0x10, 0xa3, 0x10, 0xa3, 0x10, 0xa3, 0x10, 0xa3, 0x10, 0xa3,
    0x10, 0xa3, 0x10, 0xa3, 0x10, 0xa3, 0x10, 0xa3, 0x10, 0xa3, 0x10, 0xa3, 0x10, 0xa3, 0x10, 0xa3, 0x10, 0xa3, 0x10,
    0xa3, 0x10, 0xa3, 0x10, 0xa3, 0x10, 0xa3, 0x10, 0xa3, 0x10, 0xa3, 0x10, 0xa3, 0x10, 0xa3, 0x10, 0xa3, 0x10, 0xa3,
    0x10, 0xa3, 0x10, 0xa3, 0x10, 0xa3, 0x10, 0xa3, 0x10, 0xa3, 0x10, 0xa3, 0x10, 0xa3, 0x10, 0xa3, 0x10, 0xa3, 0x10,
    0xa3, 0x10, 0xa3, 0x10, 0xa3, 0x10, 0xa3, 0x10, 0xa3, 0x10, 0xa3, 0x10, 0xa3, 0x10, 0xa3, 0x10, 0xa3, 0x10, 0xa3,
    0x10, 0xa3, 0x10, 0xa3, 0x10, 0xa3, 0x10, 0xa3, 0x10, 0xa3, 0x10, 0xa3, 0x10, 0xa3, 0x10, 0xa3, 0x10, 0xa3, 0x10,
    0xa3, 0x10, 0xa3, 0x10, 0xa3, 0x10, 0xa3, 0x10, 0xa3, 0x10, 0xa3, 0x10, 0xa3, 0x10, 0xa3, 0x10, 0xa3, 0x10, 0xa3,
    0x10, 0xa3, 0x10, 0xa3, 0x10, 0xa3, 0x10, 0xa3, 0x10, 0xa3, 0x10, 0xa3, 0x10, 0xa3, 0x10, 0xa3, 0x10, 0xa3, 0x10,
    0xa3, 0x10, 0xa3, 0x10, 0xa3, 0x10, 0xa3, 0x10, 0xa3, 0x10, 0xa3, 0x10, 0xa3, 0x10, 0xa3, 0x10, 0xa3, 0x10, 0xa3,
    0x10, 0xa3, 0x10, 0xa3, 0x10, 0xa3, 0x10, 0xa3, 0x10, 0xa3, 0x10, 0xa3, 0x10, 0xa3, 0x10, 0xa3, 0x10, 0xa3, 0x10,
    0xa3, 0x10, 0xa3, 0x10, 0xa3, 0x10, 0xa3, 0x10, 0xa3, 0x10, 0xa3, 0x10, 0xa3, 0x10, 0xa3, 0x10, 0xa3, 0x10, 0xa3,
    0x10, 0xa3, 0x10, 0xa3, 0x10, 0xa3, 0x10, 0xa3, 0x10, 0xa3, 0x10, 0xa3, 0x10, 0xa3, 0x10, 0xa3, 0x10, 0xa3, 0x10,
    0xa3, 0x10, 0xa3, 0x10, 0xa3, 0x10, 0xa3, 0x10, 0xa3, 0x10, 0xa3, 0x10, 0xa3, 0x10, 0xa3, 0x10, 0xa3, 0x10, 0xa3,
    0x10, 0xa3, 0x10, 0xa3, 0x10, 0xa3, 0x10, 0xa3, 0x10, 0xa3, 0x10, 0xa3, 0x10, 0xa3, 0x10, 0xa3, 0x10, 0xa3, 0x10,
    0xa3, 0x10, 0xa3, 0x10, 0xa3, 0x10, 0xa3, 0x10, 0xa3, 0x10, 0xa3, 0x10, 0xa3, 0x10, 0xa3, 0x10, 0xa3, 0x10, 0xa3,
    0x10, 0xa3, 0x10, 0xa3, 0x10, 0xa3, 0x10, 0xa3, 0x10, 0xa3, 0x10, 0xa3, 0x10, 0xa3, 0x10, 0xa3, 0x10, 0xa3, 0x10,
    0xa3, 0x10, 0xa3, 0x10, 0xa3, 0x10, 0xa3, 0x10, 0xa3, 0x10, 0xa3, 0x10, 0xa3, 0x10, 0xa3, 0x10, 0xa3, 0x10, 0xa3,
    0x10, 0xa3, 0x10, 0xa3, 0x10, 0xa3, 0x10, 0xa3, 0x10, 0xa3, 0x10, 0xa3, 0x10, 0xa3, 0x10, 0xa3, 0x10, 0xa3, 0x10,
    0xa3, 0x10, 0xa3, 0x10, 0xa3, 0x10, 0xa3, 0x10, 0xa3, 0x10, 0xa3, 0x10, 0xa3, 0x10, 0xa3, 0x10, 0xa3, 0x10, 0xa3,
    0x10, 0xa3, 0x10, 0xa3, 0x10, 0xa3, 0x10, 0xa3, 0x10, 0xa3, 0x10, 0xa3, 0x10, 0xa3, 0x10, 0xa3, 0x10, 0xa3, 0x10,
    0xa3, 0x10, 0xa3, 0x10, 0xa3, 0x10, 0xa3, 0x10, 0xa3, 0x10, 0xa3, 0x10, 0xa3, 0x10, 0xa3, 0x10, 0xa3, 0x10, 0xa3,
    0x10, 0xa3, 0x10, 0xa3, 0x10, 0xa3, 0x10, 0xa3, 0x10, 0xa3, 0x10, 0xa3, 0x10, 0xa3, 0x10, 0xa3, 0x10, 0xa3, 0x10,
    0xa3, 0x10, 0xa3, 0x10, 0xa3, 0x10, 0xa3, 0x10, 0xa3, 0x10, 0xa3, 0x10, 0xa3, 0x10, 0xa3, 0x10, 0xa3, 0x10, 0xa3,
    0x10, 0xa3, 0x10, 0xa3, 0x10, 0xa3, 0x10, 0xa3, 0x10, 0xa3, 0x10, 0xa3, 0x10, 0xa3, 0x10, 0xa3, 0x10, 0xa3, 0x10,
    0xa3, 0x10, 0xa3, 0x10, 0xa3, 0x10, 0xa3, 0x10, 0xa3, 0x10, 0xa3, 0x10, 0xa3, 0x10, 0xa3, 0x10, 0xa3, 0x10, 0xa3,
    0x10, 0xa3, 0x10, 0xa3, 0x10, 0xa3, 0x10, 0xa3, 0x10, 0xa3, 0x10, 0xa3, 0x10, 0xa3, 0x10, 0xa3, 0x10, 0xa3, 0x10,
    0xa3, 0x10, 0xa3, 0x10, 0xa3, 0x10, 0xa3, 0x10, 0xa3, 0x10, 0xa3, 0x10, 0xa3, 0x10, 0xa3, 0x10, 0xa3, 0x10, 0xa3,
    0x10, 0xa3, 0x10, 0xa3, 0x10, 0xa3, 0x10, 0xa3, 0x10, 0xa3, 0x10, 0xa3, 0x10, 0xa3, 0x10, 0xa3, 0x10, 0xa3, 0x10,
    0xa3, 0x10, 0xa3, 0x10, 0xa3, 0x10, 0xa3, 0x10, 0xa3, 0x10, 0xa3, 0x10, 0xa3, 0x10, 0xa3, 0x10, 0xa3, 0x10, 0xa3,
    0x10, 0xa3, 0x10, 0xa3, 0x10, 0xa3, 0x10, 0xa3, 0x10, 0xa3, 0x10, 0xa3, 0x10, 0xa3, 0x10, 0xa3, 0x10, 0xa3, 0x10,
    0xa3, 0x10, 0xa3, 0x10, 0xa3, 0x10, 0xa3, 0x10, 0xa3, 0x10, 0xa3, 0x10, 0xa3, 0x10, 0xa3, 0x10, 0xa3, 0x10, 0xa3,
    0x10, 0xa3, 0x10, 0xa3, 0x10, 0xa3, 0x10, 0xa3, 0x10, 0xa3, 0x10, 0xa3, 0x10, 0xa3, 0x10, 0xa3, 0x10, 0xa3, 0x10,
    0xa3, 0x10, 0xa3, 0x10, 0xa3, 0x10, 0xa3, 0x10, 0xa3, 0x10, 0xa3, 0x10, 0xa3, 0x10, 0xa3, 0x10, 0xa3, 0x10, 0xa3,
    0x10, 0xa3, 0x10, 0xa3, 0x10, 0xa3, 0x10, 0xa3, 0x10, 0xa3, 0x10, 0xa3, 0x10, 0xa3, 0x10, 0xa3, 0x10, 0xa3, 0x10,
    0xa3, 0x10, 0xa3, 0x10, 0xa3, 0x10, 0xa3, 0x10, 0xa3, 0x10, 0xa3, 0x10, 0xa3, 0x10, 0xa3, 0x10, 0xa3, 0x10, 0xa3,
    0x10, 0xa3, 0x10, 0xa3, 0x10, 0xa3, 0x10, 0xa3, 0x10, 0xa3, 0x10, 0xa3, 0x10, 0xa3, 0x10, 0xa3, 0x10, 0xa3, 0x10,
    0xa3, 0x10, 0xa3, 0x10, 0xa3, 0x10, 0xa3, 0x10, 0xa3, 0x10, 0xa3, 0x10, 0xa3, 0x10, 0xa3, 0x10, 0xa3, 0x10, 0xa3,
    0x10, 0xa3, 0x10, 0xa3, 0x10, 0xa3, 0x10, 0xa3, 0x10, 0xa3, 0x10, 0xa3, 0x10, 0xa3, 0x10, 0xa3, 0x10, 0xa3, 0x10,
    0xa3, 0x10, 0xa3, 0x10, 0xa3, 0x10, 0xa3, 0x10, 0xa3, 0x10, 0xa3, 0x10, 0xa3, 0x10, 0xa3, 0x10, 0xa3, 0x10, 0xa3,
    0x10, 0xa3, 0x10, 0xa3, 0x10, 0xa3, 0x10, 0xa3, 0x10, 0xa3, 0x10, 0xa3, 0x10, 0xa3, 0x10, 0xa3, 0x10, 0xa3, 0x10,
    0xa3, 0x10, 0xa3, 0x10, 0xa3, 0x10, 0xa3, 0x10, 0xa3, 0x10, 0xa3, 0x10, 0xa3, 0x10, 0xa3, 0x10, 0xa3, 0x10, 0xa3,
    0x10, 0xa3, 0x10, 0xa3, 0x10, 0xa3, 0x10, 0xa3, 0x10, 0xa3, 0x10, 0xa3, 0x10, 0xa3, 0x10, 0xa3, 0x10, 0xa3, 0x10,
    0xa3, 0x10, 0xa3, 0x10, 0xa3, 0x10, 0xa3, 0x10, 0xa3, 0x10, 0xa3, 0x10, 0xa3, 0x10, 0xa3, 0x10, 0xa3, 0x10, 0xa3,
    0x10, 0xa3, 0x10, 0xa3, 0x10, 0xa3, 0x10, 0xa3, 0x10, 0xa3, 0x10, 0xa3, 0x10, 0xa3, 0x10, 0xa3, 0x10, 0xa3, 0x10,
    0xa3, 0x10, 0xa3, 0x10, 0xa3, 0x10, 0xa3, 0x10, 0xa3, 0x10, 0xa3, 0x10, 0xa3, 0x10, 0xa3, 0x10, 0xa3, 0x10, 0xa3,
    0x10, 0xa3, 0x10, 0xa3, 0x10, 0xa3, 0x10, 0xa3, 0x10, 0xa3, 0x10, 0xa3, 0x10, 0xa3, 0x10, 0xa3, 0x10, 0xa3, 0x10,
    0xa3, 0x10, 0xa3, 0x10, 0xa3, 0x10, 0xa3, 0x10, 0xa3, 0x10, 0xa3, 0x10, 0xa3, 0x10, 0xa3, 0x10, 0xa3, 0x10, 0xa3,
    0x10, 0xa3, 0x10, 0xa3, 0x10, 0xa3, 0x10, 0xa3, 0x10, 0xa3, 0x10, 0xa3, 0x10, 0xa3, 0x10, 0xa3, 0x10, 0xa3, 0x10,
    0xa3, 0x10, 0xa3, 0x10, 0xa3, 0x10, 0xa3, 0x10, 0xa3, 0x10, 0xa3, 0x10, 0xa3, 0x10, 0xa3, 0x10, 0xa3, 0x10, 0xa3,
    0x10, 0xa3, 0x10, 0xa3, 0x10, 0xa3, 0x10, 0xa3, 0x10, 0xa3, 0x10, 0xa3, 0x10, 0xa3, 0x10, 0xa3, 0x10, 0xa3, 0x10,
    0xa3, 0x10, 0xa3, 0x10, 0xa3, 0x10, 0xa3, 0x10, 0xa3, 0x10, 0xa3, 0x10, 0xa3, 0x10, 0xa3, 0x10, 0xa3, 0x10, 0xa3,
    0x10, 0xa3, 0x10, 0xa3, 0x10, 0xa3, 0x10, 0xa3, 0x10, 0xa3, 0x10, 0xa3, 0x10, 0xa3, 0x10, 0xa3, 0x10, 0xa3, 0x10,
    0xa3, 0x10, 0xa3, 0x10, 0xa3, 0x10, 0xa3, 0x10, 0xa3, 0x10, 0xa3, 0x10, 0xa3, 0x10, 0xa3, 0x10, 0xa3, 0x10, 0xa3,
    0x10, 0xa3, 0x10, 0xa3, 0x10, 0xa3, 0x10, 0xa3, 0x10, 0xa3, 0x10, 0xa3, 0x10, 0xa3, 0x10, 0xa3, 0x10, 0xa3, 0x10,
    0xa3, 0x10, 0xa3, 0x10, 0xa3, 0x10, 0xa3, 0x10, 0xa3, 0x10, 0xa3, 0x10, 0xa3, 0x10, 0xa3, 0x10, 0xa3, 0x10, 0xa3,
    0x10, 0xa3, 0x10, 0xa3, 0x10, 0xa3, 0x10, 0xa3, 0x10, 0xa3, 0x10, 0xa3, 0x10, 0xa3, 0x10, 0xa3, 0x10, 0xa3, 0x10,
    0xa3, 0x10, 0xa3, 0x10, 0xa3, 0x10, 0xa3, 0x10, 0xa3, 0x10, 0xa3, 0x10, 0xa3, 0x10, 0xa3, 0x10, 0xa3, 0x10, 0xa3,
    0x10, 0xa3, 0x10, 0xa3, 0x10, 0xa3, 0x10, 0xa3, 0x10, 0xa3, 0x10, 0xa3, 0x10, 0xa3, 0x10, 0xa3, 0x10, 0xa3, 0x10,
    0xa3, 0x10, 0xa3, 0x10, 0xa3, 0x10, 0xa3, 0x10, 0xa3, 0x10, 0xa3, 0x10, 0xa3, 0x10, 0xa3, 0x10, 0xa3, 0x10, 0xa3,
    0x10, 0xa3, 0x10, 0xa3, 0x10, 0xa3, 0x10, 0xa3, 0x10, 0xa3, 0x10, 0xa3, 0x10, 0xa3, 0x10, 0xa3, 0x10, 0xa3, 0x10,
    0xa3, 0x10, 0xa3, 0x10, 0xa3, 0x10, 0xa3, 0x10, 0xa3, 0x10, 0xa3, 0x10, 0xa3, 0x10, 0xa3, 0x10, 0xa3, 0x10, 0xa3,
    0x10, 0xa3, 0x10, 0xa3, 0x10, 0xa3, 0x10, 0xa3, 0x10, 0xa3, 0x10, 0xa3, 0x10, 0xa3, 0x10, 0xa3, 0x10, 0xa3, 0x10,
    0xa3, 0x10, 0xa3, 0x10, 0xa3, 0x10, 0xa3, 0x10, 0xa3, 0x10, 0xa3, 0x10, 0xa3, 0x10, 0xa3, 0x10, 0xa3, 0x10, 0xa3,
    0x10, 0xa3, 0x10, 0xa3, 0x10, 0xa3, 0x10, 0xa3, 0x10, 0xa3, 0x10, 0xa3, 0x10, 0xa3, 0x10, 0xa3, 0x10, 0xa3, 0x10,
    0xa3, 0x10, 0xa3, 0x10, 0xa3, 0x10, 0xa3, 0x10, 0xa3, 0x10, 0xa3, 0x10, 0xa3, 0x10, 0xa3, 0x10, 0xa3, 0x10, 0xa3,
    0x10, 0xa3, 0x10, 0xa3, 0x10, 0xa3, 0x10, 0xa3, 0x10, 0xa3, 0x10, 0xa3, 0x10, 0xa3, 0x10, 0xa3, 0x10, 0xa3, 0x10,
    0xa3, 0x10, 0xa3, 0x10, 0xa3, 0x10, 0xa3, 0x10, 0xa3, 0x10, 0xa3, 0x10, 0xa3, 0x10, 0xa3, 0x10, 0xa3, 0x10, 0xa3,
    0x10, 0xa3, 0x10, 0xa3, 0x10, 0xa3, 0x10, 0xa3, 0x10, 0xa3, 0x10, 0xa3, 0x10, 0xa3, 0x10, 0xa3, 0x10, 0xa3, 0x10,
    0xa3, 0x10, 0xa3, 0x10, 0xa3, 0x10, 0xa3, 0x10, 0xa3, 0x10, 0xa3, 0x10, 0xa3, 0x10, 0xa3, 0x10, 0xa3, 0x10, 0xa3,
    0x10, 0xa3, 0x10, 0xa3, 0x10, 0xa3, 0x10, 0xa3, 0x10, 0xa3, 0x10, 0xa3, 0x10, 0xa3, 0x10, 0xa3, 0x10, 0xa3, 0x10,
    0xa3, 0x10, 0xa3, 0x10, 0xa3, 0x10, 0xa3, 0x10, 0xa3, 0x10, 0xa3, 0x10, 0xa3, 0x10, 0xa3, 0x10, 0xa3, 0x10, 0xa3,
    0x10, 0xa3, 0x10, 0xa3, 0x10, 0xa3, 0x10, 0xa3, 0x10, 0xa3, 0x10, 0xa3, 0x10, 0xa3, 0x10, 0xa3, 0x10, 0xa3, 0x10,
    0xa3, 0x10, 0xa3, 0x10, 0xa3, 0x10, 0xa3, 0x10, 0xa3, 0x10, 0xa3, 0x10, 0xa3, 0x10, 0xa3, 0x10, 0xa3, 0x10, 0xa3,
    0x10, 0xa3, 0x10, 0xa3, 0x10, 0xa3, 0x10, 0xa3, 0x10, 0xa3, 0x10, 0xa3, 0x10, 0xa3, 0x10, 0xa3, 0x10, 0xa3, 0x10,
    0xa3, 0x10, 0xa3, 0x10, 0xa3, 0x10, 0xa3, 0x10, 0xa3, 0x10, 0xa3, 0x10, 0xa3, 0x10, 0xa3, 0x10, 0xa3, 0x10, 0xa3,
    0x10, 0xa3, 0x10, 0xa3, 0x10, 0xa3, 0x10, 0xa3, 0x10, 0xa3, 0x10, 0xa3, 0x10, 0xa3, 0x10, 0xa3, 0x10, 0xa3, 0x10,
    0xa3, 0x10, 0xa3, 0x10, 0xa3, 0x10, 0xa3, 0x10, 0xa3, 0x10, 0xa3, 0x10, 0xa3, 0x10, 0xa3, 0x10, 0xa3, 0x10, 0xa3,
    0x10, 0xa3, 0x10, 0xa3, 0x10, 0xa3, 0x10, 0xa3, 0x10, 0xa3, 0x10, 0xa3, 0x10, 0xa3, 0x10, 0xa3, 0x10, 0xa3, 0x10,
    0xa3, 0x10, 0xa3, 0x10, 0xa3, 0x10, 0xa3, 0x10, 0xa3, 0x10, 0xa3, 0x10, 0xa3, 0x10, 0xa3, 0x10, 0xa3, 0x10, 0xa3,
    0x10, 0xa3, 0x10, 0xa3, 0x10, 0xa3, 0x10, 0xa3, 0x10, 0xa3, 0x10, 0xa3, 0x10, 0xa3, 0x10, 0xa3, 0x10, 0xa3, 0x10,
    0xa3, 0x10, 0xa3, 0x10, 0xa3, 0x10, 0xa3, 0x10, 0xa3, 0x10, 0xa3, 0x10, 0xa3, 0x10, 0xa3, 0x10, 0xa3, 0x10, 0xa3,
    0x10, 0xa3, 0x10, 0xa3, 0x10, 0xa3, 0x10, 0xa3, 0x10, 0xa3, 0x10, 0xa3, 0x10, 0xa3, 0x10, 0xa3, 0x10, 0xa3, 0x10,
    0xa3, 0x10, 0xa3, 0x10, 0xa3, 0x10, 0xa3, 0x10, 0xa3, 0x10, 0xa3, 0x10, 0xa3, 0x10, 0xa3, 0x10, 0xa3, 0x10, 0xa3,
    0x10, 0xa3, 0x10, 0xa3, 0x10, 0xa3, 0x10, 0xa3, 0x10, 0xa3, 0x10, 0xa3, 0x10, 0xa3, 0x10, 0xa3, 0x10, 0xa3, 0x10,
    0xa3, 0x10, 0xa3, 0x10, 0xa3, 0x10, 0xa3, 0x10, 0xa3, 0x10, 0xa3, 0x10, 0xa3, 0x10, 0xa3, 0x10, 0xa3, 0x10, 0xa3,
    0x10, 0xa3, 0x10, 0xa3, 0x10, 0xa3, 0x10, 0xa3, 0x10, 0xa3, 0x10, 0xa3, 0x10, 0xa3, 0x10, 0xa3, 0x10, 0xa3, 0x10,
    0xa3, 0x10, 0xa3, 0x10, 0xa3, 0x10, 0xa3, 0x10, 0xa3, 0x10, 0xa3, 0x10, 0xa3, 0x10, 0xa3, 0x10, 0xa3, 0x10, 0xa3,
    0x10, 0xa3, 0x10, 0xa3, 0x10, 0xa3, 0x10, 0xa3, 0x10, 0xa3, 0x10, 0xa3, 0x10, 0xa3, 0x10, 0xa3, 0x10, 0xa3, 0x10,
    0xa3, 0x10, 0xa3, 0x10, 0xa3, 0x10, 0xa3, 0x10, 0xa3, 0x10, 0xa3, 0x10, 0xa3, 0x10, 0xa3, 0x10, 0xa3, 0x10, 0xa3,
    0x10, 0xa3, 0x10, 0xa3, 0x10, 0xa3, 0x10, 0xa3, 0x10, 0xa3, 0x10, 0xa3, 0x10, 0xa3, 0x10, 0xa3, 0x10, 0xa3, 0x10,
    0xa3, 0x10, 0xa3, 0x10, 0xa3, 0x10, 0xa3, 0x10, 0xa3, 0x10, 0xa3, 0x10, 0xa3, 0x10, 0xa3, 0x10, 0xa3, 0x10, 0xa3,
    0x10, 0xa3, 0x10, 0xa3, 0x10, 0xa3, 0x10, 0xa3, 0x10, 0xa3, 0x10, 0xa3, 0x10, 0xa3, 0x10, 0xa3, 0x10, 0xa3, 0x10,
    0xa3, 0x10, 0xa3, 0x10, 0xa3, 0x10, 0xa3, 0x10, 0xa3, 0x10, 0xa3, 0x10, 0xa3, 0x10, 0xa3, 0x10, 0xa3, 0x10, 0xa3,
    0x10, 0xa3, 0x10, 0xa3, 0x10, 0xa3, 0x10, 0xa3, 0x10, 0xa3, 0x10, 0xa3, 0x10, 0xa3, 0x10, 0xa3, 0x10, 0xa3, 0x10,
    0xa3, 0x10, 0xa3, 0x10, 0xa3, 0x10, 0xa3, 0x10, 0xa3, 0x10, 0xa3, 0x10, 0xa3, 0x10, 0xa3, 0x10, 0xa3, 0x10, 0xa3,
    0x10, 0xa3, 0x10, 0xa3, 0x10, 0xa3, 0x10, 0xa3, 0x10, 0xa3, 0x10, 0xa3, 0x10, 0xa3, 0x10, 0xa3, 0x10, 0xa3, 0x10,
    0xa3, 0x10, 0xa3, 0x10, 0xa3, 0x10, 0xa3, 0x10, 0xa3, 0x10, 0xa3, 0x10, 0xa3, 0x10, 0xa3, 0x10, 0xa3, 0x10, 0xa3,
    0x10, 0xa3, 0x10, 0xa3, 0x10, 0xa3, 0x10, 0xa3, 0x10, 0xa3, 0x10, 0xa3, 0x10, 0xa3, 0x10, 0xa3, 0x10, 0xa3, 0x10,
    0xa3, 0x10, 0xa3, 0x10, 0xa3, 0x10, 0xa3, 0x10, 0xa3, 0x10, 0xa3, 0x10, 0xa3, 0x10, 0xa3, 0x10, 0xa3, 0x10, 0xa3,
    0x10, 0xa3, 0x10, 0xa3, 0x10, 0xa3, 0x10, 0xa3, 0x10, 0xa3, 0x10, 0xa3, 0x10, 0xa3, 0x10, 0xa3, 0x10, 0xa3, 0x10,
    0xa3, 0x10, 0xa3, 0x10, 0xa3, 0x10, 0xa3, 0x10, 0xa3, 0x10, 0xa3, 0x10, 0xa3, 0x10, 0xa3, 0x10, 0xa3, 0x10, 0xa3,
    0x10, 0xa3, 0x10, 0xa3, 0x10, 0xa3, 0x10, 0xa3, 0x10, 0xa3, 0x10, 0xa3, 0x10, 0xa3, 0x10, 0xa3, 0x10, 0xa3, 0x10,
    0xa3, 0x10, 0xa3, 0x10, 0xa3, 0x10, 0xa3, 0x10, 0xa3, 0x10, 0xa3, 0x10, 0xa3, 0x10, 0xa3, 0x10, 0xa3, 0x10, 0xa3,
    0x10, 0xa3, 0x10, 0xa3, 0x10, 0xa3, 0x10, 0xa3, 0x10, 0xa3, 0x10, 0xa3, 0x10, 0xa3, 0x10, 0xa3, 0x10, 0xa3, 0x10,
    0xa3, 0x10, 0xa3, 0x10, 0xa3, 0x10, 0xa3, 0x10, 0xa3, 0x10, 0xa3, 0x10, 0xa3, 0x10, 0xa3, 0x10, 0xa3, 0x10, 0xa3,
    0x10, 0xa3, 0x10, 0xa3, 0x10, 0xa3, 0x10, 0xa3, 0x10, 0xa3, 0x10, 0xa3, 0x10, 0xa3, 0x10, 0xa3, 0x10, 0xa3, 0x10,
    0xa3, 0x10, 0xa3, 0x10, 0xa3, 0x10, 0xa3, 0x10, 0xa3, 0x10, 0xa3, 0x10, 0xa3, 0x10, 0xa3, 0x10, 0xa3, 0x10, 0xa3,
    0x10, 0xa3, 0x10, 0xa3, 0x10, 0xa3, 0x10, 0xa3, 0x10, 0xa3, 0x10, 0xa3, 0x10, 0xa3, 0x10, 0xa3, 0x10, 0xa3, 0x10,
    0xa3, 0x10, 0xa3, 0x10, 0xa3, 0x10, 0xa3, 0x10, 0xa3, 0x10, 0xa3, 0x10, 0xa3, 0x10, 0xa3, 0x10, 0xa3, 0x10, 0xa3,
    0x10, 0xa3, 0x10, 0xa3, 0x10, 0xa3, 0x10, 0xa3, 0x10, 0xa3, 0x10, 0xa3, 0x10, 0xa3, 0x10, 0xa3, 0x10, 0xa3, 0x10,
    0xa3, 0x10, 0xa3, 0x10, 0xa3, 0x10, 0xa3, 0x10, 0xa3, 0x10, 0xa3, 0x10, 0xa3, 0x10, 0xa3, 0x10, 0xa3, 0x10, 0xa3,
    0x10, 0xa3, 0x10, 0xa3, 0x10, 0xa3, 0x10, 0xa3, 0x10, 0xa3, 0x10, 0xa3, 0x10, 0xa3, 0x10, 0xa3, 0x10, 0xa3, 0x10,
    0xa3, 0x10, 0xa3, 0x10, 0xa3, 0x10, 0xa3, 0x10, 0xa3, 0x10, 0xa3, 0x10, 0xa3, 0x10, 0xa3, 0x10, 0xa3, 0x10, 0xa3,
    0x10, 0xa3, 0x10, 0xa3, 0x10, 0xa3, 0x10, 0xa3, 0x10, 0xa3, 0x10, 0xa3, 0x10, 0xa3, 0x10, 0xa3, 0x10, 0xa3, 0x10,
    0xa3, 0x10, 0xa3, 0x10, 0xa3, 0x10, 0xa3, 0x10, 0xa3, 0x10, 0xa3, 0x10, 0xa3, 0x10, 0xa3, 0x10, 0xa3, 0x10, 0xa3,
    0x10, 0xa3, 0x10, 0xa3, 0x10, 0xa3, 0x10, 0xa3, 0x10, 0xa3, 0x10, 0xa3, 0x10, 0xa3, 0x10, 0xa3, 0x10, 0xa3, 0x10,
    0xa3, 0x10, 0xa3, 0x10, 0xa3, 0x10, 0xa3, 0x10, 0xa3, 0x10, 0xa3, 0x10, 0xa3, 0x10, 0xa3, 0x10, 0xa3, 0x10, 0xa3,
    0x10, 0xa3, 0x10, 0xa3, 0x10, 0xa3, 0x10, 0xa3, 0x10, 0xa3, 0x10, 0xa3, 0x10, 0xa3, 0x10, 0xa3, 0x10, 0xa3, 0x10,
    0xa3, 0x10, 0xa3, 0x10, 0xa3, 0x10, 0xa3, 0x10, 0xa3, 0x10, 0xa3, 0x10, 0xa3, 0x10, 0xa3, 0x10, 0xa3, 0x10, 0xa3,
    0x10, 0xa3, 0x10, 0xa3, 0x10, 0xa3, 0x10, 0xa3, 0x10, 0xa3, 0x10, 0xa3, 0x10, 0xa3, 0x10, 0xa3, 0x10, 0xa3, 0x10,
    0xa3, 0x10, 0xa3, 0x10, 0xa3, 0x10, 0xa3, 0x10, 0xa3, 0x10, 0xa3, 0x10, 0xa3, 0x10, 0xa3, 0x10, 0xa3, 0x10, 0xa3,
    0x10, 0xa3, 0x10, 0xa3, 0x10, 0xa3, 0x10, 0xa3, 0x10, 0xa3, 0x10, 0xa3, 0x10, 0xa3, 0x10, 0xa3, 0x10, 0xa3, 0x10,
    0xa3, 0x10, 0xa3, 0x10, 0xa3, 0x10, 0xa3, 0x10, 0xa3, 0x10, 0xa3, 0x10, 0xa3, 0x10, 0xa3, 0x10, 0xa3, 0x10, 0xa3,
    0x10, 0xa3, 0x10, 0xa3, 0x10, 0xa3, 0x10, 0xa3, 0x10, 0xa3, 0x10, 0xa3, 0x10, 0xa3, 0x10, 0xa3, 0x10, 0xa3, 0x10,
    0xa3, 0x10, 0xa3, 0x10, 0xa3, 0x10, 0xa3, 0x10, 0xa3, 0x10, 0xa3, 0x10, 0xa3, 0x10, 0xa3, 0x10, 0xa3, 0x10, 0xa3,
    0x10, 0xa3, 0x10, 0xa3, 0x10, 0xa3, 0x10, 0xa3, 0x10, 0xa3, 0x10, 0xa3, 0x10, 0xa3, 0x10, 0xa3, 0x10, 0xa3, 0x10,
    0xa3, 0x10, 0xa3, 0x10, 0xa3, 0x10, 0xa3, 0x10, 0xa3, 0x10, 0xa3, 0x10, 0xa3, 0x10, 0xa3, 0x10, 0xa3, 0x10, 0xa3,
    0x10, 0xa3, 0x10, 0xa3, 0x10, 0xa3, 0x10, 0xa3, 0x10, 0xa3, 0x10, 0xa3, 0x10, 0xa3, 0x10, 0xa3, 0x10, 0xa3, 0x10,
    0xa3, 0x10, 0xa3, 0x10, 0xa3, 0x10, 0xa3, 0x10, 0xa3, 0x10, 0xa3, 0x10, 0xa3, 0x10, 0xa3, 0x10, 0xa3, 0x10, 0xa3,
    0x10, 0xa3, 0x10, 0xa3, 0x10, 0xa3, 0x10, 0xa3, 0x10, 0xa3, 0x10, 0xa3, 0x10, 0xa3, 0x10, 0xa3, 0x10, 0xa3, 0x10,
    0xa3, 0x10, 0xa3, 0x10, 0xa3, 0x10, 0xa3, 0x10, 0xa3, 0x10, 0xa3, 0x10, 0xa3, 0x10, 0xa3, 0x10, 0xa3, 0x10, 0xa3,
    0x10, 0xa3, 0x10, 0xa3, 0x10, 0xa3, 0x10, 0xa3, 0x10, 0xa3, 0x10, 0xa3, 0x10, 0xa3, 0x10, 0xa3, 0x10, 0xa3, 0x10,
    0xa3, 0x10, 0xa3, 0x10, 0xa3, 0x10, 0xa3, 0x10, 0xa3, 0x10, 0xa3, 0x10, 0xa3, 0x10, 0xa3, 0x10, 0xa3, 0x10, 0xa3,
    0x10, 0xa3, 0x10, 0xa3, 0x10, 0xa3, 0x10, 0xa3, 0x10, 0xa3, 0x10, 0xa3, 0x10, 0xa3, 0x10, 0xa3, 0x10, 0xa3, 0x10,
    0xa3, 0x10, 0xa3, 0x10, 0xa3, 0x10, 0xa3, 0x10, 0xa3, 0x10, 0xa3, 0x10, 0xa3, 0x10, 0xa3, 0x10, 0xa3, 0x10, 0xa3,
    0x10, 0xa3, 0x10, 0xa3, 0x10, 0xa3, 0x10, 0xa3, 0x10, 0xa3, 0x10, 0xa3, 0x10, 0xa3, 0x10, 0xa3, 0x10, 0xa3, 0x10,
    0xa3, 0x10, 0xa3, 0x10, 0xa3, 0x10, 0xa3, 0x10, 0xa3, 0x10, 0xa3, 0x10, 0xa3, 0x10, 0xa3, 0x10, 0xa3, 0x10, 0xa3,
    0x10, 0xa3, 0x10, 0xa3, 0x10, 0xa3, 0x10, 0xa3, 0x10, 0xa3, 0x10, 0xa3, 0x10, 0xa3, 0x10, 0xa3, 0x10, 0xa3, 0x10,
    0xa3, 0x10, 0xa3, 0x10, 0xa3, 0x10, 0xa3, 0x10, 0xa3, 0x10, 0xa3, 0x10, 0xa3, 0x10, 0xa3, 0x10, 0xa3, 0x10, 0xa3,
    0x10, 0xa3, 0x10, 0xa3, 0x10, 0xa3, 0x10, 0xa3, 0x10, 0xa3, 0x10, 0xa3, 0x10, 0xa3, 0x10, 0xa3, 0x10, 0xa3, 0x10,
    0xa3, 0x10, 0xa3, 0x10, 0xa3, 0x10, 0xa3, 0x10, 0xa3, 0x10, 0xa3, 0x10, 0xa3, 0x10, 0xa3, 0x10, 0xa3, 0x10, 0xa3,
    0x10, 0xa3, 0x10, 0xa3, 0x10, 0xa3, 0x10, 0xa3, 0x10, 0xa3, 0x10, 0xa3, 0x10, 0xa3, 0x10, 0xa3, 0x10, 0xa3, 0x10,
    0xa3, 0x10, 0xa3, 0x10, 0xa3, 0x10, 0xa3, 0x10, 0xa3, 0x10, 0xa3, 0x10, 0xa3, 0x10, 0xa3, 0x10, 0xa3, 0x10, 0xa3,
    0x10, 0xa3, 0x10, 0xa3, 0x10, 0xa3, 0x10, 0xa3, 0x10, 0xa3, 0x10, 0xa3, 0x10, 0xa3, 0x10, 0xa3, 0x10, 0xa3, 0x10,
    0xa3, 0x10, 0xa3, 0x10, 0xa3, 0x10, 0xa3, 0x10, 0xa3, 0x10, 0xa3, 0x10, 0xa3, 0x10, 0xa3, 0x10, 0xa3, 0x10, 0xa3,
    0x10, 0xa3, 0x10, 0xa3, 0x10, 0xa3, 0x10, 0xa3, 0x10, 0xa3, 0x10, 0xa3, 0x10, 0xa3, 0x10, 0xa3, 0x10, 0xa3, 0x10,
    0xa3, 0x10, 0xa3, 0x10, 0xa3, 0x10, 0xa3, 0x10, 0xa3, 0x10, 0xa3, 0x10, 0xa3, 0x10, 0xa3, 0x10, 0xa3, 0x10, 0xa3,
    0x10, 0xa3, 0x10, 0xa3, 0x10, 0xa3, 0x10, 0xa3, 0x10, 0xa3, 0x10, 0xa3, 0x10, 0xa3, 0x10, 0xa3, 0x10, 0xa3, 0x10,
    0xa3, 0x10, 0xa3, 0x10, 0xa3, 0x10, 0xa3, 0x10, 0xa3, 0x10, 0xa3, 0x10, 0xa3, 0x10, 0xa3, 0x10, 0xa3, 0x10, 0xa3,
    0x10, 0xa3, 0x10, 0xa3, 0x10, 0xa3, 0x10, 0xa3, 0x10, 0xa3, 0x10, 0xa3, 0x10, 0xa3, 0x10, 0xa3, 0x10, 0xa3, 0x10,
    0xa3, 0x10, 0xa3, 0x10, 0xa3, 0x10, 0xa3, 0x10, 0xa3, 0x10, 0xa3, 0x10, 0xa3, 0x10, 0xa3, 0x10, 0xa3, 0x10, 0xa3,
    0x10, 0xa3, 0x10, 0xa3, 0x10, 0xa3, 0x10, 0xa3, 0x10, 0xa3, 0x10, 0xa3, 0x10, 0xa3, 0x10, 0xa3, 0x10, 0xa3, 0x10,
    0xa3, 0x10, 0xa3, 0x10, 0xa3, 0x10, 0xa3, 0x10, 0xa3, 0x10, 0xa3, 0x10, 0xa3, 0x10, 0xa3, 0x10, 0xa3, 0x10, 0xa3,
    0x10, 0xa3, 0x10, 0xa3, 0x10, 0xa3, 0x10, 0xa3, 0x10, 0xa3, 0x10, 0xa3, 0x10, 0xa3, 0x10, 0xa3, 0x10, 0xa3, 0x10,
    0xa3, 0x10, 0xa3, 0x10, 0xa3, 0x10, 0xa3, 0x10, 0xa3, 0x10, 0xa3, 0x10, 0xa3, 0x10, 0xa3, 0x10, 0xa3, 0x10, 0xa3,
    0x10, 0xa3, 0x10, 0xa3, 0x10, 0xa3, 0x10, 0xa3, 0x10, 0xa3, 0x10, 0xa3, 0x10, 0xa3, 0x10, 0xa3, 0x10, 0xa3, 0x10,
    0xa3, 0x10, 0xa3, 0x10, 0xa3, 0x10, 0xa3, 0x10, 0xa3, 0x10, 0xa3, 0x10, 0xa3, 0x10, 0xa3, 0x10, 0xa3, 0x10, 0xa3,
    0x10, 0xa3, 0x10, 0xa3, 0x10, 0xa3, 0x10, 0xa3, 0x10, 0xa3, 0x10, 0xa3, 0x10, 0xa3, 0x10, 0xa3, 0x10, 0xa3, 0x10,
    0xa3, 0x10, 0xa3, 0x10, 0xa3, 0x10, 0xa3, 0x10, 0xa3, 0x10, 0xa3, 0x10, 0xa3, 0x10, 0xa3, 0x10, 0xa3, 0x10, 0xa3,
    0x10, 0xa3, 0x10, 0xa3, 0x10, 0xa3, 0x10, 0xa3, 0x10, 0xa3, 0x10, 0xa3, 0x10, 0xa3, 0x10, 0xa3, 0x10, 0xa3, 0x10,
    0xa3, 0x10, 0xa3, 0x10, 0xa3, 0x10, 0xa3, 0x10, 0xa3, 0x10, 0xa3, 0x10, 0xa3, 0x10, 0xa3, 0x10, 0xa3, 0x10, 0xa3,
    0x10, 0xa3, 0x10, 0xa3, 0x10, 0xa3, 0x10, 0xa3, 0x10, 0xa3, 0x10, 0xa3, 0x10, 0xa3, 0x10, 0xa3, 0x10, 0xa3, 0x10,
    0xa3, 0x10, 0xa3, 0x10, 0xa3, 0x10, 0xa3, 0x10, 0xa3, 0x10, 0xa3, 0x10, 0xa3, 0x10, 0xa3, 0x10, 0xa3, 0x10, 0xa3,
    0x10, 0xa3, 0x10, 0xa3, 0x10, 0xa3, 0x10, 0xa3, 0x10, 0xa3, 0x10, 0xa3, 0x10, 0xa3, 0x10, 0xa3, 0x10, 0xa3, 0x10,
    0xa3, 0x10, 0xa3, 0x10, 0xa3, 0x10, 0xa3, 0x10, 0xa3, 0x10, 0xa3, 0x10, 0xa3, 0x10, 0xa3, 0x10, 0xa3, 0x10, 0xa3,
    0x10, 0xa3, 0x10, 0xa3, 0x10, 0xa3, 0x10, 0xa3, 0x10, 0xa3, 0x10, 0xa3, 0x10, 0xa3, 0x10, 0xa3, 0x10, 0xa3, 0x10,
    0xa3, 0x10, 0xa3, 0x10, 0xa3, 0x10, 0xa3, 0x10, 0xa3, 0x10, 0xa3, 0x10, 0xa3, 0x10, 0xa3, 0x10, 0xa3, 0x10, 0xa3,
    0x10, 0xa3, 0x10, 0xa3, 0x10, 0xa3, 0x10, 0xa3, 0x10, 0xa3, 0x10, 0xa3, 0x10, 0xa3, 0x10, 0xa3, 0x10, 0xa3, 0x10,
    0xa3, 0x10, 0xa3, 0x10, 0xa3, 0x10, 0xa3, 0x10, 0xa3, 0x10, 0xa3, 0x10, 0xa3, 0x10, 0xa3, 0x10, 0xa3, 0x10, 0xa3,
    0x10, 0xa3, 0x10, 0xa3, 0x10, 0xa3, 0x10, 0xa3, 0x10, 0xa3, 0x10, 0xa3, 0x10, 0xa3, 0x10, 0xa3, 0x10, 0xa3, 0x10,
    0xa3, 0x10, 0xa3, 0x10, 0xa3, 0x10, 0xa3, 0x10, 0xa3, 0x10, 0xa3, 0x10, 0xa3, 0x10, 0xa3, 0x10, 0xa3, 0x10, 0xa3,
    0x10, 0xa3, 0x10, 0xa3, 0x10, 0xa3, 0x10, 0xa3, 0x10, 0xa3, 0x10, 0xa3, 0x10, 0xa3, 0x10, 0xa3, 0x10, 0xa3, 0x10,
    0xa3, 0x10, 0xa3, 0x10, 0xa3, 0x10, 0xa3, 0x10, 0xa3, 0x10, 0xa3, 0x10, 0xa3, 0x10, 0xa3, 0x10, 0xa3, 0x10, 0xa3,
    0x10, 0xa3, 0x10, 0xa3, 0x10, 0xa3, 0x10, 0xa3, 0x10, 0xa3, 0x10, 0xa3, 0x10, 0xa3, 0x10, 0xa3, 0x10, 0xa3, 0x10,
    0xa3, 0x10, 0xa3, 0x10, 0xa3, 0x10, 0xa3, 0x10, 0xa3, 0x10, 0xa3, 0x10, 0xa3, 0x10, 0xa3, 0x10, 0xa3, 0x10, 0xa3,
    0x10, 0xa3, 0x10, 0xa3, 0x10, 0xa3, 0x10, 0xa3, 0x10, 0xa3, 0x10, 0xa3, 0x10, 0xa3, 0x10, 0xa3, 0x10, 0xa3, 0x10,
    0xa3, 0x10, 0xa3, 0x10, 0xa3, 0x10, 0xa3, 0x10, 0xa3, 0x10, 0xa3, 0x10, 0xa3, 0x10, 0xa3, 0x10, 0xa3, 0x10, 0xa3,
    0x10, 0xa3, 0x10, 0xa3, 0x10, 0xa3, 0x10, 0xa3, 0x10, 0xa3, 0x10, 0xa3, 0x10, 0xa3, 0x10, 0xa3, 0x10, 0xa3, 0x10,
    0xa3, 0x10, 0xa3, 0x10, 0xa3, 0x10, 0xa3, 0x10, 0xa3, 0x10, 0xa3, 0x10, 0xa3, 0x10, 0xa3, 0x10, 0xa3, 0x10, 0xa3,
    0x10, 0xa3, 0x10, 0xa3, 0x10, 0xa3, 0x10, 0xa3, 0x10, 0xa3, 0x10, 0xa3, 0x10, 0xa3, 0x10, 0xa3, 0x10, 0xa3, 0x10,
    0xa3, 0x10, 0xa3, 0x10, 0xa3, 0x10, 0xa3, 0x10, 0xa3, 0x10, 0xa3, 0x10, 0xa3, 0x10, 0xa3, 0x10, 0xa3, 0x10, 0xa3,
    0x10, 0xa3, 0x10, 0xa3, 0x10, 0xa3, 0x10, 0xa3, 0x10, 0xa3, 0x10, 0xa3, 0x10, 0xa3, 0x10, 0xa3, 0x10, 0xa3, 0x10,
    0xa3, 0x10, 0xa3, 0x10, 0xa3, 0x10, 0xa3, 0x10, 0xa3, 0x10, 0xa3, 0x10, 0xa3, 0x10, 0xa3, 0x10, 0xa3, 0x10, 0xa3,
    0x10, 0xa3, 0x10, 0xa3, 0x10, 0xa3, 0x10, 0xa3, 0x10, 0xa3, 0x10, 0xa3, 0x10, 0xa3, 0x10, 0xa3, 0x10, 0xa3, 0x10,
    0xa3, 0x10, 0xa3, 0x10, 0xa3, 0x10, 0xa3, 0x10, 0xa3, 0x10, 0xa3, 0x10, 0xa3, 0x10, 0xa3, 0x10, 0xa3, 0x10, 0xa3,
    0x10, 0xa3, 0x10, 0xa3, 0x10, 0xa3, 0x10, 0xa3, 0x10, 0xa3, 0x10, 0xa3, 0x10, 0xa3, 0x10, 0xa3, 0x10, 0xa3, 0x10,
    0xa3, 0x10, 0xa3, 0x10, 0xa3, 0x10, 0xa3, 0x10, 0xa3, 0x10, 0xa3, 0x10, 0xa3, 0x10, 0xa3, 0x10, 0xa3, 0x10, 0xa3,
    0x10, 0xa3, 0x10, 0xa3, 0x10, 0xa3, 0x10, 0xa3, 0x10, 0xa3, 0x10, 0xa3, 0x10, 0xa3, 0x10, 0xa3, 0x10, 0xa3, 0x10,
    0xa3, 0x10, 0xa3, 0x10, 0xa3, 0x10, 0xa3, 0x10, 0xa3, 0x10, 0xa3, 0x10, 0xa3, 0x10, 0xa3, 0x10, 0xa3, 0x10, 0xa3,
    0x10, 0xa3, 0x10, 0xa3, 0x10, 0xa3, 0x10, 0xa3, 0x10, 0xa3, 0x10, 0xa3, 0x10, 0xa3, 0x10, 0xa3, 0x10, 0xa3, 0x10,
    0xa3, 0x10, 0xa3, 0x10, 0xa3, 0x10, 0xa3, 0x10, 0xa3, 0x10, 0xa3, 0x10, 0xa3, 0x10, 0xa3, 0x10, 0xa3, 0x10, 0xa3,
    0x10, 0xa3, 0x10, 0xa3, 0x10, 0xa3, 0x10, 0xa3, 0x10, 0xa3, 0x10, 0xa3, 0x10, 0xa3, 0x10, 0xa3, 0x10, 0xa3, 0x10,
    0xa3, 0x10, 0xa3, 0x10, 0xa3, 0x10, 0xa3, 0x10, 0xa3, 0x10, 0xa3, 0x10, 0xa3, 0x10, 0xa3, 0x10, 0xa3, 0x10, 0xa3,
    0x10, 0xa3, 0x10, 0xa3, 0x10, 0xa3, 0x10, 0xa3, 0x10, 0xa3, 0x10, 0xa3, 0x10, 0xa3, 0x10, 0xa3, 0x10, 0xa3, 0x10,
    0xa3, 0x10, 0xa3, 0x10, 0xa3, 0x10, 0xa3, 0x10, 0xa3, 0x10, 0xa3, 0x10, 0xa3, 0x10, 0xa3, 0x10, 0xa3, 0x10, 0xa3,
    0x10, 0xa3, 0x10, 0xa3, 0x10, 0xa3, 0x10, 0xa3, 0x10, 0xa3, 0x10, 0xa3, 0x10, 0xa3, 0x10, 0xa3, 0x10, 0xa3, 0x10,
    0xa3, 0x10, 0xa3, 0x10, 0xa3, 0x10, 0xa3, 0x10, 0xa3, 0x10, 0xa3, 0x10, 0xa3, 0x10, 0xa3, 0x10, 0xa3, 0x10, 0xa3,
    0x10, 0xa3, 0x10, 0xa3, 0x10, 0xa3, 0x10, 0xa3, 0x10, 0xa3, 0x10, 0xa3, 0x10, 0xa3, 0x10, 0xa3, 0x10, 0xa3, 0x10,
    0xa3, 0x10, 0xa3, 0x10, 0xa3, 0x10, 0xa3, 0x10, 0xa3, 0x10, 0xa3, 0x10, 0xa3, 0x10, 0xa3, 0x10, 0xa3, 0x10, 0xa3,
    0x10, 0xa3, 0x10, 0xa3, 0x10, 0xa3, 0x10, 0xa3, 0x10, 0xa3, 0x10, 0xa3, 0x10, 0xa3, 0x10, 0xa3, 0x10, 0xa3, 0x10,
    0xa3, 0x10, 0xa3, 0x10, 0xa3, 0x10, 0xa3, 0x10, 0xa3, 0x10, 0xa3, 0x10, 0xa3, 0x10, 0xa3, 0x10, 0xa3, 0x10, 0xa3,
    0x10, 0xa3, 0x10, 0xa3, 0x10, 0xa3, 0x10, 0xa3, 0x10, 0xa3, 0x10, 0xa3, 0x10, 0xa3, 0x10, 0xa3, 0x10, 0xa3, 0x10,
    0xa3, 0x10, 0xa3, 0x10, 0xa3, 0x10, 0xa3, 0x10, 0xa3, 0x10, 0xa3, 0x10, 0xa3, 0x10, 0xa3, 0x10, 0xa3, 0x10, 0xa3,
    0x10, 0xa3, 0x10, 0xa3, 0x10, 0xa3, 0x10, 0xa3, 0x10, 0xa3, 0x10, 0xa3, 0x10, 0xa3, 0x10, 0xa3, 0x10, 0xa3, 0x10,
    0xa3, 0x10, 0xa3, 0x10, 0xa3, 0x10, 0xa3, 0x10, 0xa3, 0x10, 0xa3, 0x10, 0xa3, 0x10, 0xa3, 0x10, 0xa3, 0x10, 0xa3,
    0x10, 0xa3, 0x10, 0xa3, 0x10, 0xa3, 0x10, 0xa3, 0x10, 0xa3, 0x10, 0xa3, 0x10, 0xa3, 0x10, 0xa3, 0x10, 0xa3, 0x10,
    0xa3, 0x10, 0xa3, 0x10, 0xa3, 0x10, 0xa3, 0x10, 0xa3, 0x10, 0xa3, 0x10, 0xa3, 0x10, 0xa3, 0x10, 0xa3, 0x10, 0xa3,
    0x10, 0xa3, 0x10, 0xa3, 0x10, 0xa3, 0x10, 0xa3, 0x10, 0xa3, 0x10, 0xa3, 0x10, 0xa3, 0x10, 0xa3, 0x10, 0xa3, 0x10,
    0xa3, 0x10, 0xa3, 0x10, 0xa3, 0x10, 0xa3, 0x10, 0xa3, 0x10, 0xa3, 0x10, 0xa3, 0x10, 0xa3, 0x10, 0xa3, 0x10, 0xa3,
    0x10, 0xa3, 0x10, 0xa3, 0x10, 0xa3, 0x10, 0xa3, 0x10, 0xa3, 0x10, 0xa3, 0x10, 0xa3, 0x10, 0xa3, 0x10, 0xa3, 0x10,
    0xa3, 0x10, 0xa3, 0x10, 0xa3, 0x10, 0xa3, 0x10, 0xa3, 0x10, 0xa3, 0x10, 0xa3, 0x10, 0xa3, 0x10, 0xa3, 0x10, 0xa3,
    0x10, 0xa3, 0x10, 0xa3, 0x10, 0xa3, 0x10, 0xa3, 0x10, 0xa3, 0x10, 0xa3, 0x10, 0xa3, 0x10, 0xa3, 0x10, 0xa3, 0x10,
    0xa3, 0x10, 0xa3, 0x10, 0xa3, 0x10, 0xa3, 0x10, 0xa3, 0x10, 0xa3, 0x10, 0xa3, 0x10, 0xa3, 0x10, 0xa3, 0x10, 0xa3,
    0x10, 0xa3, 0x10, 0xa3, 0x10, 0xa3, 0x10, 0xa3, 0x10, 0xa3, 0x10, 0xa3, 0x10, 0xa3, 0x10, 0xa3, 0x10, 0xa3, 0x10,
    0xa3, 0x10, 0xa3, 0x10, 0xa3, 0x10, 0xa3, 0x10, 0xa3, 0x10, 0xa3, 0x10, 0xa3, 0x10, 0xa3, 0x10, 0xa3, 0x10, 0xa3,
    0x10, 0xa3, 0x10, 0xa3, 0x10, 0xa3, 0x10, 0xa3, 0x10, 0xa3, 0x10, 0xa3, 0x10, 0xa3, 0x10, 0xa3, 0x10, 0xa3, 0x10,
    0xa3, 0x10, 0xa3, 0x10, 0xa3, 0x10, 0xa3, 0x10, 0xa3, 0x10, 0xa3, 0x10, 0xa3, 0x10, 0xa3, 0x10, 0xa3, 0x10, 0xa3,
    0x10, 0xa3, 0x10, 0xa3, 0x10, 0xa3, 0x10, 0xa3, 0x10, 0xa3, 0x10, 0xa3, 0x10, 0xa3, 0x10, 0xa3, 0x10, 0xa3, 0x10,
    0xa3, 0x10, 0xa3, 0x10, 0xa3, 0x10, 0xa3, 0x10, 0xa3, 0x10, 0xa3, 0x10, 0xa3, 0x10, 0xa3, 0x10, 0xa3, 0x10, 0xa3,
    0x10, 0xa3, 0x10, 0xa3, 0x10, 0xa3, 0x10, 0xa3, 0x10, 0xa3, 0x10, 0xa3, 0x10, 0xa3, 0x10, 0xa3, 0x10, 0xa3, 0x10,
    0xa3, 0x10, 0xa3, 0x10, 0xa3, 0x10, 0xa3, 0x10, 0xa3, 0x10, 0xa3, 0x10, 0xa3, 0x10, 0xa3, 0x10, 0xa3, 0x10, 0xa3,
    0x10, 0xa3, 0x10, 0xa3, 0x10, 0xa3, 0x10, 0xa3, 0x10, 0xa3, 0x10, 0xa3, 0x10, 0xa3, 0x10, 0xa3, 0x10, 0xa3, 0x10,
    0xa3, 0x10, 0xa3, 0x10, 0xa3, 0x10, 0xa3, 0x10, 0xa3, 0x10, 0xa3, 0x10, 0xa3, 0x10, 0xa3, 0x10, 0xa3, 0x10, 0xa3,
    0x10, 0xa3, 0x10, 0xa3, 0x10, 0xa3, 0x10, 0xa3, 0x10, 0xa3, 0x10, 0xa3, 0x10, 0xa3, 0x10, 0xa3, 0x10, 0xa3, 0x10,
    0xa3, 0x10, 0xa3, 0x10, 0xa3, 0x10, 0xa3, 0x10, 0xa3, 0x10, 0xa3, 0x10, 0xa3, 0x10, 0xa3, 0x10, 0xa3, 0x10, 0xa3,
    0x10, 0xa3, 0x10, 0xa3, 0x10, 0xa3, 0x10, 0xa3, 0x10, 0xa3, 0x10, 0xa3, 0x10, 0xa3, 0x10, 0xa3, 0x10, 0xa3, 0x10,
    0xa3, 0x10, 0xa3, 0x10, 0xa3, 0x10, 0xa3, 0x10, 0xa3, 0x10, 0xa3, 0x10, 0xa3, 0x10, 0xa3, 0x10, 0xa3, 0x10, 0xa3,
    0x10, 0xa3, 0x10, 0xa3, 0x10, 0xa3, 0x10, 0xa3, 0x10, 0xa3, 0x10, 0xa3, 0x10, 0xa3, 0x10, 0xa3, 0x10, 0xa3, 0x10,
    0xa3, 0x10, 0xa3, 0x10, 0xa3, 0x10, 0xa3, 0x10, 0xa3, 0x10, 0xa3, 0x10, 0xa3, 0x10, 0xa3, 0x10, 0xa3, 0x10, 0xa3,
    0x10, 0xa3, 0x10, 0xa3, 0x10, 0xa3, 0x10, 0xa3, 0x10, 0xa3, 0x10, 0xa3, 0x10, 0xa3, 0x10, 0xa3, 0x10, 0xa3, 0x10,
    0xa3, 0x10, 0xa3, 0x10, 0xa3, 0x10, 0xa3, 0x10, 0xa3, 0x10, 0xa3, 0x10, 0xa3, 0x10, 0xa3, 0x10, 0xa3, 0x10, 0xa3,
    0x10, 0xa3, 0x10, 0xa3, 0x10, 0xa3, 0x10, 0xa3, 0x10, 0xa3, 0x10, 0xa3, 0x10, 0xa3, 0x10, 0xa3, 0x10, 0xa3, 0x10,
    0xa3, 0x10, 0xa3, 0x10, 0xa3, 0x10, 0xa3, 0x10, 0xa3, 0x10, 0xa3, 0x10, 0xa3, 0x10, 0xa3, 0x10, 0xa3, 0x10, 0xa3,
    0x10, 0xa3, 0x10, 0xa3, 0x10, 0xa3, 0x10, 0xa3, 0x10, 0xa3, 0x10, 0xa3, 0x10, 0xa3, 0x10, 0xa3, 0x10, 0xa3, 0x10,
    0xa3, 0x10, 0xa3, 0x10, 0xa3, 0x10, 0xa3, 0x10, 0xa3, 0x10, 0xa3, 0x10, 0xa3, 0x10, 0xa3, 0x10, 0xa3, 0x10, 0xa3,
    0x10, 0xa3, 0x10, 0xa3, 0x10, 0xa3, 0x10, 0xa3, 0x10, 0xa3, 0x10, 0xa3, 0x10, 0xa3, 0x10, 0xa3, 0x10, 0xa3, 0x10,
    0xa3, 0x10, 0xa3, 0x10, 0xa3, 0x10, 0xa3, 0x10, 0xa3, 0x10, 0xa3, 0x10, 0xa3, 0x10, 0xa3, 0x10, 0xa3, 0x10, 0xa3,
    0x10, 0xa3, 0x10, 0xa3, 0x10, 0xa3, 0x10, 0xa3, 0x10, 0xa3, 0x10, 0xa3, 0x10, 0xa3, 0x10, 0xa3, 0x10, 0xa3, 0x10,
    0xa3, 0x10, 0xa3, 0x10, 0xa3, 0x10, 0xa3, 0x10, 0xa3, 0x10, 0xa3, 0x10, 0xa3, 0x10, 0xa3, 0x10, 0xa3, 0x10, 0xa3,
    0x10, 0xa3, 0x10, 0xa3, 0x10, 0xa3, 0x10, 0xa3, 0x10, 0xa3, 0x10, 0xa3, 0x10, 0xa3, 0x10, 0xa3, 0x10, 0xa3, 0x10,
    0xa3, 0x10, 0xa3, 0x10, 0xa3, 0x10, 0xa3, 0x10, 0xa3, 0x10, 0xa3, 0x10, 0xa3, 0x10, 0xa3, 0x10, 0xa3, 0x10, 0xa3,
    0x10, 0xa3, 0x10, 0xa3, 0x10, 0xa3, 0x10, 0xa3, 0x10, 0xa3, 0x10, 0xa3, 0x10, 0xa3, 0x10, 0xa3, 0x10, 0xa3, 0x10,
    0xa3, 0x10, 0xa3, 0x10, 0xa3, 0x10, 0xa3, 0x10, 0xa3, 0x10, 0xa3, 0x10, 0xa3, 0x10, 0xa3, 0x10, 0xa3, 0x10, 0xa3,
    0x10, 0xa3, 0x10, 0xa3, 0x10, 0xa3, 0x10, 0xa3, 0x10, 0xa3, 0x10, 0xa3, 0x10, 0xa3, 0x10, 0xa3, 0x10, 0xa3, 0x10,
    0xa3, 0x10, 0xa3, 0x10, 0xa3, 0x10, 0xa3, 0x10, 0xa3, 0x10, 0xa3, 0x10, 0xa3, 0x10, 0xa3, 0x10, 0xa3, 0x10, 0xa3,
    0x10, 0xa3, 0x10, 0xa3, 0x10, 0xa3, 0x10, 0xa3, 0x10, 0xa3, 0x10, 0xa3, 0x10, 0xa3, 0x10, 0xa3, 0x10, 0xa3, 0x10,
    0xa3, 0x10, 0xa3, 0x10, 0xa3, 0x10, 0xa3, 0x10, 0xa3, 0x10, 0xa3, 0x10, 0xa3, 0x10, 0xa3, 0x10, 0xa3, 0x10, 0xa3,
    0x10, 0xa3, 0x10, 0xa3, 0x10, 0xa3, 0x10, 0xa3, 0x10, 0xa3, 0x10, 0xa3, 0x10, 0xa3, 0x10, 0xa3, 0x10, 0xa3, 0x10,
    0xa3, 0x10, 0xa3, 0x10, 0xa3, 0x10, 0xa3, 0x10, 0xa3, 0x10, 0xa3, 0x10, 0xa3, 0x10, 0xa3, 0x10, 0xa3, 0x10, 0xa3,
    0x10, 0xa3, 0x10, 0xa3, 0x10, 0xa3, 0x10, 0xa3, 0x10, 0xa3, 0x10, 0xa3, 0x10, 0xa3, 0x10, 0xa3, 0x10, 0xa3, 0x10,
    0xa3, 0x10, 0xa3, 0x10, 0xa3, 0x10, 0xa3, 0x10, 0xa3, 0x10, 0xa3, 0x10, 0xa3, 0x10, 0xa3, 0x10, 0xa3, 0x10, 0xa3,
    0x10, 0xa3, 0x10, 0xa3, 0x10, 0xa3, 0x10, 0xa3, 0x10, 0xa3, 0x10, 0xa3, 0x10, 0xa3, 0x10, 0xa3, 0x10, 0xa3, 0x10,
    0xa3, 0x10, 0xa3, 0x10, 0xa3, 0x10, 0xa3, 0x10, 0xa3, 0x10, 0xa3, 0x10, 0xa3, 0x10, 0xa3, 0x10, 0xa3, 0x10, 0xa3,
    0x10, 0xa3, 0x10, 0xa3, 0x10, 0xa3, 0x10, 0xa3, 0x10, 0xa3, 0x10, 0xa3, 0x10, 0xa3, 0x10, 0xa3, 0x10, 0xa3, 0x10,
    0xa3, 0x10, 0xa3, 0x10, 0xa3, 0x10, 0xa3, 0x10, 0xa3, 0x10, 0xa3, 0x10, 0xa3, 0x10, 0xa3, 0x10, 0xa3, 0x10, 0xa3,
    0x10, 0xa3, 0x10, 0xa3, 0x10, 0xa3, 0x10, 0xa3, 0x10, 0xa3, 0x10, 0xa3, 0x10, 0xa3, 0x10, 0xa3, 0x10, 0xa3, 0x10,
    0xa3, 0x10, 0xa3, 0x10, 0xa3, 0x10, 0xa3, 0x10, 0xa3, 0x10, 0xa3, 0x10, 0xa3, 0x10, 0xa3, 0x10, 0xa3, 0x10, 0xa3,
    0x10, 0xa3, 0x10, 0xa3, 0x10, 0xa3, 0x10, 0xa3, 0x10, 0xa3, 0x10, 0xa3, 0x10, 0xa3, 0x10, 0xa3, 0x10, 0xa3, 0x10,
    0xa3, 0x10, 0xa3, 0x10, 0xa3, 0x10, 0xa3, 0x10, 0xa3, 0x10, 0xa3, 0x10, 0xa3, 0x10, 0xa3, 0x10, 0xa3, 0x10, 0xa3,
    0x10, 0xa3, 0x10, 0xa3, 0x10, 0xa3, 0x10, 0xa3, 0x10, 0xa3, 0x10, 0xa3, 0x10, 0xa3, 0x10, 0xa3, 0x10, 0xa3, 0x10,
    0xa3, 0x10, 0xa3, 0x10, 0xa3, 0x10, 0xa3, 0x10, 0xa3, 0x10, 0xa3, 0x10, 0xa3, 0x10, 0xa3, 0x10, 0xa3, 0x10, 0xa3,
    0x10, 0xa3, 0x10, 0xa3, 0x10, 0xa3, 0x10, 0xa3, 0x10, 0xa3, 0x10, 0xa3, 0x10, 0xa3, 0x10, 0xa3, 0x10, 0xa3, 0x10,
    0xa3, 0x10, 0xa3, 0x10, 0xa3, 0x10, 0xa3, 0x10, 0xa3, 0x10, 0xa3, 0x10, 0xa3, 0x10, 0xa3, 0x10, 0xa3, 0x10, 0xa3,
    0x10, 0xa3, 0x10, 0xa3, 0x10, 0xa3, 0x10, 0xa3, 0x10, 0xa3, 0x10, 0xa3, 0x10, 0xa3, 0x10, 0xa3, 0x10, 0xa3, 0x10,
    0xa3, 0x10, 0xa3, 0x10, 0xa3, 0x10, 0xa3, 0x10, 0xa3, 0x10, 0xa3, 0x10, 0xa3, 0x10, 0xa3, 0x10, 0xa3, 0x10, 0xa3,
    0x10, 0xa3, 0x10, 0xa3, 0x10, 0xa3, 0x10, 0xa3, 0x10, 0xa3, 0x10, 0xa3, 0x10, 0xa3, 0x10, 0xa3, 0x10, 0xa3, 0x10,
    0xa3, 0x10, 0xa3, 0x10, 0xa3, 0x10, 0xa3, 0x10, 0xa3, 0x10, 0xa3, 0x10, 0xa3, 0x10, 0xa3, 0x10, 0xa3, 0x10, 0xa3,
    0x10, 0xa3, 0x10, 0xa3, 0x10, 0xa3, 0x10, 0xa3, 0x10, 0xa3, 0x10, 0xa3, 0x10, 0xa3, 0x10, 0xa3, 0x10, 0xa3, 0x10,
    0xa3, 0x10, 0xa3, 0x10, 0xa3, 0x10, 0xa3, 0x10, 0xa3, 0x10, 0xa3, 0x10, 0xa3, 0x10, 0xa3, 0x10, 0xa3, 0x10, 0xa3,
    0x10, 0xa3, 0x10, 0xa3, 0x10, 0xa3, 0x10, 0xa3, 0x10, 0xa3, 0x10, 0xa3, 0x10, 0xa3, 0x10, 0xa3, 0x10, 0xa3, 0x10,
    0xa3, 0x10, 0xa3, 0x10, 0xa3, 0x10, 0xa3, 0x10, 0xa3, 0x10, 0xa3, 0x10, 0xa3, 0x10, 0xa3, 0x10, 0xa3, 0x10, 0xa3,
    0x10, 0xa3, 0x10, 0xa3, 0x10, 0xa3, 0x10, 0xa3, 0x10, 0xa3, 0x10, 0xa3, 0x10, 0xa3, 0x10, 0xa3, 0x10, 0xa3, 0x10,
    0xa3, 0x10, 0xa3, 0x10, 0xa3, 0x10, 0xa3, 0x10, 0xa3, 0x10, 0xa3, 0x10, 0xa3, 0x10, 0xa3, 0x10, 0xa3, 0x10, 0xa3,
    0x10, 0xa3, 0x10, 0xa3, 0x10, 0xa3, 0x10, 0xa3, 0x10, 0xa3, 0x10, 0xa3, 0x10, 0xa3, 0x10, 0xa3, 0x10, 0xa3, 0x10,
    0xa3, 0x10, 0xa3, 0x10, 0xa3, 0x10, 0xa3, 0x10, 0xa3, 0x10, 0xa3, 0x10, 0xa3, 0x10, 0xa3, 0x10, 0xa3, 0x10, 0xa3,
    0x10, 0xa3, 0x10, 0xa3, 0x10, 0xa3, 0x10, 0xa3, 0x10, 0xa3, 0x10, 0xa3, 0x10, 0xa3, 0x10, 0xa3, 0x10, 0xa3, 0x10,
    0xa3, 0x10, 0xa3, 0x10, 0xa3, 0x10, 0xa3, 0x10, 0xa3, 0x10, 0xa3, 0x10, 0xa3, 0x10, 0xa3, 0x10, 0xa3, 0x10, 0xa3,
    0x10, 0xa3, 0x10, 0xa3, 0x10, 0xa3, 0x10, 0xa3, 0x10, 0xa3, 0x10, 0xa3, 0x10, 0xa3, 0x10, 0xa3, 0x10, 0xa3, 0x10,
    0xa3, 0x10, 0xa3, 0x10, 0xa3, 0x10, 0xa3, 0x10, 0xa3, 0x10, 0xa3, 0x10, 0xa3, 0x10, 0xa3, 0x10, 0xa3, 0x10, 0xa3,
    0x10, 0xa3, 0x10, 0xa3, 0x10, 0xa3, 0x10, 0xa3, 0x10, 0xa3, 0x10, 0xa3, 0x10, 0xa3, 0x10, 0xa3, 0x10, 0xa3, 0x10,
    0xa3, 0x10, 0xa3, 0x10, 0xa3, 0x10, 0xa3, 0x10, 0xa3, 0x10, 0xa3, 0x10, 0xa3, 0x10, 0xa3, 0x10, 0xa3, 0x10, 0xa3,
    0x10, 0xa3, 0x10, 0xa3, 0x10, 0xa3, 0x10, 0xa3, 0x10, 0xa3, 0x10, 0xa3, 0x10, 0xa3, 0x10, 0xa3, 0x10, 0xa3, 0x10,
    0xa3, 0x10, 0xa3, 0x10, 0xa3, 0x10, 0xa3, 0x10, 0xa3, 0x10, 0xa3, 0x10, 0xa3, 0x10, 0xa3, 0x10, 0xa3, 0x10, 0xa3,
    0x10, 0xa3, 0x10, 0xa3, 0x10, 0xa3, 0x10, 0xa3, 0x10, 0xa3, 0x10, 0xa3, 0x10, 0xa3, 0x10, 0xa3, 0x10, 0xa3, 0x10,
    0xa3, 0x10, 0xa3, 0x10, 0xa3, 0x10, 0xa3, 0x10, 0xa3, 0x10, 0xa3, 0x10, 0xa3, 0x10, 0xa3, 0x10, 0xa3, 0x10, 0xa3,
    0x10, 0xa3, 0x10, 0xa3, 0x10, 0xa3, 0x10, 0xa3, 0x10, 0xa3, 0x10, 0xa3, 0x10, 0xa3, 0x10, 0xa3, 0x10, 0xa3, 0x10,
    0xa3, 0x10, 0xa3, 0x10, 0xa3, 0x10, 0xa3, 0x10, 0xa3, 0x10, 0xa3, 0x10, 0xa3, 0x10, 0xa3, 0x10, 0xa3, 0x10, 0xa3,
    0x10, 0xa3, 0x10, 0xa3, 0x10, 0xa3, 0x10, 0xa3, 0x10, 0xa3, 0x10, 0xa3, 0x10, 0xa3, 0x10, 0xa3, 0x10, 0xa3, 0x10,
    0xa3, 0x10, 0xa3, 0x10, 0xa3, 0x10, 0xa3, 0x10, 0xa3, 0x10, 0xa3, 0x10, 0xa3, 0x10, 0xa3, 0x10, 0xa3, 0x10, 0xa3,
    0x10, 0xa3, 0x10, 0xa3, 0x10, 0xa3, 0x10, 0xa3, 0x10, 0xa3, 0x10, 0xa3, 0x10, 0xa3, 0x10, 0xa3, 0x10, 0xa3, 0x10,
    0xa3, 0x10, 0xa3, 0x10, 0xa3, 0x10, 0xa3, 0x10, 0xa3, 0x10, 0xa3, 0x10, 0xa3, 0x10, 0xa3, 0x10, 0xa3, 0x10, 0xa3,
    0x10, 0xa3, 0x10, 0xa3, 0x10, 0xa3, 0x10, 0xa3, 0x10, 0xa3, 0x10, 0xa3, 0x10, 0xa3, 0x10, 0xa3, 0x10, 0xa3, 0x10,
    0xa3, 0x10, 0xa3, 0x10, 0xa3, 0x10, 0xa3, 0x10, 0xa3, 0x10, 0xa3, 0x10, 0xa3, 0x10, 0xa3, 0x10, 0xa3, 0x10, 0xa3,
    0x10, 0xa3, 0x10, 0xa3, 0x10, 0xa3, 0x10, 0xa3, 0x10, 0xa3, 0x10, 0xa3, 0x10, 0xa3, 0x10, 0xa3, 0x10, 0xa3, 0x10,
    0xa3, 0x10, 0xa3, 0x10, 0xa3, 0x10, 0xa3, 0x10, 0xa3, 0x10, 0xa3, 0x10, 0xa3, 0x10, 0xa3, 0x10, 0xa3, 0x10, 0xa3,
    0x10, 0xa3, 0x10, 0xa3, 0x10, 0xa3, 0x10, 0xa3, 0x10, 0xa3, 0x10, 0xa3, 0x10, 0xa3, 0x10, 0xa3, 0x10, 0xa3, 0x10,
    0xa3, 0x10, 0xa3, 0x10, 0xa3, 0x10, 0xa3, 0x10, 0xa3, 0x10, 0xa3, 0x10, 0xa3, 0x10, 0xa3, 0x10, 0xa3, 0x10, 0xa3,
    0x10, 0xa3, 0x10, 0xa3, 0x10, 0xa3, 0x10, 0xa3, 0x10, 0xa3, 0x10, 0xa3, 0x10, 0xa3, 0x10, 0xa3, 0x10, 0xa3, 0x10,
    0xa3, 0x10, 0xa3, 0x10, 0xa3, 0x10, 0xa3, 0x10, 0xa3, 0x10, 0xa3, 0x10, 0xa3, 0x10, 0xa3, 0x10, 0xa3, 0x10, 0xa3,
    0x10, 0xa3, 0x10, 0xa3, 0x10, 0xa3, 0x10, 0xa3, 0x10, 0xa3, 0x10, 0xa3, 0x10, 0xa3, 0x10, 0xa3, 0x10, 0xa3, 0x10,
    0xa3, 0x10, 0xa3, 0x10, 0xa3, 0x10, 0xa3, 0x10, 0xa3, 0x10, 0xa3, 0x10, 0xa3, 0x10, 0xa3, 0x10, 0xa3, 0x10, 0xa3,
    0x10, 0xa3, 0x10, 0xa3, 0x10, 0xa3, 0x10, 0xa3, 0x10, 0xa3, 0x10, 0xa3, 0x10, 0xa3, 0x10, 0xa3, 0x10, 0xa3, 0x10,
    0xa3, 0x10, 0xa3, 0x10, 0xa3, 0x10, 0xa3, 0x10, 0xa3, 0x10, 0xa3, 0x10, 0xa3, 0x10, 0xa3, 0x10, 0xa3, 0x10, 0xa3,
    0x10, 0xa3, 0x10, 0xa3, 0x10, 0xa3, 0x10, 0xa3, 0x10, 0xa3, 0x10, 0xa3, 0x10, 0xa3, 0x10, 0xa3, 0x10, 0xa3, 0x10,
    0xa3, 0x10, 0xa3, 0x10, 0xa3, 0x10, 0xa3, 0x10, 0xa3, 0x10, 0xa3, 0x10, 0xa3, 0x10, 0xa3, 0x10, 0xa3, 0x10, 0xa3,
    0x10, 0xa3, 0x10, 0xa3, 0x10, 0xa3, 0x10, 0xa3, 0x10, 0xa3, 0x10, 0xa3, 0x10, 0xa3, 0x10, 0xa3, 0x10, 0xa3, 0x10,
    0xa3, 0x10, 0xa3, 0x10, 0xa3, 0x10, 0xa3, 0x10, 0xa3, 0x10, 0xa3, 0x10, 0xa3, 0x10, 0xa3, 0x10, 0xa3, 0x10, 0xa3,
    0x10, 0xa3, 0x10, 0xa3, 0x10, 0xa3, 0x10, 0xa3, 0x10, 0xa3, 0x10, 0xa3, 0x10, 0xa3, 0x10, 0xa3, 0x10, 0xa3, 0x10,
    0xa3, 0x10, 0xa3, 0x10, 0xa3, 0x10, 0xa3, 0x10, 0xa3, 0x10, 0xa3, 0x10, 0xa3, 0x10, 0xa3, 0x10, 0xa3, 0x10, 0xa3,
    0x10, 0xa3, 0x10, 0xa3, 0x10, 0xa3, 0x10, 0xa3, 0x10, 0xa3, 0x10, 0xa3, 0x10, 0xa3, 0x10, 0xa3, 0x10, 0xa3, 0x10,
    0xa3, 0x10, 0xa3, 0x10, 0xa3, 0x10, 0xa3, 0x10, 0xa3, 0x10, 0xa3, 0x10, 0xa3, 0x10, 0xa3, 0x10, 0xa3, 0x10, 0xa3,
    0x10, 0xa3, 0x10, 0xa3, 0x10, 0xa3, 0x10, 0xa3, 0x10, 0xa3, 0x10, 0xa3, 0x10, 0xa3, 0x10, 0xa3, 0x10, 0xa3, 0x10,
    0xa3, 0x10, 0xa3, 0x10, 0xa3, 0x10, 0xa3, 0x10, 0xa3, 0x10, 0xa3, 0x10, 0xa3, 0x10, 0xa3, 0x10, 0xa3, 0x10, 0xa3,
    0x10, 0xa3, 0x10, 0xa3, 0x10, 0xa3, 0x10, 0xa3, 0x10, 0xa3, 0x10, 0xa3, 0x10, 0xa3, 0x10, 0xa3, 0x10, 0xa3, 0x10,
    0xa3, 0x10, 0xa3, 0x10, 0xa3, 0x10, 0xa3, 0x10, 0xa3, 0x10, 0xa3, 0x10, 0xa3, 0x10, 0xa3, 0x10, 0xa3, 0x10, 0xa3,
    0x10, 0xa3, 0x10, 0xa3, 0x10, 0xa3, 0x10, 0xa3, 0x10, 0xa3, 0x10, 0xa3, 0x10, 0xa3, 0x10, 0xa3, 0x10, 0xa3, 0x10,
    0xa3, 0x10, 0xa3, 0x10, 0xa3, 0x10, 0xa3, 0x10, 0xa3, 0x10, 0xa3, 0x10, 0xa3, 0x10, 0xa3, 0x10, 0xa3, 0x10, 0xa3,
    0x10, 0xa3, 0x10, 0xa3, 0x10, 0xa3, 0x10, 0xa3, 0x10, 0xa3, 0x10, 0xa3, 0x10, 0xa3, 0x10, 0xa3, 0x10, 0xa3, 0x10,
    0xa3, 0x10, 0xa3, 0x10, 0xa3, 0x10, 0xa3, 0x10, 0xa3, 0x10, 0xa3, 0x10, 0xa3, 0x10, 0xa3, 0x10, 0xa3, 0x10, 0xa3,
    0x10, 0xa3, 0x10, 0xa3, 0x10, 0xa3, 0x10, 0xa3, 0x10, 0xa3, 0x10, 0xa3, 0x10, 0xa3, 0x10, 0xa3, 0x10, 0xa3, 0x10,
    0xa3, 0x10, 0xa3, 0x10, 0xa3, 0x10, 0xa3, 0x10, 0xa3, 0x10, 0xa3, 0x10, 0xa3, 0x10, 0xa3, 0x10, 0xa3, 0x10, 0xa3,
    0x10, 0xa3, 0x10, 0xa3, 0x10, 0xa3, 0x10, 0xa3, 0x10, 0xa3, 0x10, 0xa3, 0x10, 0xa3, 0x10, 0xa3, 0x10, 0xa3, 0x10,
    0xa3, 0x10, 0xa3, 0x10, 0xa3, 0x10, 0xa3, 0x10, 0xa3, 0x10, 0xa3, 0x10, 0xa3, 0x10, 0xa3, 0x10, 0xa3, 0x10, 0xa3,
    0x10, 0xa3, 0x10, 0xa3, 0x10, 0xa3, 0x10, 0xa3, 0x10, 0xa3, 0x10, 0xa3, 0x10, 0xa3, 0x10, 0xa3, 0x10, 0xa3, 0x10,
    0xa3, 0x10, 0xa3, 0x10, 0xa3, 0x10, 0xa3, 0x10, 0xa3, 0x10, 0xa3, 0x10, 0xa3, 0x10, 0xa3, 0x10, 0xa3, 0x10, 0xa3,
    0x10, 0xa3, 0x10, 0xa3, 0x10, 0xa3, 0x10, 0xa3, 0x10, 0xa3, 0x10, 0xa3, 0x10, 0xa3, 0x10, 0xa3, 0x10, 0xa3, 0x10,
    0xa3, 0x10, 0xa3, 0x10, 0xa3, 0x10, 0xa3, 0x10, 0xa3, 0x10, 0xa3, 0x10, 0xa3, 0x10, 0xa3, 0x10, 0xa3, 0x10, 0xa3,
    0x10, 0xa3, 0x10, 0xa3, 0x10, 0xa3, 0x10, 0xa3, 0x10, 0xa3, 0x10, 0xa3, 0x10, 0xa3, 0x10, 0xa3, 0x10, 0xa3, 0x10,
    0xa3, 0x10, 0xa3, 0x10, 0xa3, 0x10, 0xa3, 0x10, 0xa3, 0x10, 0xa3, 0x10, 0xa3, 0x10, 0xa3, 0x10, 0xa3, 0x10, 0xa3,
    0x10, 0xa3, 0x10, 0xa3, 0x10, 0xa3, 0x10, 0xa3, 0x10, 0xa3, 0x10, 0xa3, 0x10, 0xa3, 0x10, 0xa3, 0x10, 0xa3, 0x10,
    0xa3, 0x10, 0xa3, 0x10, 0xa3, 0x10, 0xa3, 0x10, 0xa3, 0x10, 0xa3, 0x10, 0xa3, 0x10, 0xa3, 0x10, 0xa3, 0x10, 0xa3,
    0x10, 0xa3, 0x10, 0xa3, 0x10, 0xa3, 0x10, 0xa3, 0x10, 0xa3, 0x10, 0xa3, 0x10, 0xa3, 0x10, 0xa3, 0x10, 0xa3, 0x10,
    0xa3, 0x10, 0xa3, 0x10, 0xa3, 0x10, 0xa3, 0x10, 0xa3, 0x10, 0xa3, 0x10, 0xa3, 0x10, 0xa3, 0x10, 0xa3, 0x10, 0xa3,
    0x10, 0xa3, 0x10, 0xa3, 0x10, 0xa3, 0x10, 0xa3, 0x10, 0xa3, 0x10, 0xa3, 0x10, 0xa3, 0x10, 0xa3, 0x10, 0xa3, 0x10,
    0xa3, 0x10, 0xa3, 0x10, 0xa3, 0x10, 0xa3, 0x10, 0xa3, 0x10, 0xa3, 0x10, 0xa3, 0x10, 0xa3, 0x10, 0xa3, 0x10, 0xa3,
    0x10, 0xa3, 0x10, 0xa3, 0x10, 0xa3, 0x10, 0xa3, 0x10, 0xa3, 0x10, 0xa3, 0x10, 0xa3, 0x10, 0xa3, 0x10, 0xa3, 0x10,
    0xa3, 0x10, 0xa3, 0x10, 0xa3, 0x10, 0xa3, 0x10, 0xa3, 0x10, 0xa3, 0x10, 0xa3, 0x10, 0xa3, 0x10, 0xa3, 0x10, 0xa3,
    0x10, 0xa3, 0x10, 0xa3, 0x10, 0xa3, 0x10, 0xa3, 0x10, 0xa3, 0x10, 0xa3, 0x10, 0xa3, 0x10, 0xa3, 0x10, 0xa3, 0x10,
    0xa3, 0x10, 0xa3, 0x10, 0xa3, 0x10, 0xa3, 0x10, 0xa3, 0x10, 0xa3, 0x10, 0xa3, 0x10, 0xa3, 0x10, 0xa3, 0x10, 0xa3,
    0x10, 0xa3, 0x10, 0xa3, 0x10, 0xa3, 0x10, 0xa3, 0x10, 0xa3, 0x10, 0xa3, 0x10, 0xa3, 0x10, 0xa3, 0x10, 0xa3, 0x10,
    0xa3, 0x10, 0xa3, 0x10, 0xa3, 0x10, 0xa3, 0x10, 0xa3, 0x10, 0xa3, 0x10, 0xa3, 0x10, 0xa3, 0x10, 0xa3, 0x10, 0xa3,
    0x10, 0xa3, 0x10, 0xa3, 0x10, 0xa3, 0x10, 0xa3, 0x10, 0xa3, 0x10, 0xa3, 0x10, 0xa3, 0x10, 0xa3, 0x10, 0xa3, 0x10,
    0xa3, 0x10, 0xa3, 0x10, 0xa3, 0x10, 0xa3, 0x10, 0xa3, 0x10, 0xa3, 0x10, 0xa3, 0x10, 0xa3, 0x10, 0xa3, 0x10, 0xa3,
    0x10, 0xa3, 0x10, 0xa3, 0x10, 0xa3, 0x10, 0xa3, 0x10, 0xa3, 0x10, 0xa3, 0x10, 0xa3, 0x10, 0xa3, 0x10, 0xa3, 0x10,
    0xa3, 0x10, 0xa3, 0x10, 0xa3, 0x10, 0xa3, 0x10, 0xa3, 0x10, 0xa3, 0x10, 0xa3, 0x10, 0xa3, 0x10, 0xa3, 0x10, 0xa3,
    0x10, 0xa3, 0x10, 0xa3, 0x10, 0xa3, 0x10, 0xa3, 0x10, 0xa3, 0x10, 0xa3, 0x10, 0xa3, 0x10, 0xa3, 0x10, 0xa3, 0x10,
    0xa3, 0x10, 0xa3, 0x10, 0xa3, 0x10, 0xa3, 0x10, 0xa3, 0x10, 0xa3, 0x10, 0xa3, 0x10, 0xa3, 0x10, 0xa3, 0x10, 0xa3,
    0x10, 0xa3, 0x10, 0xa3, 0x10, 0xa3, 0x10, 0xa3, 0x10, 0xa3, 0x10, 0xa3, 0x10, 0xa3, 0x10, 0xa3, 0x10, 0xa3, 0x10,
    0xa3, 0x10, 0xa3, 0x10, 0xa3, 0x10, 0xa3, 0x10, 0xa3, 0x10, 0xa3, 0x10, 0xa3, 0x10, 0xa3, 0x10, 0xa3, 0x10, 0xa3,
    0x10, 0xa3, 0x10, 0xa3, 0x10, 0xa3, 0x10, 0xa3, 0x10, 0xa3, 0x10, 0xa3, 0x10, 0xa3, 0x10, 0xa3, 0x10, 0xa3, 0x10,
    0xa3, 0x10, 0xa3, 0x10, 0xa3, 0x10, 0xa3, 0x10, 0xa3, 0x10, 0xa3, 0x10, 0xa3, 0x10, 0xa3, 0x10, 0xa3, 0x10, 0xa3,
    0x10, 0xa3, 0x10, 0xa3, 0x10, 0xa3, 0x10, 0xa3, 0x10, 0xa3, 0x10, 0xa3, 0x10, 0xa3, 0x10, 0xa3, 0x10, 0xa3, 0x10,
    0xa3, 0x10, 0xa3, 0x10, 0xa3, 0x10, 0xa3, 0x10, 0xa3, 0x10, 0xa3, 0x10, 0xa3, 0x10, 0xa3, 0x10, 0xa3, 0x10, 0xa3,
    0x10, 0xa3, 0x10, 0xa3, 0x10, 0xa3, 0x10, 0xa3, 0x10, 0xa3, 0x10, 0xa3, 0x10, 0xa3, 0x10, 0xa3, 0x10, 0xa3, 0x10,
    0xa3, 0x10, 0xa3, 0x10, 0xa3, 0x10, 0xa3, 0x10, 0xa3, 0x10, 0xa3, 0x10, 0xa3, 0x10, 0xa3, 0x10, 0xa3, 0x10, 0xa3,
    0x10, 0xa3, 0x10, 0xa3, 0x10, 0xa3, 0x10, 0xa3, 0x10, 0xa3, 0x10, 0xa3, 0x10, 0xa3, 0x10, 0xa3, 0x10, 0xa3, 0x10,
    0xa3, 0x10, 0xa3, 0x10, 0xa3, 0x10, 0xa3, 0x10, 0xa3, 0x10, 0xa3, 0x10, 0xa3, 0x10, 0xa3, 0x10, 0xa3, 0x10, 0xa3,
    0x10, 0xa3, 0x10, 0xa3, 0x10, 0xa3, 0x10, 0xa3, 0x10, 0xa3, 0x10, 0xa3, 0x10, 0xa3, 0x10, 0xa3, 0x10, 0xa3, 0x10,
    0xa3, 0x10, 0xa3, 0x10, 0xa3, 0x10, 0xa3, 0x10, 0xa3, 0x10, 0xa3, 0x10, 0xa3, 0x10, 0xa3, 0x10, 0xa3, 0x10, 0xa3,
    0x10, 0xa3, 0x10, 0xa3, 0x10, 0xa3, 0x10, 0xa3, 0x10, 0xa3, 0x10, 0xa3, 0x10, 0xa3, 0x10, 0xa3, 0x10, 0xa3, 0x10,
    0xa3, 0x10, 0xa3, 0x10, 0xa3, 0x10, 0xa3, 0x10, 0xa3, 0x10, 0xa3, 0x10, 0xa3, 0x10, 0xa3, 0x10, 0xa3, 0x10, 0xa3,
    0x10, 0xa3, 0x10, 0xa3, 0x10, 0xa3, 0x10, 0xa3, 0x10, 0xa3, 0x10, 0xa3, 0x10, 0xa3, 0x10, 0xa3, 0x10, 0xa3, 0x10,
    0xa3, 0x10, 0xa3, 0x10, 0xa3, 0x10, 0xa3, 0x10, 0xa3, 0x10, 0xa3, 0x10, 0xa3, 0x10, 0xa3, 0x10, 0xa3, 0x10, 0xa3,
    0x10, 0xa3, 0x10, 0xa3, 0x10, 0xa3, 0x10, 0xa3, 0x10, 0xa3, 0x10, 0xa3, 0x10, 0xa3, 0x10, 0xa3, 0x10, 0xa3, 0x10,
    0xa3, 0x10, 0xa3, 0x10, 0xa3, 0x10, 0xa3, 0x10, 0xa3, 0x10, 0xa3, 0x10, 0xa3, 0x10, 0xa3, 0x10, 0xa3, 0x10, 0xa3,
    0x10, 0xa3, 0x10, 0xa3, 0x10, 0xa3, 0x10, 0xa3, 0x10, 0xa3, 0x10, 0xa3, 0x10, 0xa3, 0x10, 0xa3, 0x10, 0xa3, 0x10,
    0xa3, 0x10, 0xa3, 0x10, 0xa3, 0x10, 0xa3, 0x10, 0xa3, 0x10, 0xa3, 0x10, 0xa3, 0x10, 0xa3, 0x10, 0xa3, 0x10, 0xa3,
    0x10, 0xa3, 0x10, 0xa3, 0x10, 0xa3, 0x10, 0xa3, 0x10, 0xa3, 0x10, 0xa3, 0x10, 0xa3, 0x10, 0xa3, 0x10, 0xa3, 0x10,
    0xa3, 0x10, 0xa3, 0x10, 0xa3, 0x10, 0xa3, 0x10, 0xa3, 0x10, 0xa3, 0x10, 0xa3, 0x10, 0xa3, 0x10, 0xa3, 0x10, 0xa3,
    0x10, 0xa3, 0x10, 0xa3, 0x10, 0xa3, 0x10, 0xa3, 0x10, 0xa3, 0x10, 0xa3, 0x10, 0xa3, 0x10, 0xa3, 0x10, 0xa3, 0x10,
    0xa3, 0x10, 0xa3, 0x10, 0xa3, 0x10, 0xa3, 0x10, 0xa3, 0x10, 0xa3, 0x10, 0xa3, 0x10, 0xa3, 0x10, 0xa3, 0x10, 0xa3,
    0x10, 0xa3, 0x10, 0xa3, 0x10, 0xa3, 0x10, 0xa3, 0x10, 0xa3, 0x10, 0xa3, 0x10, 0xa3, 0x10, 0xa3, 0x10, 0xa3, 0x10,
    0xa3, 0x10, 0xa3, 0x10, 0xa3, 0x10, 0xa3, 0x10, 0xa3, 0x10, 0xa3, 0x10, 0xa3, 0x10, 0xa3, 0x10, 0xa3, 0x10, 0xa3,
    0x10, 0xa3, 0x10, 0xa3, 0x10, 0xa3, 0x10, 0xa3, 0x10, 0xa3, 0x10, 0xa3, 0x10, 0xa3, 0x10, 0xa3, 0x10, 0xa3, 0x10,
    0xa3, 0x10, 0xa3, 0x10, 0xa3, 0x10, 0xa3, 0x10, 0xa3, 0x10, 0xa3, 0x10, 0xa3, 0x10, 0xa3, 0x10, 0xa3, 0x10, 0xa3,
    0x10, 0xa3, 0x10, 0xa3, 0x10, 0xa3, 0x10, 0xa3, 0x10, 0xa3, 0x10, 0xa3, 0x10, 0xa3, 0x10, 0xa3, 0x10, 0xa3, 0x10,
    0xa3, 0x10, 0xa3, 0x10, 0xa3, 0x10, 0xa3, 0x10, 0xa3, 0x10, 0xa3, 0x10, 0xa3, 0x10, 0xa3, 0x10, 0xa3, 0x10, 0xa3,
    0x10, 0xa3, 0x10, 0xa3, 0x10, 0xa3, 0x10, 0xa3, 0x10, 0xa3, 0x10, 0xa3, 0x10, 0xa3, 0x10, 0xa3, 0x10, 0xa3, 0x10,
    0xa3, 0x10, 0xa3, 0x10, 0xa3, 0x10, 0xa3, 0x10, 0xa3, 0x10, 0xa3, 0x10, 0xa3, 0x10, 0xa3, 0x10, 0xa3, 0x10, 0xa3,
    0x10, 0xa3, 0x10, 0xa3, 0x10, 0xa3, 0x10, 0xa3, 0x10, 0xa3, 0x10, 0xa3, 0x10, 0xa3, 0x10, 0xa3, 0x10, 0xa3, 0x10,
    0xa3, 0x10, 0xa3, 0x10, 0xa3, 0x10, 0xa3, 0x10, 0xa3, 0x10, 0xa3, 0x10, 0xa3, 0x10, 0xa3, 0x10, 0xa3, 0x10, 0xa3,
    0x10, 0xa3, 0x10, 0xa3, 0x10, 0xa3, 0x10, 0xa3, 0x10, 0xa3, 0x10, 0xa3, 0x10, 0xa3, 0x10, 0xa3, 0x10, 0xa3, 0x10,
    0xa3, 0x10, 0xa3, 0x10, 0xa3, 0x10, 0xa3, 0x10, 0xa3, 0x10, 0xa3, 0x10, 0xa3, 0x10, 0xa3, 0x10, 0xa3, 0x10, 0xa3,
    0x10, 0xa3, 0x10, 0xa3, 0x10, 0xa3, 0x10, 0xa3, 0x10, 0xa3, 0x10, 0xa3, 0x10, 0xa3, 0x10, 0xa3, 0x10, 0xa3, 0x10,
    0xa3, 0x10, 0xa3, 0x10, 0xa3, 0x10, 0xa3, 0x10, 0xa3, 0x10, 0xa3, 0x10, 0xa3, 0x10, 0xa3, 0x10, 0xa3, 0x10, 0xa3,
    0x10, 0xa3, 0x10, 0xa3, 0x10, 0xa3, 0x10, 0xa3, 0x10, 0xa3, 0x10, 0xa3, 0x10, 0xa3, 0x10, 0xa3, 0x10, 0xa3, 0x10,
    0xa3, 0x10, 0xa3, 0x10, 0xa3, 0x10, 0xa3, 0x10, 0xa3, 0x10, 0xa3, 0x10, 0xa3, 0x10, 0xa3, 0x10, 0xa3, 0x10, 0xa3,
    0x10, 0xa3, 0x10, 0xa3, 0x10, 0xa3, 0x10, 0xa3, 0x10, 0xa3, 0x10, 0xa3, 0x10, 0xa3, 0x10, 0xa3, 0x10, 0xa3, 0x10,
    0xa3, 0x10, 0xa3, 0x10, 0xa3, 0x10, 0xa3, 0x10, 0xa3, 0x10, 0xa3, 0x10, 0xa3, 0x10, 0xa3, 0x10, 0xa3, 0x10, 0xa3,
    0x10, 0xa3, 0x10, 0xa3, 0x10, 0xa3, 0x10, 0xa3, 0x10, 0xa3, 0x10, 0xa3, 0x10, 0xa3, 0x10, 0xa3, 0x10, 0xa3, 0x10,
    0xa3, 0x10, 0xa3, 0x10, 0xa3, 0x10, 0xa3, 0x10, 0xa3, 0x10, 0xa3, 0x10, 0xa3, 0x10, 0xa3, 0x10, 0xa3, 0x10, 0xa3,
    0x10, 0xa3, 0x10, 0xa3, 0x10, 0xa3, 0x10, 0xa3, 0x10, 0xa3, 0x10, 0xa3, 0x10, 0xa3, 0x10, 0xa3, 0x10, 0xa3, 0x10,
    0xa3, 0x10, 0xa3, 0x10, 0xa3, 0x10, 0xa3, 0x10, 0xa3, 0x10, 0xa3, 0x10, 0xa3, 0x10, 0xa3, 0x10, 0xa3, 0x10, 0xa3,
    0x10, 0xa3, 0x10, 0xa3, 0x10, 0xa3, 0x10, 0xa3, 0x10, 0xa3, 0x10, 0xa3, 0x10, 0xa3, 0x10, 0xa3, 0x10, 0xa3, 0x10,
    0xa3, 0x10, 0xa3, 0x10, 0xa3, 0x10, 0xa3, 0x10, 0xa3, 0x10, 0xa3, 0x10, 0xa3, 0x10, 0xa3, 0x10, 0xa3, 0x10, 0xa3,
    0x10, 0xa3, 0x10, 0xa3, 0x10, 0xa3, 0x10, 0xa3, 0x10, 0xa3, 0x10, 0xa3, 0x10, 0xa3, 0x10, 0xa3, 0x10, 0xa3, 0x10,
    0xa3, 0x10, 0xa3, 0x10, 0xa3, 0x10, 0xa3, 0x10, 0xa3, 0x10, 0xa3, 0x10, 0xa3, 0x10, 0xa3, 0x10, 0xa3, 0x10, 0xa3,
    0x10, 0xa3, 0x10, 0xa3, 0x10, 0xa3, 0x10, 0xa3, 0x10, 0xa3, 0x10, 0xa3, 0x10, 0xa3, 0x10, 0xa3, 0x10, 0xa3, 0x10,
    0xa3, 0x10, 0xa3, 0x10, 0xa3, 0x10, 0xa3, 0x10, 0xa3, 0x10, 0xa3, 0x10, 0xa3, 0x10, 0xa3, 0x10, 0xa3, 0x10, 0xa3,
    0x10, 0xa3, 0x10, 0xa3, 0x10, 0xa3, 0x10, 0xa3, 0x10, 0xa3, 0x10, 0xa3, 0x10, 0xa3, 0x10, 0xa3, 0x10, 0xa3, 0x10,
    0xa3, 0x10, 0xa3, 0x10, 0xa3, 0x10, 0xa3, 0x10, 0xa3, 0x10, 0xa3, 0x10, 0xa3, 0x10, 0xa3, 0x10, 0xa3, 0x10, 0xa3,
    0x10, 0xa3, 0x10, 0xa3, 0x10, 0xa3, 0x10, 0xa3, 0x10, 0xa3, 0x10, 0xa3, 0x10, 0xa3, 0x10, 0xa3, 0x10, 0xa3, 0x10,
    0xa3, 0x10, 0xa3, 0x10, 0xa3, 0x10, 0xa3, 0x10, 0xa3, 0x10, 0xa3, 0x10, 0xa3, 0x10, 0xa3, 0x10, 0xa3, 0x10, 0xa3,
    0x10, 0xa3, 0x10, 0xa3, 0x10, 0xa3, 0x10, 0xa3, 0x10, 0xa3, 0x10, 0xa3, 0x10, 0xa3, 0x10, 0xa3, 0x10, 0xa3, 0x10,
    0xa3, 0x10, 0xa3, 0x10, 0xa3, 0x10, 0xa3, 0x10, 0xa3, 0x10, 0xa3, 0x10, 0xa3, 0x10, 0xa3, 0x10, 0xa3, 0x10, 0xa3,
    0x10, 0xa3, 0x10, 0xa3, 0x10, 0xa3, 0x10, 0xa3, 0x10, 0xa3, 0x10, 0xa3, 0x10, 0xa3, 0x10, 0xa3, 0x10, 0xa3, 0x10,
    0xa3, 0x10, 0xa3, 0x10, 0xa3, 0x10, 0xa3, 0x10, 0xa3, 0x10, 0xa3, 0x10, 0xa3, 0x10, 0xa3, 0x10, 0xa3, 0x10, 0xa3,
    0x10, 0xa3, 0x10, 0xa3, 0x10, 0xa3, 0x10, 0xa3, 0x10, 0xa3, 0x10, 0xa3, 0x10, 0xa3, 0x10, 0xa3, 0x10, 0xa3, 0x10,
    0xa3, 0x10, 0xa3, 0x10, 0xa3, 0x10, 0xa3, 0x10, 0xa3, 0x10, 0xa3, 0x10, 0xa3, 0x10, 0xa3, 0x10, 0xa3, 0x10, 0xa3,
    0x10, 0xa3, 0x10, 0xa3, 0x10, 0xa3, 0x10, 0xa3, 0x10, 0xa3, 0x10, 0xa3, 0x10, 0xa3, 0x10, 0xa3, 0x10, 0xa3, 0x10,
    0xa3, 0x10, 0xa3, 0x10, 0xa3, 0x10, 0xa3, 0x10, 0xa3, 0x10, 0xa3, 0x10, 0xa3, 0x10, 0xa3, 0x10, 0xa3, 0x10, 0xa3,
    0x10, 0xa3, 0x10, 0xa3, 0x10, 0xa3, 0x10, 0xa3, 0x10, 0xa3, 0x10, 0xa3, 0x10, 0xa3, 0x10, 0xa3, 0x10, 0xa3, 0x10,
    0xa3, 0x10, 0xa3, 0x10, 0xa3, 0x10, 0xa3, 0x10, 0xa3, 0x10, 0xa3, 0x10, 0xa3, 0x10, 0xa3, 0x10, 0xa3, 0x10, 0xa3,
    0x10, 0xa3, 0x10, 0xa3, 0x10, 0xa3, 0x10, 0xa3, 0x10, 0xa3, 0x10, 0xa3, 0x10, 0xa3, 0x10, 0xa3, 0x10, 0xa3, 0x10,
    0xa3, 0x10, 0xa3, 0x10, 0xa3, 0x10, 0xa3, 0x10, 0xa3, 0x10, 0xa3, 0x10, 0xa3, 0x10, 0xa3, 0x10, 0xa3, 0x10, 0xa3,
    0x10, 0xa3, 0x10, 0xa3, 0x10, 0xa3, 0x10, 0xa3, 0x10, 0xa3, 0x10, 0xa3, 0x10, 0xa3, 0x10, 0xa3, 0x10, 0xa3, 0x10,
    0xa3, 0x10, 0xa3, 0x10, 0xa3, 0x10, 0xa3, 0x10, 0xa3, 0x10, 0xa3, 0x10, 0xa3, 0x10, 0xa3, 0x10, 0xa3, 0x10, 0xa3,
    0x10, 0xa3, 0x10, 0xa3, 0x10, 0xa3, 0x10, 0xa3, 0x10, 0xa3, 0x10, 0xa3, 0x10, 0xa3, 0x10, 0xa3, 0x10, 0xa3, 0x10,
    0xa3, 0x10, 0xa3, 0x10, 0xa3, 0x10, 0xa3, 0x10, 0xa3, 0x10, 0xa3, 0x10, 0xa3, 0x10, 0xa3, 0x10, 0xa3, 0x10, 0xa3,
    0x10, 0xa3, 0x10, 0xa3, 0x10, 0xa3, 0x10, 0xa3, 0x10, 0xa3, 0x10, 0xa3, 0x10, 0xa3, 0x10, 0xa3, 0x10, 0xa3, 0x10,
    0xa3, 0x10, 0xa3, 0x10, 0xa3, 0x10, 0xa3, 0x10, 0xa3, 0x10, 0xa3, 0x10, 0xa3, 0x10, 0xa3, 0x10, 0xa3, 0x10, 0xa3,
    0x10, 0xa3, 0x10, 0xa3, 0x10, 0xa3, 0x10, 0xa3, 0x10, 0xa3, 0x10, 0xa3, 0x10, 0xa3, 0x10, 0xa3, 0x10, 0xa3, 0x10,
    0xa3, 0x10, 0xa3, 0x10, 0xa3, 0x10, 0xa3, 0x10, 0xa3, 0x10, 0xa3, 0x10, 0xa3, 0x10, 0xa3, 0x10, 0xa3, 0x10, 0xa3,
    0x10, 0xa3, 0x10, 0xa3, 0x10, 0xa3, 0x10, 0xa3, 0x10, 0xa3, 0x10, 0xa3, 0x10, 0xa3, 0x10, 0xa3, 0x10, 0xa3, 0x10,
    0xa3, 0x10, 0xa3, 0x10, 0xa3, 0x10, 0xa3, 0x10, 0xa3, 0x10, 0xa3, 0x10, 0xa3, 0x10, 0xa3, 0x10, 0xa3, 0x10, 0xa3,
    0x10, 0xa3, 0x10, 0xa3, 0x10, 0xa3, 0x10, 0xa3, 0x10, 0xa3, 0x10, 0xa3, 0x10, 0xa3, 0x10, 0xa3, 0x10, 0xa3, 0x10,
    0xa3, 0x10, 0xa3, 0x10, 0xa3, 0x10, 0xa3, 0x10, 0xa3, 0x10, 0xa3, 0x10, 0xa3, 0x10, 0xa3, 0x10, 0xa3, 0x10, 0xa3,
    0x10, 0xa3, 0x10, 0xa3, 0x10, 0xa3, 0x10, 0xa3, 0x10, 0xa3, 0x10, 0xa3, 0x10, 0xa3, 0x10, 0xa3, 0x10, 0xa3, 0x10,
    0xa3, 0x10, 0xa3, 0x10, 0xa3, 0x10, 0xa3, 0x10, 0xa3, 0x10, 0xa3, 0x10, 0xa3, 0x10, 0xa3, 0x10, 0xa3, 0x10, 0xa3,
    0x10, 0xa3, 0x10, 0xa3, 0x10, 0xa3, 0x10, 0xa3, 0x10, 0xa3, 0x10, 0xa3, 0x10, 0xa3, 0x10, 0xa3, 0x10, 0xa3, 0x10,
    0xa3, 0x10, 0xa3, 0x10, 0xa3, 0x10, 0xa3, 0x10, 0xa3, 0x10, 0xa3, 0x10, 0xa3, 0x10, 0xa3, 0x10, 0xa3, 0x10, 0xa3,
    0x10, 0xa3, 0x10, 0xa3, 0x10, 0xa3, 0x10, 0xa3, 0x10, 0xa3, 0x10, 0xa3, 0x10, 0xa3, 0x10, 0xa3, 0x10, 0xa3, 0x10,
    0xa3, 0x10, 0xa3, 0x10, 0xa3, 0x10, 0xa3, 0x10, 0xa3, 0x10, 0xa3, 0x10, 0xa3, 0x10, 0xa3, 0x10, 0xa3, 0x10, 0xa3,
    0x10, 0xa3, 0x10, 0xa3, 0x10, 0xa3, 0x10, 0xa3, 0x10, 0xa3, 0x10, 0xa3, 0x10, 0xa3, 0x10, 0xa3, 0x10, 0xa3, 0x10,
    0xa3, 0x10, 0xa3, 0x10, 0xa3, 0x10, 0xa3, 0x10, 0xa3, 0x10, 0xa3, 0x10, 0xa3, 0x10, 0xa3, 0x10, 0xa3, 0x10, 0xa3,
    0x10, 0xa3, 0x10, 0xa3, 0x10, 0xa3, 0x10, 0xa3, 0x10, 0xa3, 0x10, 0xa3, 0x10, 0xa3, 0x10, 0xa3, 0x10, 0xa3, 0x10,
    0xa3, 0x10, 0xa3, 0x10, 0xa3, 0x10, 0xa3, 0x10, 0xa3, 0x10, 0xa3, 0x10, 0xa3, 0x10, 0xa3, 0x10, 0xa3, 0x10, 0xa3,
    0x10, 0xa3, 0x10, 0xa3, 0x10, 0xa3, 0x10, 0xa3, 0x10, 0xa3, 0x10, 0xa3, 0x10, 0xa3, 0x10, 0xa3, 0x10, 0xa3, 0x10,
    0xa3, 0x10, 0xa3, 0x10, 0xa3, 0x10, 0xa3, 0x10, 0xa3, 0x10, 0xa3, 0x10, 0xa3, 0x10, 0xa3, 0x10, 0xa3, 0x10, 0xa3,
    0x10, 0xa3, 0x10, 0xa3, 0x10, 0xa3, 0x10, 0xa3, 0x10, 0xa3, 0x10, 0xa3, 0x10, 0xa3, 0x10, 0xa3, 0x10, 0xa3, 0x10,
    0xa3, 0x10, 0xa3, 0x10, 0xa3, 0x10, 0xa3, 0x10, 0xa3, 0x10, 0xa3, 0x10, 0xa3, 0x10, 0xa3, 0x10, 0xa3, 0x10, 0xa3,
    0x10, 0xa3, 0x10, 0xa3, 0x10, 0xa3, 0x10, 0xa3, 0x10, 0xa3, 0x10, 0xa3, 0x10, 0xa3, 0x10, 0xa3, 0x10, 0xa3, 0x10,
    0xa3, 0x10, 0xa3, 0x10, 0xa3, 0x10, 0xa3, 0x10, 0xa3, 0x10, 0xa3, 0x10, 0xa3, 0x10, 0xa3, 0x10, 0xa3, 0x10, 0xa3,
    0x10, 0xa3, 0x10, 0xa3, 0x10, 0xa3, 0x10, 0xa3, 0x10, 0xa3, 0x10, 0xa3, 0x10, 0xa3, 0x10, 0xa3, 0x10, 0xa3, 0x10,
    0xa3, 0x10, 0xa3, 0x10, 0xa3, 0x10, 0xa3, 0x10, 0xa3, 0x10, 0xa3, 0x10, 0xa3, 0x10, 0xa3, 0x10, 0xa3, 0x10, 0xa3,
    0x10, 0xa3, 0x10, 0xa3, 0x10, 0xa3, 0x10, 0xa3, 0x10, 0xa3, 0x10, 0xa3, 0x10, 0xa3, 0x10, 0xa3, 0x10, 0xa3, 0x10,
    0xa3, 0x10, 0xa3, 0x10, 0xa3, 0x10, 0xa3, 0x10, 0xa3, 0x10, 0xa3, 0x10, 0xa3, 0x10, 0xa3, 0x10, 0xa3, 0x10, 0xa3,
    0x10, 0xa3, 0x10, 0xa3, 0x10, 0xa3, 0x10, 0xa3, 0x10, 0xa3, 0x10, 0xa3, 0x10, 0xa3, 0x10, 0xa3, 0x10, 0xa3, 0x10,
    0xa3, 0x10, 0xa3, 0x10, 0xa3, 0x10, 0xa3, 0x10, 0xa3, 0x10, 0xa3, 0x10, 0xa3, 0x10, 0xa3, 0x10, 0xa3, 0x10, 0xa3,
    0x10, 0xa3, 0x10, 0xa3, 0x10, 0xa3, 0x10, 0xa3, 0x10, 0xa3, 0x10, 0xa3, 0x10, 0xa3, 0x10, 0xa3, 0x10, 0xa3, 0x10,
    0xa3, 0x10, 0xa3, 0x10, 0xa3, 0x10, 0xa3, 0x10, 0xa3, 0x10, 0xa3, 0x10, 0xa3, 0x10, 0xa3, 0x10, 0xa3, 0x10, 0xa3,
    0x10, 0xa3, 0x10, 0xa3, 0x10, 0xa3, 0x10, 0xa3, 0x10, 0xa3, 0x10, 0xa3, 0x10, 0xa3, 0x10, 0xa3, 0x10, 0xa3, 0x10,
    0xa3, 0x10, 0xa3, 0x10, 0xa3, 0x10, 0xa3, 0x10, 0xa3, 0x10, 0xa3, 0x10, 0xa3, 0x10, 0xa3, 0x10, 0xa3, 0x10, 0xa3,
    0x10, 0xa3, 0x10, 0xa3, 0x10, 0xa3, 0x10, 0xa3, 0x10, 0xa3, 0x10, 0xa3, 0x10, 0xa3, 0x10, 0xa3, 0x10, 0xa3, 0x10,
    0xa3, 0x10, 0xa3, 0x10, 0xa3, 0x10, 0xa3, 0x10, 0xa3, 0x10, 0xa3, 0x10, 0xa3, 0x10, 0xa3, 0x10, 0xa3, 0x10, 0xa3,
    0x10, 0xa3, 0x10, 0xa3, 0x10, 0xa3, 0x10, 0xa3, 0x10, 0xa3, 0x10, 0xa3, 0x10, 0xa3, 0x10, 0xa3, 0x10, 0xa3, 0x10,
    0xa3, 0x10, 0xa3, 0x10, 0xa3, 0x10, 0xa3, 0x10, 0xa3, 0x10, 0xa3, 0x10, 0xa3, 0x10, 0xa3, 0x10, 0xa3, 0x10, 0xa3,
    0x10, 0xa3, 0x10, 0xa3, 0x10, 0xa3, 0x10, 0xa3, 0x10, 0xa3, 0x10, 0xa3, 0x10, 0xa3, 0x10, 0xa3, 0x10, 0xa3, 0x10,
    0xa3, 0x10, 0xa3, 0x10, 0xa3, 0x10, 0xa3, 0x10, 0xa3, 0x10, 0xa3, 0x10, 0xa3, 0x10, 0xa3, 0x10, 0xa3, 0x10, 0xa3,
    0x10, 0xa3, 0x10, 0xa3, 0x10, 0xa3, 0x10, 0xa3, 0x10, 0xa3, 0x10, 0xa3, 0x10, 0xa3, 0x10, 0xa3, 0x10, 0xa3, 0x10,
    0xa3, 0x10, 0xa3, 0x10, 0xa3, 0x10, 0xa3, 0x10, 0xa3, 0x10, 0xa3, 0x10, 0xa3, 0x10, 0xa3, 0x10, 0xa3, 0x10, 0xa3,
    0x10, 0xa3, 0x10, 0xa3, 0x10, 0xa3, 0x10, 0xa3, 0x10, 0xa3, 0x10, 0xa3, 0x10, 0xa3, 0x10, 0xa3, 0x10, 0xa3, 0x10,
    0xa3, 0x10, 0xa3, 0x10, 0xa3, 0x10, 0xa3, 0x10, 0xa3, 0x10, 0xa3, 0x10, 0xa3, 0x10, 0xa3, 0x10, 0xa3, 0x10, 0xa3,
    0x10, 0xa3, 0x10, 0xa3, 0x10, 0xa3, 0x10, 0xa3, 0x10, 0xa3, 0x10, 0xa3, 0x10, 0xa3, 0x10, 0xa3, 0x10, 0xa3, 0x10,
    0xa3, 0x10, 0xa3, 0x10, 0xa3, 0x10, 0xa3, 0x10, 0xa3, 0x10, 0xa3, 0x10, 0xa3, 0x10, 0xa3, 0x10, 0xa3, 0x10, 0xa3,
    0x10, 0xa3, 0x10, 0xa3, 0x10, 0xa3, 0x10, 0xa3, 0x10, 0xa3, 0x10, 0xa3, 0x10, 0xa3, 0x10, 0xa3, 0x10, 0xa3, 0x10,
    0xa3, 0x10, 0xa3, 0x10, 0xa3, 0x10, 0xa3, 0x10, 0xa3, 0x10, 0xa3, 0x10, 0xa3, 0x10, 0xa3, 0x10, 0xa3, 0x10, 0xa3,
    0x10, 0xa3, 0x10, 0xa3, 0x10, 0xa3, 0x10, 0xa3, 0x10, 0xa3, 0x10, 0xa3, 0x10, 0xa3, 0x10, 0xa3, 0x10, 0xa3, 0x10,
    0xa3, 0x10, 0xa3, 0x10, 0xa3, 0x10, 0xa3, 0x10, 0xa3, 0x10, 0xa3, 0x10, 0xa3, 0x10, 0xa3, 0x10, 0xa3, 0x10, 0xa3,
    0x10, 0xa3, 0x10, 0xa3, 0x10, 0xa3, 0x10, 0xa3, 0x10, 0xa3, 0x10, 0xa3, 0x10, 0xa3, 0x10, 0xa3, 0x10, 0xa3, 0x10,
    0xa3, 0x10, 0xa3, 0x10, 0xa3, 0x10, 0xa3, 0x10, 0xa3, 0x10, 0xa3, 0x10, 0xa3, 0x10, 0xa3, 0x10, 0xa3, 0x10, 0xa3,
    0x10, 0xa3, 0x10, 0xa3, 0x10, 0xa3, 0x10, 0xa3, 0x10, 0xa3, 0x10, 0xa3, 0x10, 0xa3, 0x10, 0xa3, 0x10, 0xa3, 0x10,
    0xa3, 0x10, 0xa3, 0x10, 0xa3, 0x10, 0xa3, 0x10, 0xa3, 0x10, 0xa3, 0x10, 0xa3, 0x10, 0xa3, 0x10, 0xa3, 0x10, 0xa3,
    0x10, 0xa3, 0x10, 0xa3, 0x10, 0xa3, 0x10, 0xa3, 0x10, 0xa3, 0x10, 0xa3, 0x10, 0xa3, 0x10, 0xa3, 0x10, 0xa3, 0x10,
    0xa3, 0x10, 0xa3, 0x10, 0xa3, 0x10, 0xa3, 0x10, 0xa3, 0x10, 0xa3, 0x10, 0xa3, 0x10, 0xa3, 0x10, 0xa3, 0x10, 0xa3,
    0x10, 0xa3, 0x10, 0xa3, 0x10, 0xa3, 0x10, 0xa3, 0x10, 0xa3, 0x10, 0xa3, 0x10, 0xa3, 0x10, 0xa3, 0x10, 0xa3, 0x10,
    0xa3, 0x10, 0xa3, 0x10, 0xa3, 0x10, 0xa3, 0x10, 0xa3, 0x10, 0xa3, 0x10, 0xa3, 0x10, 0xa3, 0x10, 0xa3, 0x10, 0xa3,
    0x10, 0xa3, 0x10, 0xa3, 0x10, 0xa3, 0x10, 0xa3, 0x10, 0xa3, 0x10, 0xa3, 0x10, 0xa3, 0x10, 0xa3, 0x10, 0xa3, 0x10,
    0xa3, 0x10, 0xa3, 0x10, 0xa3, 0x10, 0xa3, 0x10, 0xa3, 0x10, 0xa3, 0x10, 0xa3, 0x10, 0xa3, 0x10, 0xa3, 0x10, 0xa3,
    0x10, 0xa3, 0x10, 0xa3, 0x10, 0xa3, 0x10, 0xa3, 0x10, 0xa3, 0x10, 0xa3, 0x10, 0xa3, 0x10, 0xa3, 0x10, 0xa3, 0x10,
    0xa3, 0x10, 0xa3, 0x10, 0xa3, 0x10, 0xa3, 0x10, 0xa3, 0x10, 0xa3, 0x10, 0xa3, 0x10, 0xa3, 0x10, 0xa3, 0x10, 0xa3,
    0x10, 0xa3, 0x10, 0xa3, 0x10, 0xa3, 0x10, 0xa3, 0x10, 0xa3, 0x10, 0xa3, 0x10, 0xa3, 0x10, 0xa3, 0x10, 0xa3, 0x10,
    0xa3, 0x10, 0xa3, 0x10, 0xa3, 0x10, 0xa3, 0x10, 0xa3, 0x10, 0xa3, 0x10, 0xa3, 0x10, 0xa3, 0x10, 0xa3, 0x10, 0xa3,
    0x10, 0xa3, 0x10, 0xa3, 0x10, 0xa3, 0x10, 0xa3, 0x10, 0xa3, 0x10, 0xa3, 0x10, 0xa3, 0x10, 0xa3, 0x10, 0xa3, 0x10,
    0xa3, 0x10, 0xa3, 0x10, 0xa3, 0x10, 0xa3, 0x10, 0xa3, 0x10, 0xa3, 0x10, 0xa3, 0x10, 0xa3, 0x10, 0xa3, 0x10, 0xa3,
    0x10, 0xa3, 0x10, 0xa3, 0x10, 0xa3, 0x10, 0xa3, 0x10, 0xa3, 0x10, 0xa3, 0x10, 0xa3, 0x10, 0xa3, 0x10, 0xa3, 0x10,
    0xa3, 0x10, 0xa3, 0x10, 0xa3, 0x10, 0xa3, 0x10, 0xa3, 0x10, 0xa3, 0x10, 0xa3, 0x10, 0xa3, 0x10, 0xa3, 0x10, 0xa3,
    0x10, 0xa3, 0x10, 0xa3, 0x10, 0xa3, 0x10, 0xa3, 0x10, 0xa3, 0x10, 0xa3, 0x10, 0xa3, 0x10, 0xa3, 0x10, 0xa3, 0x10,
    0xa3, 0x10, 0xa3, 0x10, 0xa3, 0x10, 0xa3, 0x10, 0xa3, 0x10, 0xa3, 0x10, 0xa3, 0x10, 0xa3, 0x10, 0xa3, 0x10, 0xa3,
    0x10, 0xa3, 0x10, 0xa3, 0x10, 0xa3, 0x10, 0xa3, 0x10, 0xa3, 0x10, 0xa3, 0x10, 0xa3, 0x10, 0xa3, 0x10, 0xa3, 0x10,
    0xa3, 0x10, 0xa3, 0x10, 0xa3, 0x10, 0xa3, 0x10, 0xa3, 0x10, 0xa3, 0x10, 0xa3, 0x10, 0xa3, 0x10, 0xa3, 0x10, 0xa3,
    0x10, 0xa3, 0x10, 0xa3, 0x10, 0xa3, 0x10, 0xa3, 0x10, 0xa3, 0x10, 0xa3, 0x10, 0xa3, 0x10, 0xa3, 0x10, 0xa3, 0x10,
    0xa3, 0x10, 0xa3, 0x10, 0xa3, 0x10, 0xa3, 0x10, 0xa3, 0x10, 0xa3, 0x10, 0xa3, 0x10, 0xa3, 0x10, 0xa3, 0x10, 0xa3,
    0x10, 0xa3, 0x10, 0xa3, 0x10, 0xa3, 0x10, 0xa3, 0x10, 0xa3, 0x10, 0xa3, 0x10, 0xa3, 0x10, 0xa3, 0x10, 0xa3, 0x10,
    0xa3, 0x10, 0xa3, 0x10, 0xa3, 0x10, 0xa3, 0x10, 0xa3, 0x10, 0xa3, 0x10, 0xa3, 0x10, 0xa3, 0x10, 0xa3, 0x10, 0xa3,
    0x10, 0xa3, 0x10, 0xa3, 0x10, 0xa3, 0x10, 0xa3, 0x10, 0xa3, 0x10, 0xa3, 0x10, 0xa3, 0x10, 0xa3, 0x10, 0xa3, 0x10,
    0xa3, 0x10, 0xa3, 0x10, 0xa3, 0x10, 0xa3, 0x10, 0xa3, 0x10, 0xa3, 0x10, 0xa3, 0x10, 0xa3, 0x10, 0xa3, 0x10, 0xa3,
    0x10, 0xa3, 0x10, 0xa3, 0x10, 0xa3, 0x10, 0xa3, 0x10, 0xa3, 0x10, 0xa3, 0x10, 0xa3, 0x10, 0xa3, 0x10, 0xa3, 0x10,
    0xa3, 0x10, 0xa3, 0x10, 0xa3, 0x10, 0xa3, 0x10, 0xa3, 0x10, 0xa3, 0x10, 0xa3, 0x10, 0xa3, 0x10, 0xa3, 0x10, 0xa3,
    0x10, 0xa3, 0x10, 0xa3, 0x10, 0xa3, 0x10, 0xa3, 0x10, 0xa3, 0x10, 0xa3, 0x10, 0xa3, 0x10, 0xa3, 0x10, 0xa3, 0x10,
    0xa3, 0x10, 0xa3, 0x10, 0xa3, 0x10, 0xa3, 0x10, 0xa3, 0x10, 0xa3, 0x10, 0xa3, 0x10, 0xa3, 0x10, 0xa3, 0x10, 0xa3,
    0x10, 0xa3, 0x10, 0xa3, 0x10, 0xa3, 0x10, 0xa3, 0x10, 0xa3, 0x10, 0xa3, 0x10, 0xa3, 0x10, 0xa3, 0x10, 0xa3, 0x10,
    0xa3, 0x10, 0xa3, 0x10, 0xa3, 0x10, 0xa3, 0x10, 0xa3, 0x10, 0xa3, 0x10, 0xa3, 0x10, 0xa3, 0x10, 0xa3, 0x10, 0xa3,
    0x10, 0xa3, 0x10, 0xa3, 0x10, 0xa3, 0x10, 0xa3, 0x10, 0xa3, 0x10, 0xa3, 0x10, 0xa3, 0x10, 0xa3, 0x10, 0xa3, 0x10,
    0xa3, 0x10, 0xa3, 0x10, 0xa3, 0x10, 0xa3, 0x10, 0xa3, 0x10, 0xa3, 0x10, 0xa3, 0x10, 0xa3, 0x10, 0xa3, 0x10, 0xa3,
    0x10, 0xa3, 0x10, 0xa3, 0x10, 0xa3, 0x10, 0xa3, 0x10, 0xa3, 0x10, 0xa3, 0x10, 0xa3, 0x10, 0xa3, 0x10, 0xa3, 0x10,
    0xa3, 0x10, 0xa3, 0x10, 0xa3, 0x10, 0xa3, 0x10, 0xa3, 0x10, 0xa3, 0x10, 0xa3, 0x10, 0xa3, 0x10, 0xa3, 0x10, 0xa3,
    0x10, 0xa3, 0x10, 0xa3, 0x10, 0xa3, 0x10, 0xa3, 0x10, 0xa3, 0x10, 0xa3, 0x10, 0xa3, 0x10, 0xa3, 0x10, 0xa3, 0x10,
    0xa3, 0x10, 0xa3, 0x10, 0xa3, 0x10, 0xa3, 0x10, 0xa3, 0x10, 0xa3, 0x10, 0xa3, 0x10, 0xa3, 0x10, 0xa3, 0x10, 0xa3,
    0x10, 0xa3, 0x10, 0xa3, 0x10, 0xa3, 0x10, 0xa3, 0x10, 0xa3, 0x10, 0xa3, 0x10, 0xa3, 0x10, 0xa3, 0x10, 0xa3, 0x10,
    0xa3, 0x10, 0xa3, 0x10, 0xa3, 0x10, 0xa3, 0x10, 0xa3, 0x10, 0xa3, 0x10, 0xa3, 0x10, 0xa3, 0x10, 0xa3, 0x10, 0xa3,
    0x10, 0xa3, 0x10, 0xa3, 0x10, 0xa3, 0x10, 0xa3, 0x10, 0xa3, 0x10, 0xa3, 0x10, 0xa3, 0x10, 0xa3, 0x10, 0xa3, 0x10,
    0xa3, 0x10, 0xa3, 0x10, 0xa3, 0x10, 0xa3, 0x10, 0xa3, 0x10, 0xa3, 0x10, 0xa3, 0x10, 0xa3, 0x10, 0xa3, 0x10, 0xa3,
    0x10, 0xa3, 0x10, 0xa3, 0x10, 0xa3, 0x10, 0xa3, 0x10, 0xa3, 0x10, 0xa3, 0x10, 0xa3, 0x10, 0xa3, 0x10, 0xa3, 0x10,
    0xa3, 0x10, 0xa3, 0x10, 0xa3, 0x10, 0xa3, 0x10, 0xa3, 0x10, 0xa3, 0x10, 0xa3, 0x10, 0xa3, 0x10, 0xa3, 0x10, 0xa3,
    0x10, 0xa3, 0x10, 0xa3, 0x10, 0xa3, 0x10, 0xa3, 0x10, 0xa3, 0x10, 0xa3, 0x10, 0xa3, 0x10, 0xa3, 0x10, 0xa3, 0x10,
    0xa3, 0x10, 0xa3, 0x10, 0xa3, 0x10, 0xa3, 0x10, 0xa3, 0x10, 0xa3, 0x10, 0xa3, 0x10, 0xa3, 0x10, 0xa3, 0x10, 0xa3,
    0x10, 0xa3, 0x10, 0xa3, 0x10, 0xa3, 0x10, 0xa3, 0x10, 0xa3, 0x10, 0xa3, 0x10, 0xa3, 0x10, 0xa3, 0x10, 0xa3, 0x10,
    0xa3, 0x10, 0xa3, 0x10, 0xa3, 0x10, 0xa3, 0x10, 0xa3, 0x10, 0xa3, 0x10, 0xa3, 0x10, 0xa3, 0x10, 0xa3, 0x10, 0xa3,
    0x10, 0xa3, 0x10, 0xa3, 0x10, 0xa3, 0x10, 0xa3, 0x10, 0xa3, 0x10, 0xa3, 0x10, 0xa3, 0x10, 0xa3, 0x10, 0xa3, 0x10,
    0xa3, 0x10, 0xa3, 0x10, 0xa3, 0x10, 0xa3, 0x10, 0xa3, 0x10, 0xa3, 0x10, 0xa3, 0x10, 0xa3, 0x10, 0xa3, 0x10, 0xa3,
    0x10, 0xa3, 0x10, 0xa3, 0x10, 0xa3, 0x10, 0xa3, 0x10, 0xa3, 0x10, 0xa3, 0x10, 0xa3, 0x10, 0xa3, 0x10, 0xa3, 0x10,
    0xa3, 0x10, 0xa3, 0x10, 0xa3, 0x10, 0xa3, 0x10, 0xa3, 0x10, 0xa3, 0x10, 0xa3, 0x10, 0xa3, 0x10, 0xa3, 0x10, 0xa3,
    0x10, 0xa3, 0x10, 0xa3, 0x10, 0xa3, 0x10, 0xa3, 0x10, 0xa3, 0x10, 0xa3, 0x10, 0xa3, 0x10, 0xa3, 0x10, 0xa3, 0x10,
    0xa3, 0x10, 0xa3, 0x10, 0xa3, 0x10, 0xa3, 0x10, 0xa3, 0x10, 0xa3, 0x10, 0xa3, 0x10, 0xa3, 0x10, 0xa3, 0x10, 0xa3,
    0x10, 0xa3, 0x10, 0xa3, 0x10, 0xa3, 0x10, 0xa3, 0x10, 0xa3, 0x10, 0xa3, 0x10, 0xa3, 0x10, 0xa3, 0x10, 0xa3, 0x10,
    0xa3, 0x10, 0xa3, 0x10, 0xa3, 0x10, 0xa3, 0x10, 0xa3, 0x10, 0xa3, 0x10, 0xa3, 0x10, 0xa3, 0x10, 0xa3, 0x10, 0xa3,
    0x10, 0xa3, 0x10, 0xa3, 0x10, 0xa3, 0x10, 0xa3, 0x10, 0xa3, 0x10, 0xa3, 0x10, 0xa3, 0x10, 0xa3, 0x10, 0xa3, 0x10,
    0xa3, 0x10, 0xa3, 0x10, 0xa3, 0x10, 0xa3, 0x10, 0xa3, 0x10, 0xa3, 0x10, 0xa3, 0x10, 0xa3, 0x10, 0xa3, 0x10, 0xa3,
    0x10, 0xa3, 0x10, 0xa3, 0x10, 0xa3, 0x10, 0xa3, 0x10, 0xa3, 0x10, 0xa3, 0x10, 0xa3, 0x10, 0xa3, 0x10, 0xa3, 0x10,
    0xa3, 0x10, 0xa3, 0x10, 0xa3, 0x10, 0xa3, 0x10, 0xa3, 0x10, 0xa3, 0x10, 0xa3, 0x10, 0xa3, 0x10, 0xa3, 0x10, 0xa3,
    0x10, 0xa3, 0x10, 0xa3, 0x10, 0xa3, 0x10, 0xa3, 0x10, 0xa3, 0x10, 0xa3, 0x10, 0xa3, 0x10, 0xa3, 0x10, 0xa3, 0x10,
    0xa3, 0x10, 0xa3, 0x10, 0xa3, 0x10, 0xa3, 0x10, 0xa3, 0x10, 0xa3, 0x10, 0xa3, 0x10, 0xa3, 0x10, 0xa3, 0x10, 0xa3,
    0x10, 0xa3, 0x10, 0xa3, 0x10, 0xa3, 0x10, 0xa3, 0x10, 0xa3, 0x10, 0xa3, 0x10, 0xa3, 0x10, 0xa3, 0x10, 0xa3, 0x10,
    0xa3, 0x10, 0xa3, 0x10, 0xa3, 0x10, 0xa3, 0x10, 0xa3, 0x10, 0xa3, 0x10, 0xa3, 0x10, 0xa3, 0x10, 0xa3, 0x10, 0xa3,
    0x10, 0xa3, 0x10, 0xa3, 0x10, 0xa3, 0x10, 0xa3, 0x10, 0xa3, 0x10, 0xa3, 0x10, 0xa3, 0x10, 0xa3, 0x10, 0xa3, 0x10,
    0xa3, 0x10, 0xa3, 0x10, 0xa3, 0x10, 0xa3, 0x10, 0xa3, 0x10, 0xa3, 0x10, 0xa3, 0x10, 0xa3, 0x10, 0xa3, 0x10, 0xa3,
    0x10, 0xa3, 0x10, 0xa3, 0x10, 0xa3, 0x10, 0xa3, 0x10, 0xa3, 0x10, 0xa3, 0x10, 0xa3, 0x10, 0xa3, 0x10, 0xa3, 0x10,
    0xa3, 0x10, 0xa3, 0x10, 0xa3, 0x10, 0xa3, 0x10, 0xa3, 0x10, 0xa3, 0x10, 0xa3, 0x10, 0xa3, 0x10, 0xa3, 0x10, 0xa3,
    0x10, 0xa3, 0x10, 0xa3, 0x10, 0xa3, 0x10, 0xa3, 0x10, 0xa3, 0x10, 0xa3, 0x10, 0xa3, 0x10, 0xa3, 0x10, 0xa3, 0x10,
    0xa3, 0x10, 0xa3, 0x10, 0xa3, 0x10, 0xa3, 0x10, 0xa3, 0x10, 0xa3, 0x10, 0xa3, 0x10, 0xa3, 0x10, 0xa3, 0x10, 0xa3,
    0x10, 0xa3, 0x10, 0xa3, 0x10, 0xa3, 0x10, 0xa3, 0x10, 0xa3, 0x10, 0xa3, 0x10, 0xa3, 0x10, 0xa3, 0x10, 0xa3, 0x10,
    0xa3, 0x10, 0xa3, 0x10, 0xa3, 0x10, 0xa3, 0x10, 0xa3, 0x10, 0xa3, 0x10, 0xa3, 0x10, 0xa3, 0x10, 0xa3, 0x10, 0xa3,
    0x10, 0xa3, 0x10, 0xa3, 0x10, 0xa3, 0x10, 0xa3, 0x10, 0xa3, 0x10, 0xa3, 0x10, 0xa3, 0x10, 0xa3, 0x10, 0xa3, 0x10,
    0xa3, 0x10, 0xa3, 0x10, 0xa3, 0x10, 0xa3, 0x10, 0xa3, 0x10, 0xa3, 0x10, 0xa3, 0x10, 0xa3, 0x10, 0xa3, 0x10, 0xa3,
    0x10, 0xa3, 0x10, 0xa3, 0x10, 0xa3, 0x10, 0xa3, 0x10, 0xa3, 0x10, 0xa3, 0x10, 0xa3, 0x10, 0xa3, 0x10, 0xa3, 0x10,
    0xa3, 0x10, 0xa3, 0x10, 0xa3, 0x10, 0xa3, 0x10, 0xa3, 0x10, 0xa3, 0x10, 0xa3, 0x10, 0xa3, 0x10, 0xa3, 0x10, 0xa3,
    0x10, 0xa3, 0x10, 0xa3, 0x10, 0xa3, 0x10, 0xa3, 0x10, 0xa3, 0x10, 0xa3, 0x10, 0xa3, 0x10, 0xa3, 0x10, 0xa3, 0x10,
    0xa3, 0x10, 0xa3, 0x10, 0xa3, 0x10, 0xa3, 0x10, 0xa3, 0x10, 0xa3, 0x10, 0xa3, 0x10, 0xa3, 0x10, 0xa3, 0x10, 0xa3,
    0x10, 0xa3, 0x10, 0xa3, 0x10, 0xa3, 0x10, 0xa3, 0x10, 0xa3, 0x10, 0xa3, 0x10, 0xa3, 0x10, 0xa3, 0x10, 0xa3, 0x10,
    0xa3, 0x10, 0xa3, 0x10, 0xa3, 0x10, 0xa3, 0x10, 0xa3, 0x10, 0xa3, 0x10, 0xa3, 0x10, 0xa3, 0x10, 0xa3, 0x10, 0xa3,
    0x10, 0xa3, 0x10, 0xa3, 0x10, 0xa3, 0x10, 0xa3, 0x10, 0xa3, 0x10, 0xa3, 0x10, 0xa3, 0x10, 0xa3, 0x10, 0xa3, 0x10,
    0xa3, 0x10, 0xa3, 0x10, 0xa3, 0x10, 0xa3, 0x10, 0xa3, 0x10, 0xa3, 0x10, 0xa3, 0x10, 0xa3, 0x10, 0xa3, 0x10, 0xa3,
    0x10, 0xa3, 0x10, 0xa3, 0x10, 0xa3, 0x10, 0xa3, 0x10, 0xa3, 0x10, 0xa3, 0x10, 0xa3, 0x10, 0xa3, 0x10, 0xa3, 0x10,
    0xa3, 0x10, 0xa3, 0x10, 0xa3, 0x10, 0xa3, 0x10, 0xa3, 0x10, 0xa3, 0x10, 0xa3, 0x10, 0xa3, 0x10, 0xa3, 0x10, 0xa3,
    0x10, 0xa3, 0x10, 0xa3, 0x10, 0xa3, 0x10, 0xa3, 0x10, 0xa3, 0x10, 0xa3, 0x10, 0xa3, 0x10, 0xa3, 0x10, 0xa3, 0x10,
    0xa3, 0x10, 0xa3, 0x10, 0xa3, 0x10, 0xa3, 0x10, 0xa3, 0x10, 0xa3, 0x10, 0xa3, 0x10, 0xa3, 0x10, 0xa3, 0x10, 0xa3,
    0x10, 0xa3, 0x10, 0xa3, 0x10, 0xa3, 0x10, 0xa3, 0x10, 0xa3, 0x10, 0xa3, 0x10, 0xa3, 0x10, 0xa3, 0x10, 0xa3, 0x10,
    0xa3, 0x10, 0xa3, 0x10, 0xa3, 0x10, 0xa3, 0x10, 0xa3, 0x10, 0xa3, 0x10, 0xa3, 0x10, 0xa3, 0x10, 0xa3, 0x10, 0xa3,
    0x10, 0xa3, 0x10, 0xa3, 0x10, 0xa3, 0x10, 0xa3, 0x10, 0xa3, 0x10, 0xa3, 0x10, 0xa3, 0x10, 0xa3, 0x10, 0xa3, 0x10,
    0xa3, 0x10, 0xa3, 0x10, 0xa3, 0x10, 0xa3, 0x10, 0xa3, 0x10, 0xa3, 0x10, 0xa3, 0x10, 0xa3, 0x10, 0xa3, 0x10, 0xa3,
    0x10, 0xa3, 0x10, 0xa3, 0x10, 0xa3, 0x10, 0xa3, 0x10, 0xa3, 0x10, 0xa3, 0x10, 0xa3, 0x10, 0xa3, 0x10, 0xa3, 0x10,
    0xa3, 0x10, 0xa3, 0x10, 0xa3, 0x10, 0xa3, 0x10, 0xa3, 0x10, 0xa3, 0x10, 0xa3, 0x10, 0xa3, 0x10, 0xa3, 0x10, 0xa3,
    0x10, 0xa3, 0x10, 0xa3, 0x10, 0xa3, 0x10, 0xa3, 0x10, 0xa3, 0x10, 0xa3, 0x10, 0xa3, 0x10, 0xa3, 0x10, 0xa3, 0x10,
    0xa3, 0x10, 0xa3, 0x10, 0xa3, 0x10, 0xa3, 0x10, 0xa3, 0x10, 0xa3, 0x10, 0xa3, 0x10, 0xa3, 0x10, 0xa3, 0x10, 0xa3,
    0x10, 0xa3, 0x10, 0xa3, 0x10, 0xa3, 0x10, 0xa3, 0x10, 0xa3, 0x10, 0xa3, 0x10, 0xa3, 0x10, 0xa3, 0x10, 0xa3, 0x10,
    0xa3, 0x10, 0xa3, 0x10, 0xa3, 0x10, 0xa3, 0x10, 0xa3, 0x10, 0xa3, 0x10, 0xa3, 0x10, 0xa3, 0x10, 0xa3, 0x10, 0xa3,
    0x10, 0xa3, 0x10, 0xa3, 0x10, 0xa3, 0x10, 0xa3, 0x10, 0xa3, 0x10, 0xa3, 0x10, 0xa3, 0x10, 0xa3, 0x10, 0xa3, 0x10,
    0xa3, 0x10, 0xa3, 0x10, 0xa3, 0x10, 0xa3, 0x10, 0xa3, 0x10, 0xa3, 0x10, 0xa3, 0x10, 0xa3, 0x10, 0xa3, 0x10, 0xa3,
    0x10, 0xa3, 0x10, 0xa3, 0x10, 0xa3, 0x10, 0xa3, 0x10, 0xa3, 0x10, 0xa3, 0x10, 0xa3, 0x10, 0xa3, 0x10, 0xa3, 0x10,
    0xa3, 0x10, 0xa3, 0x10, 0xa3, 0x10, 0xa3, 0x10, 0xa3, 0x10, 0xa3, 0x10, 0xa3, 0x10, 0xa3, 0x10, 0xa3, 0x10, 0xa3,
    0x10, 0xa3, 0x10, 0xa3, 0x10, 0xa3, 0x10, 0xa3, 0x10, 0xa3, 0x10, 0xa3, 0x10, 0xa3, 0x10, 0xa3, 0x10, 0xa3, 0x10,
    0xa3, 0x10, 0xa3, 0x10, 0xa3, 0x10, 0xa3, 0x10, 0xa3, 0x10, 0xa3, 0x10, 0xa3, 0x10, 0xa3, 0x10, 0xa3, 0x10, 0xa3,
    0x10, 0xa3, 0x10, 0xa3, 0x10, 0xa3, 0x10, 0xa3, 0x10, 0xa3, 0x10, 0xa3, 0x10, 0xa3, 0x10, 0xa3, 0x10, 0xa3, 0x10,
    0xa3, 0x10, 0xa3, 0x10, 0xa3, 0x10, 0xa3, 0x10, 0xa3, 0x10, 0xa3, 0x10, 0xa3, 0x10, 0xa3, 0x10, 0xa3, 0x10, 0xa3,
    0x10, 0xa3, 0x10, 0xa3, 0x10, 0xa3, 0x10, 0xa3, 0x10, 0xa3, 0x10, 0xa3, 0x10, 0xa3, 0x10, 0xa3, 0x10, 0xa3, 0x10,
    0xa3, 0x10, 0xa3, 0x10, 0xa3, 0x10, 0xa3, 0x10, 0xa3, 0x10, 0xa3, 0x10, 0xa3, 0x10, 0xa3, 0x10, 0xa3, 0x10, 0xa3,
    0x10, 0xa3, 0x10, 0xa3, 0x10, 0xa3, 0x10, 0xa3, 0x10, 0xa3, 0x10, 0xa3, 0x10, 0xa3, 0x10, 0xa3, 0x10, 0xa3, 0x10,
    0xa3, 0x10, 0xa3, 0x10, 0xa3, 0x10, 0xa3, 0x10, 0xa3, 0x10, 0xa3, 0x10, 0xa3, 0x10, 0xa3, 0x10, 0xa3, 0x10, 0xa3,
    0x10, 0xa3, 0x10, 0xa3, 0x10, 0xa3, 0x10, 0xa3, 0x10, 0xa3, 0x10, 0xa3, 0x10, 0xa3, 0x10, 0xa3, 0x10, 0xa3, 0x10,
    0xa3, 0x10, 0xa3, 0x10, 0xa3, 0x10, 0xa3, 0x10, 0xa3, 0x10, 0xa3, 0x10, 0xa3, 0x10, 0xa3, 0x10, 0xa3, 0x10, 0xa3,
    0x10, 0xa3, 0x10, 0xa3, 0x10, 0xa3, 0x10, 0xa3, 0x10, 0xa3, 0x10, 0xa3, 0x10, 0xa3, 0x10, 0xa3, 0x10, 0xa3, 0x10,
    0xa3, 0x10, 0xa3, 0x10, 0xa3, 0x10, 0xa3, 0x10, 0xa3, 0x10, 0xa3, 0x10, 0xa3, 0x10, 0xa3, 0x10, 0xa3, 0x10, 0xa3,
    0x10, 0xa3, 0x10, 0xa3, 0x10, 0xa3, 0x10, 0xa3, 0x10, 0xa3, 0x10, 0xa3, 0x10, 0xa3, 0x10, 0xa3, 0x10, 0xa3, 0x10,
    0xa3, 0x10, 0xa3, 0x10, 0xa3, 0x10, 0xa3, 0x10, 0xa3, 0x10, 0xa3, 0x10, 0xa3, 0x10, 0xa3, 0x10, 0xa3, 0x10, 0xa3,
    0x10, 0xa3, 0x10, 0xa3, 0x10, 0xa3, 0x10, 0xa3, 0x10, 0xa3, 0x10, 0xa3, 0x10, 0xa3, 0x10, 0xa3, 0x10, 0xa3, 0x10,
    0xa3, 0x10, 0xa3, 0x10, 0xa3, 0x10, 0xa3, 0x10, 0xa3, 0x10, 0xa3, 0x10, 0xa3, 0x10, 0xa3, 0x10, 0xa3, 0x10, 0xa3,
    0x10, 0xa3, 0x10, 0xa3, 0x10, 0xa3, 0x10, 0xa3, 0x10, 0xa3, 0x10, 0xa3, 0x10, 0xa3, 0x10, 0xa3, 0x10, 0xa3, 0x10,
    0xa3, 0x10, 0xa3, 0x10, 0xa3, 0x10, 0xa3, 0x10, 0xa3, 0x10, 0xa3, 0x10, 0xa3, 0x10, 0xa3, 0x10, 0xa3, 0x10, 0xa3,
    0x10, 0xa3, 0x10, 0xa3, 0x10, 0xa3, 0x10, 0xa3, 0x10, 0xa3, 0x10, 0xa3, 0x10, 0xa3, 0x10, 0xa3, 0x10, 0xa3, 0x10,
    0xa3, 0x10, 0xa3, 0x10, 0xa3, 0x10, 0xa3, 0x10, 0xa3, 0x10, 0xa3, 0x10, 0xa3, 0x10, 0xa3, 0x10, 0xa3, 0x10, 0xa3,
    0x10, 0xa3, 0x10, 0xa3, 0x10, 0xa3, 0x10, 0xa3, 0x10, 0xa3, 0x10, 0xa3, 0x10, 0xa3, 0x10, 0xa3, 0x10, 0xa3, 0x10,
    0xa3, 0x10, 0xa3, 0x10, 0xa3, 0x10, 0xa3, 0x10, 0xa3, 0x10, 0xa3, 0x10, 0xa3, 0x10, 0xa3, 0x10, 0xa3, 0x10, 0xa3,
    0x10, 0xa3, 0x10, 0xa3, 0x10, 0xa3, 0x10, 0xa3, 0x10, 0xa3, 0x10, 0xa3, 0x10, 0xa3, 0x10, 0xa3, 0x10, 0xa3, 0x10,
    0xa3, 0x10, 0xa3, 0x10, 0xa3, 0x10, 0xa3, 0x10, 0xa3, 0x10, 0xa3, 0x10, 0xa3, 0x10, 0xa3, 0x10, 0xa3, 0x10, 0xa3,
    0x10, 0xa3, 0x10, 0xa3, 0x10, 0xa3, 0x10, 0xa3, 0x10, 0xa3, 0x10, 0xa3, 0x10, 0xa3, 0x10, 0xa3, 0x10, 0xa3, 0x10,
    0xa3, 0x10, 0xa3, 0x10, 0xa3, 0x10, 0xa3, 0x10, 0xa3, 0x10, 0xa3, 0x10, 0xa3, 0x10, 0xa3, 0x10, 0xa3, 0x10, 0xa3,
    0x10, 0xa3, 0x10, 0xa3, 0x10, 0xa3, 0x10, 0xa3, 0x10, 0xa3, 0x10, 0xa3, 0x10, 0xa3, 0x10, 0xa3, 0x10, 0xa3, 0x10,
    0xa3, 0x10, 0xa3, 0x10, 0xa3, 0x10, 0xa3, 0x10, 0xa3, 0x10, 0xa3, 0x10, 0xa3, 0x10, 0xa3, 0x10, 0xa3, 0x10, 0xa3,
    0x10, 0xa3, 0x10, 0xa3, 0x10, 0xa3, 0x10, 0xa3, 0x10, 0xa3, 0x10, 0xa3, 0x10, 0xa3, 0x10, 0xa3, 0x10, 0xa3, 0x10,
    0xa3, 0x10, 0xa3, 0x10, 0xa3, 0x10, 0xa3, 0x10, 0xa3, 0x10, 0xa3, 0x10, 0xa3, 0x10, 0xa3, 0x10, 0xa3, 0x10, 0xa3,
    0x10, 0xa3, 0x10, 0xa3, 0x10, 0xa3, 0x10, 0xa3, 0x10, 0xa3, 0x10, 0xa3, 0x10, 0xa3, 0x10, 0xa3, 0x10, 0xa3, 0x10,
    0xa3, 0x10, 0xa3, 0x10, 0xa3, 0x10, 0xa3, 0x10, 0xa3, 0x10, 0xa3, 0x10, 0xa3, 0x10, 0xa3, 0x10, 0xa3, 0x10, 0xa3,
    0x10, 0xa3, 0x10, 0xa3, 0x10, 0xa3, 0x10, 0xa3, 0x10, 0xa3, 0x10, 0xa3, 0x10, 0xa3, 0x10, 0xa3, 0x10, 0xa3, 0x10,
    0xa3, 0x10, 0xa3, 0x10, 0xa3, 0x10, 0xa3, 0x10, 0xa3, 0x10, 0xa3, 0x10, 0xa3, 0x10, 0xa3, 0x10, 0xa3, 0x10, 0xa3,
    0x10, 0xa3, 0x10, 0xa3, 0x10, 0xa3, 0x10, 0xa3, 0x10, 0xa3, 0x10, 0xa3, 0x10, 0xa3, 0x10, 0xa3, 0x10, 0xa3, 0x10,
    0xa3, 0x10, 0xa3, 0x10, 0xa3, 0x10, 0xa3, 0x10, 0xa3, 0x10, 0xa3, 0x10, 0xa3, 0x10, 0xa3, 0x10, 0xa3, 0x10, 0xa3,
    0x10, 0xa3, 0x10, 0xa3, 0x10, 0xa3, 0x10, 0xa3, 0x10, 0xa3, 0x10, 0xa3, 0x10, 0xa3, 0x10, 0xa3, 0x10, 0xa3, 0x10,
    0xa3, 0x10, 0xa3, 0x10, 0xa3, 0x10, 0xa3, 0x10, 0xa3, 0x10, 0xa3, 0x10, 0xa3, 0x10, 0xa3, 0x10, 0xa3, 0x10, 0xa3,
    0x10, 0xa3, 0x10, 0xa3, 0x10, 0xa3, 0x10, 0xa3, 0x10, 0xa3, 0x10, 0xa3, 0x10, 0xa3, 0x10, 0xa3, 0x10, 0xa3, 0x10,
    0xa3, 0x10, 0xa3, 0x10, 0xa3, 0x10, 0xa3, 0x10, 0xa3, 0x10, 0xa3, 0x10, 0xa3, 0x10, 0xa3, 0x10, 0xa3, 0x10, 0xa3,
    0x10, 0xa3, 0x10, 0xa3, 0x10, 0xa3, 0x10, 0xa3, 0x10, 0xa3, 0x10, 0xa3, 0x10, 0xa3, 0x10, 0xa3, 0x10, 0xa3, 0x10,
    0xa3, 0x10, 0xa3, 0x10, 0xa3, 0x10, 0xa3, 0x10, 0xa3, 0x10, 0xa3, 0x10, 0xa3, 0x10, 0xa3, 0x10, 0xa3, 0x10, 0xa3,
    0x10, 0xa3, 0x10, 0xa3, 0x10, 0xa3, 0x10, 0xa3, 0x10, 0xa3, 0x10, 0xa3, 0x10, 0xa3, 0x10, 0xa3, 0x10, 0xa3, 0x10,
    0xa3, 0x10, 0xa3, 0x10, 0xa3, 0x10, 0xa3, 0x10, 0xa3, 0x10, 0xa3, 0x10, 0xa3, 0x10, 0xa3, 0x10, 0xa3, 0x10, 0xa3,
    0x10, 0xa3, 0x10, 0xa3, 0x10, 0xa3, 0x10, 0xa3, 0x10, 0xa3, 0x10, 0xa3, 0x10, 0xa3, 0x10, 0xa3, 0x10, 0xa3, 0x10,
    0xa3, 0x10, 0xa3, 0x10, 0xa3, 0x10, 0xa3, 0x10, 0xa3, 0x10, 0xa3, 0x10, 0xa3, 0x10, 0xa3, 0x10, 0xa3, 0x10, 0xa3,
    0x10, 0xa3, 0x10, 0xa3, 0x10, 0xa3, 0x10, 0xa3, 0x10, 0xa3, 0x10, 0xa3, 0x10, 0xa3, 0x10, 0xa3, 0x10, 0xa3, 0x10,
    0xa3, 0x10, 0xa3, 0x10, 0xa3, 0x10, 0xa3, 0x10, 0xa3, 0x10, 0xa3, 0x10, 0xa3, 0x10, 0xa3, 0x10, 0xa3, 0x10, 0xa3,
    0x10, 0xa3, 0x10, 0xa3, 0x10, 0xa3, 0x10, 0xa3, 0x10, 0xa3, 0x10, 0xa3, 0x10, 0xa3, 0x10, 0xa3, 0x10, 0xa3, 0x10,
    0xa3, 0x10, 0xa3, 0x10, 0xa3, 0x10, 0xa3, 0x10, 0xa3, 0x10, 0xa3, 0x10, 0xa3, 0x10, 0xa3, 0x10, 0xa3, 0x10, 0xa3,
    0x10, 0xa3, 0x10, 0xa3, 0x10, 0xa3, 0x10, 0xa3, 0x10, 0xa3, 0x10, 0xa3, 0x10, 0xa3, 0x10, 0xa3, 0x10, 0xa3, 0x10,
    0xa3, 0x10, 0xa3, 0x10, 0xa3, 0x10, 0xa3, 0x10, 0xa3, 0x10, 0xa3, 0x10, 0xa3, 0x10, 0xa3, 0x10, 0xa3, 0x10, 0xa3,
    0x10, 0xa3, 0x10, 0xa3, 0x10, 0xa3, 0x10, 0xa3, 0x10, 0xa3, 0x10, 0xa3, 0x10, 0xa3, 0x10, 0xa3, 0x10, 0xa3, 0x10,
    0xa3, 0x10, 0xa3, 0x10, 0xa3, 0x10, 0xa3, 0x10, 0xa3, 0x10, 0xa3, 0x10, 0xa3, 0x10, 0xa3, 0x10, 0xa3, 0x10, 0xa3,
    0x10, 0xa3, 0x10, 0xa3, 0x10, 0xa3, 0x10, 0xa3, 0x10, 0xa3, 0x10, 0xa3, 0x10, 0xa3, 0x10, 0xa3, 0x10, 0xa3, 0x10,
    0xa3, 0x10, 0xa3, 0x10, 0xa3, 0x10, 0xa3, 0x10, 0xa3, 0x10, 0xa3, 0x10, 0xa3, 0x10, 0xa3, 0x10, 0xa3, 0x10, 0xa3,
    0x10, 0xa3, 0x10, 0xa3, 0x10, 0xa3, 0x10, 0xa3, 0x10, 0xa3, 0x10, 0xa3, 0x10, 0xa3, 0x10, 0xa3, 0x10, 0xa3, 0x10,
    0xa3, 0x10, 0xa3, 0x10, 0xa3, 0x10, 0xa3, 0x10, 0xa3, 0x10, 0xa3, 0x10, 0xa3, 0x10, 0xa3, 0x10, 0xa3, 0x10, 0xa3,
    0x10, 0xa3, 0x10, 0xa3, 0x10, 0xa3, 0x10, 0xa3, 0x10, 0xa3, 0x10, 0xa3, 0x10, 0xa3, 0x10, 0xa3, 0x10, 0xa3, 0x10,
    0xa3, 0x10, 0xa3, 0x10, 0xa3, 0x10, 0xa3, 0x10, 0xa3, 0x10, 0xa3, 0x10, 0xa3, 0x10, 0xa3, 0x10, 0xa3, 0x10, 0xa3,
    0x10, 0xa3, 0x10, 0xa3, 0x10, 0xa3, 0x10, 0xa3, 0x10, 0xa3, 0x10, 0xa3, 0x10, 0xa3, 0x10, 0xa3, 0x10, 0xa3, 0x10,
    0xa3, 0x10, 0xa3, 0x10, 0xa3, 0x10, 0xa3, 0x10, 0xa3, 0x10, 0xa3, 0x10, 0xa3, 0x10, 0xa3, 0x10, 0xa3, 0x10, 0xa3,
    0x10, 0xa3, 0x10, 0xa3, 0x10, 0xa3, 0x10, 0xa3, 0x10, 0xa3, 0x10, 0xa3, 0x10, 0xa3, 0x10, 0xa3, 0x10, 0xa3, 0x10,
    0xa3, 0x10, 0xa3, 0x10, 0xa3, 0x10, 0xa3, 0x10, 0xa3, 0x10, 0xa3, 0x10, 0xa3, 0x10, 0xa3, 0x10, 0xa3, 0x10, 0xa3,
    0x10, 0xa3, 0x10, 0xa3, 0x10, 0xa3, 0x10, 0xa3, 0x10, 0xa3, 0x10, 0xa3, 0x10, 0xa3, 0x10, 0xa3, 0x10, 0xa3, 0x10,
    0xa3, 0x10, 0xa3, 0x10, 0xa3, 0x10, 0xa3, 0x10, 0xa3, 0x10, 0xa3, 0x10, 0xa3, 0x10, 0xa3, 0x10, 0xa3, 0x10, 0xa3,
    0x10, 0xa3, 0x10, 0xa3, 0x10, 0xa3, 0x10, 0xa3, 0x10, 0xa3, 0x10, 0xa3, 0x10, 0xa3, 0x10, 0xa3, 0x10, 0xa3, 0x10,
    0xa3, 0x10, 0xa3, 0x10, 0xa3, 0x10, 0xa3, 0x10, 0xa3, 0x10, 0xa3, 0x10, 0xa3, 0x10, 0xa3, 0x10, 0xa3, 0x10, 0xa3,
    0x10, 0xa3, 0x10, 0xa3, 0x10, 0xa3, 0x10, 0xa3, 0x10, 0xa3, 0x10, 0xa3, 0x10, 0xa3, 0x10, 0xa3, 0x10, 0xa3, 0x10,
    0xa3, 0x10, 0xa3, 0x10, 0xa3, 0x10, 0xa3, 0x10, 0xa3, 0x10, 0xa3, 0x10, 0xa3, 0x10, 0xa3, 0x10, 0xa3, 0x10, 0xa3,
    0x10, 0xa3, 0x10, 0xa3, 0x10, 0xa3, 0x10, 0xa3, 0x10, 0xa3, 0x10, 0xa3, 0x10, 0xa3, 0x10, 0xa3, 0x10, 0xa3, 0x10,
    0xa3, 0x10, 0xa3, 0x10, 0xa3, 0x10, 0xa3, 0x10, 0xa3, 0x10, 0xa3, 0x10, 0xa3, 0x10, 0xa3, 0x10, 0xa3, 0x10, 0xa3,
    0x10, 0xa3, 0x10, 0xa3, 0x10, 0xa3, 0x10, 0xa3, 0x10, 0xa3, 0x10, 0xa3, 0x10, 0xa3, 0x10, 0xa3, 0x10, 0xa3, 0x10,
    0xa3, 0x10, 0xa3, 0x10, 0xa3, 0x10, 0xa3, 0x10, 0xa3, 0x10, 0xa3, 0x10, 0xa3, 0x10, 0xa3, 0x10, 0xa3, 0x10, 0xa3,
    0x10, 0xa3, 0x10, 0xa3, 0x10, 0xa3, 0x10, 0xa3, 0x10, 0xa3, 0x10, 0xa3, 0x10, 0xa3, 0x10, 0xa3, 0x10, 0xa3, 0x10,
    0xa3, 0x10, 0xa3, 0x10, 0xa3, 0x10, 0xa3, 0x10, 0xa3, 0x10, 0xa3, 0x10, 0xa3, 0x10, 0xa3, 0x10, 0xa3, 0x10, 0xa3,
    0x10, 0xa3, 0x10, 0xa3, 0x10, 0xa3, 0x10, 0xa3, 0x10, 0xa3, 0x10, 0xa3, 0x10, 0xa3, 0x10, 0xa3, 0x10, 0xa3, 0x10,
    0xa3, 0x10, 0xa3, 0x10, 0xa3, 0x10, 0xa3, 0x10, 0xa3, 0x10, 0xa3, 0x10, 0xa3, 0x10, 0xa3, 0x10, 0xa3, 0x10, 0xa3,
    0x10, 0xa3, 0x10, 0xa3, 0x10, 0xa3, 0x10, 0xa3, 0x10, 0xa3, 0x10, 0xa3, 0x10, 0xa3, 0x10, 0xa3, 0x10, 0xa3, 0x10,
    0xa3, 0x10, 0xa3, 0x10, 0xa3, 0x10, 0xa3, 0x10, 0xa3, 0x10, 0xa3, 0x10, 0xa3, 0x10, 0xa3, 0x10, 0xa3, 0x10, 0xa3,
    0x10, 0xa3, 0x10, 0xa3, 0x10, 0xa3, 0x10, 0xa3, 0x10, 0xa3, 0x10, 0xa3, 0x10, 0xa3, 0x10, 0xa3, 0x10, 0xa3, 0x10,
    0xa3, 0x10, 0xa3, 0x10, 0xa3, 0x10, 0xa3, 0x10, 0xa3, 0x10, 0xa3, 0x10, 0xa3, 0x10, 0xa3, 0x10, 0xa3, 0x10, 0xa3,
    0x10, 0xa3, 0x10, 0xa3, 0x10, 0xa3, 0x10, 0xa3, 0x10, 0xa3, 0x10, 0xa3, 0x10, 0xa3, 0x10, 0xa3, 0x10, 0xa3, 0x10,
    0xa3, 0x10, 0xa3, 0x10, 0xa3, 0x10, 0xa3, 0x10, 0xa3, 0x10, 0xa3, 0x10, 0xa3, 0x10, 0xa3, 0x10, 0xa3, 0x10, 0xa3,
    0x10, 0xa3, 0x10, 0xa3, 0x10, 0xa3, 0x10, 0xa3, 0x10, 0xa3, 0x10, 0xa3, 0x10, 0xa3, 0x10, 0xa3, 0x10, 0xa3, 0x10,
    0xa3, 0x10, 0xa3, 0x10, 0xa3, 0x10, 0xa3, 0x10, 0xa3, 0x10, 0xa3, 0x10, 0xa3, 0x10, 0xa3, 0x10, 0xa3, 0x10, 0xa3,
    0x10, 0xa3, 0x10, 0xa3, 0x10, 0xa3, 0x10, 0xa3, 0x10, 0xa3, 0x10, 0xa3, 0x10, 0xa3, 0x10, 0xa3, 0x10, 0xa3, 0x10,
    0xa3, 0x10, 0xa3, 0x10, 0xa3, 0x10, 0xa3, 0x10, 0xa3, 0x10, 0xa3, 0x10, 0xa3, 0x10, 0xa3, 0x10, 0xa3, 0x10, 0xa3,
    0x10, 0xa3, 0x10, 0xa3, 0x10, 0xa3, 0x10, 0xa3, 0x10, 0xa3, 0x10, 0xa3, 0x10, 0xa3, 0x10, 0xa3, 0x10, 0xa3, 0x10,
    0xa3, 0x10, 0xa3, 0x10, 0xa3, 0x10, 0xa3, 0x10, 0xa3, 0x10, 0xa3, 0x10, 0xa3, 0x10, 0xa3, 0x10, 0xa3, 0x10, 0xa3,
    0x10, 0xa3, 0x10, 0xa3, 0x10, 0xa3, 0x10, 0xa3, 0x10, 0xa3, 0x10, 0xa3, 0x10, 0xa3, 0x10, 0xa3, 0x10, 0xa3, 0x10,
    0xa3, 0x10, 0xa3, 0x10, 0xa3, 0x10, 0xa3, 0x10, 0xa3, 0x10, 0xa3, 0x10, 0xa3, 0x10, 0xa3, 0x10, 0xa3, 0x10, 0xa3,
    0x10, 0xa3, 0x10, 0xa3, 0x10, 0xa3, 0x10, 0xa3, 0x10, 0xa3, 0x10, 0xa3, 0x10, 0xa3, 0x10, 0xa3, 0x10, 0xa3, 0x10,
    0xa3, 0x10, 0xa3, 0x10, 0xa3, 0x10, 0xa3, 0x10, 0xa3, 0x10, 0xa3, 0x10, 0xa3, 0x10, 0xa3, 0x10, 0xa3, 0x10, 0xa3,
    0x10, 0xa3, 0x10, 0xa3, 0x10, 0xa3, 0x10, 0xa3, 0x10, 0xa3, 0x10, 0xa3, 0x10, 0xa3, 0x10, 0xa3, 0x10, 0xa3, 0x10,
    0xa3, 0x10, 0xa3, 0x10, 0xa3, 0x10, 0xa3, 0x10, 0xa3, 0x10, 0xa3, 0x10, 0xa3, 0x10, 0xa3, 0x10, 0xa3, 0x10, 0xa3,
    0x10, 0xa3, 0x10, 0xa3, 0x10, 0xa3, 0x10, 0xa3, 0x10, 0xa3, 0x10, 0xa3, 0x10, 0xa3, 0x10, 0xa3, 0x10, 0xa3, 0x10,
    0xa3, 0x10, 0xa3, 0x10, 0xa3, 0x10, 0xa3, 0x10, 0xa3, 0x10, 0xa3, 0x10, 0xa3, 0x10, 0xa3, 0x10, 0xa3, 0x10, 0xa3,
    0x10, 0xa3, 0x10, 0xa3, 0x10, 0xa3, 0x10, 0xa3, 0x10, 0xa3, 0x10, 0xa3, 0x10, 0xa3, 0x10, 0xa3, 0x10, 0xa3, 0x10,
    0xa3, 0x10, 0xa3, 0x10, 0xa3, 0x10, 0xa3, 0x10, 0xa3, 0x10, 0xa3, 0x10, 0xa3, 0x10, 0xa3, 0x10, 0xa3, 0x10, 0xa3,
    0x10, 0xa3, 0x10, 0xa3, 0x10, 0xa3, 0x10, 0xa3, 0x10, 0xa3, 0x10, 0xa3, 0x10, 0xa3, 0x10, 0xa3, 0x10, 0xa3, 0x10,
    0xa3, 0x10, 0xa3, 0x10, 0xa3, 0x10, 0xa3, 0x10, 0xa3, 0x10, 0xa3, 0x10, 0xa3, 0x10, 0xa3, 0x10, 0xa3, 0x10, 0xa3,
    0x10, 0xa3, 0x10, 0xa3, 0x10, 0xa3, 0x10, 0xa3, 0x10, 0xa3, 0x10, 0xa3, 0x10, 0xa3, 0x10, 0xa3, 0x10, 0xa3, 0x10,
    0xa3, 0x10, 0xa3, 0x10, 0xa3, 0x10, 0xa3, 0x10, 0xa3, 0x10, 0xa3, 0x10, 0xa3, 0x10, 0xa3, 0x10, 0xa3, 0x10, 0xa3,
    0x10, 0xa3, 0x10, 0xa3, 0x10, 0xa3, 0x10, 0xa3, 0x10, 0xa3, 0x10, 0xa3, 0x10, 0xa3, 0x10, 0xa3, 0x10, 0xa3, 0x10,
    0xa3, 0x10, 0xa3, 0x10, 0xa3, 0x10, 0xa3, 0x10, 0xa3, 0x10, 0xa3, 0x10, 0xa3, 0x10, 0xa3, 0x10, 0xa3, 0x10, 0xa3,
    0x10, 0xa3, 0x10, 0xa3, 0x10, 0xa3, 0x10, 0xa3, 0x10, 0xa3, 0x10, 0xa3, 0x10, 0xa3, 0x10, 0xa3, 0x10, 0xa3, 0x10,
    0xa3, 0x10, 0xa3, 0x10, 0xa3, 0x10, 0xa3, 0x10, 0xa3, 0x10, 0xa3, 0x10, 0xa3, 0x10, 0xa3, 0x10, 0xa3, 0x10, 0xa3,
    0x10, 0xa3, 0x10, 0xa3, 0x10, 0xa3, 0x10, 0xa3, 0x10, 0xa3, 0x10, 0xa3, 0x10, 0xa3, 0x10, 0xa3, 0x10, 0xa3, 0x10,
    0xa3, 0x10, 0xa3, 0x10, 0xa3, 0x10, 0xa3, 0x10, 0xa3, 0x10, 0xa3, 0x10, 0xa3, 0x10, 0xa3, 0x10, 0xa3, 0x10, 0xa3,
    0x10, 0xa3, 0x10, 0xa3, 0x10, 0xa3, 0x10, 0xa3, 0x10, 0xa3, 0x10, 0xa3, 0x10, 0xa3, 0x10, 0xa3, 0x10, 0xa3, 0x10,
    0xa3, 0x10, 0xa3, 0x10, 0xa3, 0x10, 0xa3, 0x10, 0xa3, 0x10, 0xa3, 0x10, 0xa3, 0x10, 0xa3, 0x10, 0xa3, 0x10, 0xa3,
    0x10, 0xa3, 0x10, 0xa3, 0x10, 0xa3, 0x10, 0xa3, 0x10, 0xa3, 0x10, 0xa3, 0x10, 0xa3, 0x10, 0xa3, 0x10, 0xa3, 0x10,
    0xa3, 0x10, 0xa3, 0x10, 0xa3, 0x10, 0xa3, 0x10, 0xa3, 0x10, 0xa3, 0x10, 0xa3, 0x10, 0xa3, 0x10, 0xa3, 0x10, 0xa3,
    0x10, 0xa3, 0x10, 0xa3, 0x10, 0xa3, 0x10, 0xa3, 0x10, 0xa3, 0x10, 0xa3, 0x10, 0xa3, 0x10, 0xa3, 0x10, 0xa3, 0x10,
    0xa3, 0x10, 0xa3, 0x10, 0xa3, 0x10, 0xa3, 0x10, 0xa3, 0x10,
};

const lv_image_dsc_t icon_moments = {
    .header.cf    = LV_COLOR_FORMAT_RGB565,
    .header.magic = LV_IMAGE_HEADER_MAGIC,
    .header.w     = 200,
    .header.h     = 200,
    .data_size    = 40000 * 2,
    .data         = icon_moments_map,
};
